enum	item	value	flags
AccessModifierType	Allow	0	
AccessModifierType	Deny	1	
AccessoryType	Unknown	0	
AccessoryType	Hat	1	
AccessoryType	Hair	2	
AccessoryType	Face	3	
AccessoryType	Neck	4	
AccessoryType	Shoulder	5	
AccessoryType	Front	6	
AccessoryType	Back	7	
AccessoryType	Waist	8	
AccessoryType	TShirt	9	
AccessoryType	Shirt	10	
AccessoryType	Pants	11	
AccessoryType	Jacket	12	
AccessoryType	Sweater	13	
AccessoryType	Shorts	14	
AccessoryType	LeftShoe	15	
AccessoryType	RightShoe	16	
AccessoryType	DressSkirt	17	
AccessoryType	Eyebrow	18	
AccessoryType	Eyelash	19	
ActionOnAutoResumeSync	DontResume	0	
ActionOnAutoResumeSync	KeepStudio	1	
ActionOnAutoResumeSync	KeepLocal	2	
ActionOnStopSync	AlwaysAsk	0	
ActionOnStopSync	KeepLocalFiles	1	
ActionOnStopSync	DeleteLocalFiles	2	
ActionType	Nothing	0	
ActionType	Pause	1	
ActionType	Lose	2	
ActionType	Draw	3	
ActionType	Win	4	
ActivePayerStatus	Unknown	0	
ActivePayerStatus	Never	1	
ActivePayerStatus	Lapsed	2	
ActivePayerStatus	Casual50Percent	3	
ActivePayerStatus	Intermediate35Percent	4	
ActivePayerStatus	Top15Percent	5	
ActuatorRelativeTo	Attachment0	0	
ActuatorRelativeTo	Attachment1	1	
ActuatorRelativeTo	World	2	
ActuatorType	None	0	
ActuatorType	Motor	1	
ActuatorType	Servo	2	
AdAvailabilityResult	IsAvailable	1	
AdAvailabilityResult	DeviceIneligible	2	
AdAvailabilityResult	ExperienceIneligible	3	
AdAvailabilityResult	InternalError	4	
AdAvailabilityResult	NoFill	5	
AdAvailabilityResult	PlayerIneligible	6	
AdAvailabilityResult	PublisherIneligible	7	
AdEventType	VideoLoaded	0	deprecated
AdEventType	VideoRemoved	1	deprecated
AdEventType	UserCompletedVideo	2	deprecated
AdEventType	RewardedAdLoaded	3	deprecated
AdEventType	RewardedAdGrant	4	deprecated
AdEventType	RewardedAdUnloaded	5	deprecated
AdFormat	RewardedVideo	0	
AdShape	HorizontalRectangle	1	
AdTeleportMethod	Undefined	0	
AdTeleportMethod	PortalForward	1	
AdTeleportMethod	InGameMenuBackButton	2	
AdTeleportMethod	UIBackButton	3	
AdUIEventType	AdLabelClicked	0	
AdUIEventType	VolumeButtonClicked	1	
AdUIEventType	FullscreenButtonClicked	2	
AdUIEventType	PlayButtonClicked	3	
AdUIEventType	PauseButtonClicked	4	
AdUIEventType	CloseButtonClicked	5	
AdUIEventType	WhyThisAdClicked	6	
AdUIEventType	PlayEventTriggered	7	
AdUIEventType	PauseEventTriggered	8	
AdUIType	None	0	
AdUIType	Image	1	
AdUIType	Video	2	
AdUnitStatus	Inactive	0	
AdUnitStatus	Active	1	
AdornCullingMode	Automatic	0	
AdornCullingMode	Never	1	
AdornShading	Default	0	
AdornShading	Shaded	1	
AdornShading	XRay	2	
AdornShading	XRayShaded	3	
AdornShading	AlwaysOnTop	4	
AgeCheckStatus	Unchecked	0	
AgeCheckStatus	Checked	1	
AlignType	Parallel	0	deprecated
AlignType	Perpendicular	1	deprecated
AlignType	PrimaryAxisParallel	2	
AlignType	PrimaryAxisPerpendicular	3	
AlignType	PrimaryAxisLookAt	4	
AlignType	AllAxes	5	
AlphaMode	Overlay	0	
AlphaMode	Transparency	1	
AlphaMode	TintMask	2	
AlphaMode	Opaque	3	
AnalyticsCustomFieldKeys	CustomField01	0	
AnalyticsCustomFieldKeys	CustomField02	1	
AnalyticsCustomFieldKeys	CustomField03	2	
AnalyticsEconomyAction	Default	0	
AnalyticsEconomyAction	Acquire	1	
AnalyticsEconomyAction	Spend	2	
AnalyticsEconomyFlowType	Sink	0	
AnalyticsEconomyFlowType	Source	1	
AnalyticsEconomyTransactionType	IAP	0	
AnalyticsEconomyTransactionType	Shop	1	
AnalyticsEconomyTransactionType	Gameplay	2	
AnalyticsEconomyTransactionType	ContextualPurchase	3	
AnalyticsEconomyTransactionType	TimedReward	4	
AnalyticsEconomyTransactionType	Onboarding	5	
AnalyticsLogLevel	Trace	0	
AnalyticsLogLevel	Debug	1	
AnalyticsLogLevel	Information	2	
AnalyticsLogLevel	Warning	3	
AnalyticsLogLevel	Error	4	
AnalyticsLogLevel	Fatal	5	
AnalyticsProgressionStatus	Default	0	
AnalyticsProgressionStatus	Begin	1	
AnalyticsProgressionStatus	Complete	2	
AnalyticsProgressionStatus	Abandon	3	
AnalyticsProgressionStatus	Fail	4	
AnalyticsProgressionType	Custom	0	
AnalyticsProgressionType	Start	1	
AnalyticsProgressionType	Fail	2	
AnalyticsProgressionType	Complete	3	
AnimatedImagePlaybackState	Begin	0	
AnimatedImagePlaybackState	Playing	1	
AnimatedImagePlaybackState	Paused	2	
AnimatedImagePlaybackState	Completed	3	
AnimatedImagePlaybackState	Canceled	4	
AnimatedImageScaleType	Stretch	0	
AnimatedImageScaleType	Tile	1	
AnimatedImageScaleType	Fit	2	
AnimatedImageScaleType	Crop	3	
AnimationClipFromVideoStatus	Initializing	0	
AnimationClipFromVideoStatus	Pending	1	
AnimationClipFromVideoStatus	Processing	2	
AnimationClipFromVideoStatus	ErrorGeneric	4	
AnimationClipFromVideoStatus	Success	6	
AnimationClipFromVideoStatus	ErrorVideoTooLong	7	
AnimationClipFromVideoStatus	ErrorNoPersonDetected	8	
AnimationClipFromVideoStatus	ErrorVideoUnstable	9	
AnimationClipFromVideoStatus	Timeout	10	
AnimationClipFromVideoStatus	Cancelled	11	
AnimationClipFromVideoStatus	ErrorMultiplePeople	12	
AnimationClipFromVideoStatus	ErrorUploadingVideo	2001	
AnimationNodeBlend2DInputMode	Cartesian	0	
AnimationNodeBlend2DInputMode	Polar	1	
AnimationNodeBlendMode	Over	0	
AnimationNodeBlendMode	Add	1	
AnimationNodeBlendMode	Subtract	2	
AnimationNodeInterruptible	Always	0	
AnimationNodeInterruptible	Finished	1	
AnimationNodeInterruptible	Trigger	2	
AnimationNodePhaseSync	Synced	0	
AnimationNodePhaseSync	Unsynced	1	
AnimationNodePlayMode	Loop	0	
AnimationNodePlayMode	PingPong	1	
AnimationNodePlayMode	OnceAndHold	2	
AnimationNodePlayMode	OnceAndReset	3	
AnimationNodeTransitionType	CrossFade	0	
AnimationNodeTransitionType	InertialBlend	1	
AnimationNodeTransitionType	DeadBlend	2	
AnimationNodeTransitionWhen	Finished	0	
AnimationNodeTransitionWhen	BeforeFinished	1	
AnimationNodeType	InvalidNode	0	
AnimationNodeType	AddNode	1	
AnimationNodeType	OverNode	2	
AnimationNodeType	Blend1DNode	3	
AnimationNodeType	Blend2DNode	4	
AnimationNodeType	ClipNode	5	
AnimationNodeType	GraphOutput	6	
AnimationNodeType	MaskNode	7	
AnimationNodeType	PrioritySelectNode	8	
AnimationNodeType	RandomSequenceNode	9	
AnimationNodeType	SelectNode	10	
AnimationNodeType	SequenceNode	11	
AnimationNodeType	SpeedNode	12	
AnimationNodeType	SubtractNode	13	
AnimationNodeType	OneShotNode	14	
AnimationNodeType	StateMachineNode	16	
AnimationNodeWaitFor	Finished	0	
AnimationNodeWaitFor	Trigger	1	
AnimationPriority	Idle	0	
AnimationPriority	Movement	1	
AnimationPriority	Action	2	
AnimationPriority	Action2	3	
AnimationPriority	Action3	4	
AnimationPriority	Action4	5	
AnimationPriority	Core	1000	
AnimationValueNodeType	Invalid	0	
AnimationValueNodeType	Expression	1	
AnimatorRetargetingMode	Default	0	
AnimatorRetargetingMode	Disabled	1	
AnimatorRetargetingMode	Enabled	2	
AnnotationChannelContentPreference	None	0	
AnnotationChannelContentPreference	All	1	
AnnotationChannelContentPreference	Unknown	2	
AnnotationEditingMode	None	0	
AnnotationEditingMode	PlacingNew	1	
AnnotationEditingMode	WritingNew	2	
AnnotationPlaceContentPreference	None	0	
AnnotationPlaceContentPreference	All	1	
AnnotationPlaceContentPreference	MentionsAndReplies	2	
AnnotationPlaceContentPreference	Unknown	3	
AnnotationRequestStatus	Success	0	
AnnotationRequestStatus	Loading	1	
AnnotationRequestStatus	ErrorInternalFailure	2	
AnnotationRequestStatus	ErrorNotFound	3	
AnnotationRequestStatus	ErrorModerated	4	
AnnotationRequestType	Unknown	0	
AnnotationRequestType	Create	1	
AnnotationRequestType	Resolve	2	
AnnotationRequestType	Delete	3	
AnnotationRequestType	Edit	4	
AntiAliasing	Disabled	0	
AntiAliasing	Enabled	1	
AppLifecycleManagerState	Detached	0	
AppLifecycleManagerState	Active	1	
AppLifecycleManagerState	Inactive	2	
AppLifecycleManagerState	Hidden	3	
AppShellActionType	None	0	
AppShellActionType	OpenApp	1	
AppShellActionType	TapChatTab	2	
AppShellActionType	TapConversationEntry	3	
AppShellActionType	TapAvatarTab	4	
AppShellActionType	ReadConversation	5	
AppShellActionType	TapGamePageTab	6	
AppShellActionType	TapHomePageTab	7	
AppShellActionType	GamePageLoaded	8	
AppShellActionType	HomePageLoaded	9	
AppShellActionType	AvatarEditorPageLoaded	10	
AppShellActionType	HomePageInteractive	11	
AppShellFeature	None	0	
AppShellFeature	Chat	1	
AppShellFeature	AvatarEditor	2	
AppShellFeature	GamePage	3	
AppShellFeature	HomePage	4	
AppShellFeature	More	5	
AppShellFeature	Landing	6	
AppShellFeature	WatchPage	7	
AppUpdateStatus	Unknown	0	
AppUpdateStatus	NotSupported	1	
AppUpdateStatus	Failed	2	
AppUpdateStatus	NotAvailable	3	
AppUpdateStatus	Available	4	
AppUpdateStatus	AvailableBoundChannel	5	
AppUpdateStatus	AvailableBetaProgram	6	
ApplyShadowMode	Shape	0	
ApplyShadowMode	Text	1	
ApplyStrokeMode	Contextual	0	
ApplyStrokeMode	Border	1	
AspectType	FitWithinMaxSize	0	
AspectType	ScaleWithParentSize	1	
AssetCreatorType	User	0	
AssetCreatorType	Group	1	
AssetFetchStatus	Success	0	
AssetFetchStatus	Failure	1	
AssetFetchStatus	None	2	
AssetFetchStatus	Loading	3	
AssetFetchStatus	TimedOut	4	
AssetRepresentation	FullLength	0	
AssetRepresentation	ShortPreview	1	
AssetType	Image	1	
AssetType	TShirt	2	
AssetType	Audio	3	
AssetType	Mesh	4	
AssetType	Lua	5	
AssetType	Hat	8	
AssetType	Place	9	
AssetType	Model	10	
AssetType	Shirt	11	
AssetType	Pants	12	
AssetType	Decal	13	
AssetType	Head	17	
AssetType	Face	18	
AssetType	Gear	19	
AssetType	Badge	21	
AssetType	Animation	24	
AssetType	Torso	27	
AssetType	RightArm	28	
AssetType	LeftArm	29	
AssetType	LeftLeg	30	
AssetType	RightLeg	31	
AssetType	Package	32	
AssetType	GamePass	34	
AssetType	Plugin	38	
AssetType	MeshPart	40	
AssetType	HairAccessory	41	
AssetType	FaceAccessory	42	
AssetType	NeckAccessory	43	
AssetType	ShoulderAccessory	44	
AssetType	FrontAccessory	45	
AssetType	BackAccessory	46	
AssetType	WaistAccessory	47	
AssetType	ClimbAnimation	48	
AssetType	DeathAnimation	49	
AssetType	FallAnimation	50	
AssetType	IdleAnimation	51	
AssetType	JumpAnimation	52	
AssetType	RunAnimation	53	
AssetType	SwimAnimation	54	
AssetType	WalkAnimation	55	
AssetType	PoseAnimation	56	
AssetType	EarAccessory	57	
AssetType	EyeAccessory	58	
AssetType	EmoteAnimation	61	
AssetType	Video	62	
AssetType	TShirtAccessory	64	
AssetType	ShirtAccessory	65	
AssetType	PantsAccessory	66	
AssetType	JacketAccessory	67	
AssetType	SweaterAccessory	68	
AssetType	ShortsAccessory	69	
AssetType	LeftShoeAccessory	70	
AssetType	RightShoeAccessory	71	
AssetType	DressSkirtAccessory	72	
AssetType	FontFamily	73	
AssetType	EyebrowAccessory	76	
AssetType	EyelashAccessory	77	
AssetType	MoodAnimation	78	
AssetType	DynamicHead	79	
AssetType	FaceMakeup	88	
AssetType	LipMakeup	89	
AssetType	EyeMakeup	90	
AssetType	AvatarBackground	92	
AssetType	TextDocument	93	
AssetTypeVerification	Default	1	
AssetTypeVerification	ClientOnly	2	
AssetTypeVerification	Always	3	
AudioApiRollout	Disabled	0	
AudioApiRollout	Automatic	1	
AudioApiRollout	Enabled	2	
AudioChannelLayout	Mono	0	
AudioChannelLayout	Stereo	1	
AudioChannelLayout	Quad	2	
AudioChannelLayout	Surround_5	3	
AudioChannelLayout	Surround_5_1	4	
AudioChannelLayout	Surround_7_1	5	
AudioChannelLayout	Surround_7_1_4	6	
AudioFilterType	Peak	0	
AudioFilterType	LowShelf	1	
AudioFilterType	HighShelf	2	
AudioFilterType	Lowpass12dB	3	
AudioFilterType	Lowpass24dB	4	
AudioFilterType	Lowpass48dB	5	
AudioFilterType	Highpass12dB	6	
AudioFilterType	Highpass24dB	7	
AudioFilterType	Highpass48dB	8	
AudioFilterType	Bandpass	9	
AudioFilterType	Notch	10	
AudioFilterType	Lowpass6dB	11	
AudioPositionType	Parent	0	
AudioPositionType	Instance	1	
AudioSampleFormat	Int16	0	
AudioSampleFormat	Float32	1	
AudioSimulationFidelity	None	0	
AudioSimulationFidelity	Automatic	1	
AudioSubType	Music	1	
AudioSubType	SoundEffect	2	
AudioWindowSize	Small	0	
AudioWindowSize	Medium	1	
AudioWindowSize	Large	2	
AuthorityMode	Server	0	
AuthorityMode	Automatic	1	
AutoIndentRule	Off	0	
AutoIndentRule	Absolute	1	
AutoIndentRule	Relative	2	
AutomaticSize	None	0	
AutomaticSize	X	1	
AutomaticSize	Y	2	
AutomaticSize	XY	3	
AvatarAssetType	TShirt	2	
AvatarAssetType	Hat	8	
AvatarAssetType	Shirt	11	
AvatarAssetType	Pants	12	
AvatarAssetType	Head	17	
AvatarAssetType	Face	18	
AvatarAssetType	Gear	19	
AvatarAssetType	Torso	27	
AvatarAssetType	RightArm	28	
AvatarAssetType	LeftArm	29	
AvatarAssetType	LeftLeg	30	
AvatarAssetType	RightLeg	31	
AvatarAssetType	HairAccessory	41	
AvatarAssetType	FaceAccessory	42	
AvatarAssetType	NeckAccessory	43	
AvatarAssetType	ShoulderAccessory	44	
AvatarAssetType	FrontAccessory	45	
AvatarAssetType	BackAccessory	46	
AvatarAssetType	WaistAccessory	47	
AvatarAssetType	ClimbAnimation	48	
AvatarAssetType	FallAnimation	50	
AvatarAssetType	IdleAnimation	51	
AvatarAssetType	JumpAnimation	52	
AvatarAssetType	RunAnimation	53	
AvatarAssetType	SwimAnimation	54	
AvatarAssetType	WalkAnimation	55	
AvatarAssetType	EmoteAnimation	61	
AvatarAssetType	TShirtAccessory	64	
AvatarAssetType	ShirtAccessory	65	
AvatarAssetType	PantsAccessory	66	
AvatarAssetType	JacketAccessory	67	
AvatarAssetType	SweaterAccessory	68	
AvatarAssetType	ShortsAccessory	69	
AvatarAssetType	LeftShoeAccessory	70	
AvatarAssetType	RightShoeAccessory	71	
AvatarAssetType	DressSkirtAccessory	72	
AvatarAssetType	EyebrowAccessory	76	
AvatarAssetType	EyelashAccessory	77	
AvatarAssetType	MoodAnimation	78	
AvatarAssetType	DynamicHead	79	
AvatarAssetType	FaceMakeup	88	
AvatarAssetType	LipMakeup	89	
AvatarAssetType	EyeMakeup	90	
AvatarAssetType	AvatarBackground	92	
AvatarChatServiceFeature	None	0	
AvatarChatServiceFeature	UniverseAudio	1	
AvatarChatServiceFeature	UniverseVideo	2	
AvatarChatServiceFeature	PlaceAudio	4	
AvatarChatServiceFeature	PlaceVideo	8	
AvatarChatServiceFeature	UserAudioEligible	16	
AvatarChatServiceFeature	UserAudio	32	
AvatarChatServiceFeature	UserVideoEligible	64	
AvatarChatServiceFeature	UserVideo	128	
AvatarChatServiceFeature	UserBanned	256	
AvatarChatServiceFeature	UserVerifiedForVoice	512	
AvatarContextMenuOption	Friend	0	
AvatarContextMenuOption	Chat	1	
AvatarContextMenuOption	Emote	2	
AvatarContextMenuOption	InspectMenu	3	
AvatarGenerationError	None	0	
AvatarGenerationError	Unknown	1	
AvatarGenerationError	DownloadFailed	2	
AvatarGenerationError	Canceled	3	
AvatarGenerationError	Offensive	4	
AvatarGenerationError	Timeout	5	
AvatarGenerationError	JobNotFound	6	
AvatarItemType	Asset	1	
AvatarItemType	Bundle	2	
AvatarPromptResult	Success	1	
AvatarPromptResult	PermissionDenied	2	
AvatarPromptResult	Failed	3	
AvatarSettingsAccessoryLimitMethod	Scale	0	
AvatarSettingsAccessoryLimitMethod	Remove	1	
AvatarSettingsAccessoryLimitMethod	PreviewScale	2	
AvatarSettingsAccessoryLimitMethod	PreviewRemove	3	
AvatarSettingsAccessoryMode	PlayerChoice	0	
AvatarSettingsAccessoryMode	CustomLimit	1	
AvatarSettingsAnimationClipsMode	PlayerChoice	0	
AvatarSettingsAnimationClipsMode	CustomClips	1	
AvatarSettingsAnimationPacksMode	PlayerChoice	0	
AvatarSettingsAnimationPacksMode	StandardR15	1	
AvatarSettingsAnimationPacksMode	StandardR6	2	
AvatarSettingsAppearanceMode	PlayerChoice	0	
AvatarSettingsAppearanceMode	CustomParts	1	
AvatarSettingsAppearanceMode	CustomBody	2	
AvatarSettingsBuildMode	PlayerChoice	0	
AvatarSettingsBuildMode	CustomBuild	1	
AvatarSettingsCharacterControllerMode	LegacyHumanoid	0	
AvatarSettingsCharacterControllerMode	LuaCharacterController	1	
AvatarSettingsClothingMode	PlayerChoice	0	
AvatarSettingsClothingMode	CustomLimit	1	
AvatarSettingsCollisionMode	Default	0	
AvatarSettingsCollisionMode	SingleCollider	1	
AvatarSettingsCollisionMode	Legacy	2	
AvatarSettingsCustomAccessoryMode	PlayerChoice	0	
AvatarSettingsCustomAccessoryMode	CustomAccessories	1	
AvatarSettingsCustomBodyType	AvatarReference	0	
AvatarSettingsCustomBodyType	BundleId	1	
AvatarSettingsCustomClothingMode	PlayerChoice	0	
AvatarSettingsCustomClothingMode	CustomClothing	1	
AvatarSettingsHitAndTouchDetectionMode	UseParts	0	
AvatarSettingsHitAndTouchDetectionMode	UseCollider	1	
AvatarSettingsJumpMode	JumpHeight	0	
AvatarSettingsJumpMode	JumpPower	1	
AvatarSettingsLegacyCollisionMode	R6Colliders	0	
AvatarSettingsLegacyCollisionMode	InnerBoxColliders	1	
AvatarSettingsScaleMode	PlayerChoice	0	
AvatarSettingsScaleMode	CustomScale	1	
AvatarThumbnailCustomizationType	Closeup	1	
AvatarThumbnailCustomizationType	FullBody	2	
AvatarUnificationMode	Default	0	
AvatarUnificationMode	Disabled	1	
AvatarUnificationMode	Enabled	2	
Axis	X	0	
Axis	Y	1	
Axis	Z	2	
BasicMeshPartShape	Capsule	5	
BasicMeshPartShape	Cone	6	
BasicMeshPartShape	RoundedBox	7	
BenefitType	DeveloperProduct	0	
BenefitType	AvatarAsset	1	
BenefitType	AvatarBundle	2	
BinType	Script	0	
BinType	GameTool	1	
BinType	Grab	2	
BinType	Clone	3	
BinType	Hammer	4	
BodyPart	Head	0	
BodyPart	Torso	1	
BodyPart	LeftArm	2	
BodyPart	RightArm	3	
BodyPart	LeftLeg	4	
BodyPart	RightLeg	5	
BodyPartR15	Head	0	
BodyPartR15	UpperTorso	1	
BodyPartR15	LowerTorso	2	
BodyPartR15	LeftFoot	3	
BodyPartR15	LeftLowerLeg	4	
BodyPartR15	LeftUpperLeg	5	
BodyPartR15	RightFoot	6	
BodyPartR15	RightLowerLeg	7	
BodyPartR15	RightUpperLeg	8	
BodyPartR15	LeftHand	9	
BodyPartR15	LeftLowerArm	10	
BodyPartR15	LeftUpperArm	11	
BodyPartR15	RightHand	12	
BodyPartR15	RightLowerArm	13	
BodyPartR15	RightUpperArm	14	
BodyPartR15	RootPart	15	
BodyPartR15	Unknown	17	
BorderMode	Outline	0	
BorderMode	Middle	1	
BorderMode	Inset	2	
BorderStrokePosition	Outer	0	
BorderStrokePosition	Center	1	
BorderStrokePosition	Inner	2	
BranchStatus	Draft	0	
BranchStatus	ReadyToMerge	1	
BranchStatus	Merged	2	
BranchStatus	Archived	3	
BreakReason	Other	0	
BreakReason	Error	1	
BreakReason	SpecialBreakpoint	2	
BreakReason	UserBreakpoint	3	
BreakpointRemoveReason	Requested	0	
BreakpointRemoveReason	ScriptChanged	1	
BreakpointRemoveReason	ScriptRemoved	2	
BulkMoveMode	FireAllEvents	0	
BulkMoveMode	FireCFrameChanged	1	
BundleType	BodyParts	1	
BundleType	Animations	2	
BundleType	Shoes	3	
BundleType	DynamicHead	4	
BundleType	DynamicHeadAvatar	5	
Button	Dismount	8	
Button	Jump	32	
ButtonStyle	Custom	0	
ButtonStyle	RobloxButtonDefault	1	
ButtonStyle	RobloxButton	2	
ButtonStyle	RobloxRoundButton	3	
ButtonStyle	RobloxRoundDefaultButton	4	
ButtonStyle	RobloxRoundDropdownButton	5	
CageType	Inner	0	
CageType	Outer	1	
CameraMode	Classic	0	
CameraMode	LockFirstPerson	1	
CameraNavigationModel	Roblox	0	
CameraNavigationModel	IndustryCompatible	1	
CameraPanMode	Classic	0	
CameraPanMode	EdgeBump	1	
CameraSpeedAdjustBinding	None	0	
CameraSpeedAdjustBinding	RmbScroll	1	
CameraSpeedAdjustBinding	AltScroll	2	
CameraType	Fixed	0	
CameraType	Attach	1	
CameraType	Watch	2	
CameraType	Track	3	
CameraType	Follow	4	
CameraType	Custom	5	
CameraType	Scriptable	6	
CameraType	Orbital	7	
CanCollaborateError	Invalid	0	
CanCollaborateError	None	1	
CanCollaborateError	NotAgeVerified	2	
CanCollaborateError	OutsideAgeBucket	3	
CanCollaborateError	TooManyCollaborators	4	
CanCollaborateError	PCBlock	5	
CanCollaborateError	NotFound	6	
CanCollaborateError	OutsideOwnerAgeBucket	7	
CanCollaborateError	NotAuthorized	8	
CanCollaborateError	OutsideAgeBucketTcPc	9	
CanCollaborateError	OtherCollaboratorSettingsPreventTrust	10	
CanCollaborateError	AgeVerificationCountryBlocked	11	
CanCollaborateError	OtherUserCannotCollaborate	12	
CaptureGalleryPermission	ReadAndUpload	0	
CaptureType	Screenshot	1	
CaptureType	Video	2	
CatalogCategoryFilter	None	1	
CatalogCategoryFilter	Featured	2	
CatalogCategoryFilter	Collectibles	3	deprecated
CatalogCategoryFilter	CommunityCreations	4	
CatalogCategoryFilter	Premium	5	
CatalogCategoryFilter	Recommended	6	
CatalogSortAggregation	Past12Hours	1	
CatalogSortAggregation	PastDay	2	
CatalogSortAggregation	Past3Days	3	
CatalogSortAggregation	PastWeek	4	
CatalogSortAggregation	PastMonth	5	
CatalogSortAggregation	AllTime	6	
CatalogSortType	Relevance	1	
CatalogSortType	PriceHighToLow	2	
CatalogSortType	PriceLowToHigh	3	
CatalogSortType	MostFavorited	5	
CatalogSortType	RecentlyCreated	6	
CatalogSortType	Bestselling	7	
CellBlock	Solid	0	
CellBlock	VerticalWedge	1	
CellBlock	CornerWedge	2	
CellBlock	InverseCornerWedge	3	
CellBlock	HorizontalWedge	4	
CellMaterial	Empty	0	
CellMaterial	Grass	1	
CellMaterial	Sand	2	
CellMaterial	Brick	3	
CellMaterial	Granite	4	
CellMaterial	Asphalt	5	
CellMaterial	Iron	6	
CellMaterial	Aluminum	7	
CellMaterial	Gold	8	
CellMaterial	WoodPlank	9	
CellMaterial	WoodLog	10	
CellMaterial	Gravel	11	
CellMaterial	CinderBlock	12	
CellMaterial	MossyStone	13	
CellMaterial	Cement	14	
CellMaterial	RedPlastic	15	
CellMaterial	BluePlastic	16	
CellMaterial	Water	17	
CellOrientation	NegZ	0	
CellOrientation	X	1	
CellOrientation	Z	2	
CellOrientation	NegX	3	
CenterDialogType	UnsolicitedDialog	1	
CenterDialogType	PlayerInitiatedDialog	2	
CenterDialogType	ModalDialog	3	
CenterDialogType	QuitDialog	4	
CharacterControlMode	Default	0	
CharacterControlMode	Legacy	1	
CharacterControlMode	NoCharacterController	2	
CharacterControlMode	LuaCharacterController	3	
ChatCallbackType	OnCreatingChatWindow	1	
ChatCallbackType	OnClientSendingMessage	2	
ChatCallbackType	OnClientFormattingMessage	3	
ChatCallbackType	OnServerReceivingMessage	17	
ChatColor	Blue	0	
ChatColor	Green	1	
ChatColor	Red	2	
ChatColor	White	3	
ChatMode	Menu	0	
ChatMode	TextAndMenu	1	
ChatPrivacyMode	AllUsers	0	
ChatPrivacyMode	NoOne	1	
ChatPrivacyMode	Friends	2	
ChatRestrictionStatus	Unknown	0	
ChatRestrictionStatus	NotRestricted	1	
ChatRestrictionStatus	Restricted	2	
ChatStyle	Classic	0	
ChatStyle	Bubble	1	
ChatStyle	ClassicAndBubble	2	
ChatVersion	LegacyChatService	0	
ChatVersion	TextChatService	1	
ClientAnimatorThrottlingMode	Default	0	
ClientAnimatorThrottlingMode	Disabled	1	
ClientAnimatorThrottlingMode	Enabled	2	
CloseReason	Unknown	0	
CloseReason	RobloxMaintenance	1	
CloseReason	DeveloperShutdown	2	
CloseReason	DeveloperUpdate	3	
CloseReason	ServerEmpty	4	
CloseReason	OutOfMemory	5	
CloseReason	Moderation	6	
CollaboratorStatus	None	0	
CollaboratorStatus	Editing3D	1	
CollaboratorStatus	Scripting	2	
CollaboratorStatus	PrivateScripting	3	
CollisionFidelity	Default	0	
CollisionFidelity	Hull	1	
CollisionFidelity	Box	2	
CollisionFidelity	PreciseConvexDecomposition	3	
CollisionFidelity	Tunable	4	
CommandPermission	Plugin	0	
CommandPermission	LocalUser	1	
CompileTarget	Client	0	
CompileTarget	CoreScript	1	
CompileTarget	Studio	2	
CompileTarget	CoreScriptRaw	3	
CompletionAcceptanceBehavior	Insert	0	
CompletionAcceptanceBehavior	Replace	1	
CompletionAcceptanceBehavior	ReplaceOnEnterInsertOnTab	2	
CompletionAcceptanceBehavior	InsertOnEnterReplaceOnTab	3	
CompletionItemKind	Text	1	
CompletionItemKind	Method	2	
CompletionItemKind	Function	3	
CompletionItemKind	Constructor	4	
CompletionItemKind	Field	5	
CompletionItemKind	Variable	6	
CompletionItemKind	Class	7	
CompletionItemKind	Interface	8	
CompletionItemKind	Module	9	
CompletionItemKind	Property	10	
CompletionItemKind	Unit	11	
CompletionItemKind	Value	12	
CompletionItemKind	Enum	13	
CompletionItemKind	Keyword	14	
CompletionItemKind	Snippet	15	
CompletionItemKind	Color	16	
CompletionItemKind	File	17	
CompletionItemKind	Reference	18	
CompletionItemKind	Folder	19	
CompletionItemKind	EnumMember	20	
CompletionItemKind	Constant	21	
CompletionItemKind	Struct	22	
CompletionItemKind	Event	23	
CompletionItemKind	Operator	24	
CompletionItemKind	TypeParameter	25	
CompletionItemTag	Deprecated	1	
CompletionItemTag	IncorrectIndexType	2	
CompletionItemTag	PluginPermissions	3	
CompletionItemTag	CommandLinePermissions	4	
CompletionItemTag	RobloxPermissions	5	
CompletionItemTag	AddParens	6	
CompletionItemTag	PutCursorInParens	7	
CompletionItemTag	TypeCorrect	8	
CompletionItemTag	ClientServerBoundaryViolation	9	
CompletionItemTag	Invalidated	10	
CompletionItemTag	PutCursorBeforeEnd	11	
CompletionTriggerKind	Invoked	1	
CompletionTriggerKind	TriggerCharacter	2	
CompletionTriggerKind	TriggerForIncompleteCompletions	3	
CompositeValueCurveType	ColorRGB	0	
CompositeValueCurveType	ColorHSV	1	
CompositeValueCurveType	NumberRange	2	
CompositeValueCurveType	Rect	3	
CompositeValueCurveType	UDim	4	
CompositeValueCurveType	UDim2	5	
CompositeValueCurveType	Vector2	6	
CompositeValueCurveType	Vector3	7	
CompressionAlgorithm	Zstd	0	
ComputerCameraMovementMode	Default	0	
ComputerCameraMovementMode	Classic	1	
ComputerCameraMovementMode	Follow	2	
ComputerCameraMovementMode	Orbital	3	
ComputerCameraMovementMode	CameraToggle	4	
ComputerMovementMode	Default	0	
ComputerMovementMode	KeyboardMouse	1	
ComputerMovementMode	ClickToMove	2	
ConfigSnapshotErrorState	None	0	
ConfigSnapshotErrorState	LoadFailed	1	
ConnectionError	OK	0	
ConnectionError	Unknown	1	
ConnectionError	ConnectErrors	2	
ConnectionError	AlreadyConnected	3	
ConnectionError	NoFreeIncomingConnections	4	
ConnectionError	ConnectionBanned	5	
ConnectionError	InvalidPassword	6	
ConnectionError	IncompatibleProtocolVersion	7	
ConnectionError	IPRecentlyConnected	8	
ConnectionError	OurSystemRequiresSecurity	9	
ConnectionError	SecurityKeyMismatch	10	
ConnectionError	DisconnectErrors	256	
ConnectionError	DisconnectBadhash	257	
ConnectionError	DisconnectSecurityKeyMismatch	258	
ConnectionError	DisconnectProtocolMismatch	259	
ConnectionError	DisconnectReceivePacketError	260	
ConnectionError	DisconnectReceivePacketStreamError	261	
ConnectionError	DisconnectSendPacketError	262	
ConnectionError	DisconnectIllegalTeleport	263	
ConnectionError	DisconnectDuplicatePlayer	264	
ConnectionError	DisconnectDuplicateTicket	265	
ConnectionError	DisconnectTimeout	266	
ConnectionError	DisconnectLuaKick	267	
ConnectionError	DisconnectOnRemoteSysStats	268	
ConnectionError	DisconnectHashTimeout	269	
ConnectionError	DisconnectCloudEditKick	270	
ConnectionError	DisconnectPlayerless	271	
ConnectionError	DisconnectNewSecurityKeyMismatch	272	
ConnectionError	DisconnectEvicted	273	
ConnectionError	DisconnectDevMaintenance	274	
ConnectionError	DisconnectRobloxMaintenance	275	
ConnectionError	DisconnectRejoin	276	
ConnectionError	DisconnectConnectionLost	277	
ConnectionError	DisconnectIdle	278	
ConnectionError	DisconnectRaknetErrors	279	
ConnectionError	DisconnectWrongVersion	280	
ConnectionError	DisconnectBySecurityPolicy	281	
ConnectionError	DisconnectBlockedIP	282	
ConnectionError	DisconnectClientFailure	284	
ConnectionError	DisconnectClientRequest	285	
ConnectionError	DisconnectPrivateServerKickout	286	
ConnectionError	DisconnectModeratedGame	287	
ConnectionError	ServerShutdown	288	
ConnectionError	ReplicatorTimeout	290	
ConnectionError	PlayerRemoved	291	
ConnectionError	DisconnectOutOfMemoryKeepPlayingLeave	292	
ConnectionError	DisconnectRomarkEndOfTest	293	
ConnectionError	DisconnectCollaboratorPermissionRevoked	294	
ConnectionError	DisconnectCollaboratorUnderage	295	
ConnectionError	NetworkInternal	296	
ConnectionError	NetworkSend	297	
ConnectionError	NetworkTimeout	298	
ConnectionError	NetworkMisbehavior	299	
ConnectionError	NetworkSecurity	300	
ConnectionError	ReplacementReady	301	
ConnectionError	ServerEmpty	302	
ConnectionError	PhantomFreeze	303	
ConnectionError	AndroidAnticheatKick	304	
ConnectionError	AndroidEmulatorKick	305	
ConnectionError	AndroidRootedKick	306	
ConnectionError	ScreentimeLockoutKick	307	
ConnectionError	DisconnectionNotification	308	
ConnectionError	DisconnectVerboselyModeratedGame	309	
ConnectionError	DisconnectCollaboratorNotAgeVerified	310	
ConnectionError	DisconnectCollaboratorTrustedConnectionsRequired	311	
ConnectionError	DisconnectCollaboratorOwnerActionRequired	312	
ConnectionError	DisconnectCollaboratorTooManyCollaborators	313	
ConnectionError	DisconnectCollaboratorUnknownError	314	
ConnectionError	DisconnectCollaboratorRequestedEviction	315	
ConnectionError	DisconnectCollaboratorTrustedConnectionsRequiredPC	316	
ConnectionError	DisconnectRemoteAttestationUnsupported	317	
ConnectionError	DisconnectRemoteAttestationGeneralFailure	318	
ConnectionError	DisconnectRemoteAttestationTimeout	319	
ConnectionError	DisconnectRemoteAttestationOSOutOfDate	320	
ConnectionError	DisconnectRemoteAttestationBootValidationFailure	321	
ConnectionError	PlacelaunchErrors	512	
ConnectionError	PlacelaunchDisabled	515	
ConnectionError	PlacelaunchError	516	
ConnectionError	PlacelaunchGameEnded	517	
ConnectionError	PlacelaunchGameFull	518	
ConnectionError	PlacelaunchUserLeft	522	
ConnectionError	PlacelaunchRestricted	523	
ConnectionError	PlacelaunchUnauthorized	524	
ConnectionError	PlacelaunchFlooded	525	
ConnectionError	PlacelaunchHashExpired	526	
ConnectionError	PlacelaunchHashException	527	
ConnectionError	PlacelaunchPartyCannotFit	528	
ConnectionError	PlacelaunchHttpError	529	
ConnectionError	PlacelaunchUserPrivacyUnauthorized	533	
ConnectionError	PlacelaunchVipOwnerNotPresent	541	
ConnectionError	PlacelaunchAgeVerificationRequired	542	
ConnectionError	PlacelaunchParentalApprovalRequired	543	
ConnectionError	PlacelaunchCoreGated	544	
ConnectionError	PlacelaunchCollaborationCoreGated	545	
ConnectionError	PlacelaunchCreatorBan	600	
ConnectionError	PlacelaunchDeviceBlock	601	
ConnectionError	PlacelaunchCustomMessage	610	
ConnectionError	PlacelaunchOtherError	611	
ConnectionError	TeleportErrors	768	
ConnectionError	TeleportFailure	769	
ConnectionError	TeleportGameNotFound	770	
ConnectionError	TeleportGameEnded	771	
ConnectionError	TeleportGameFull	772	
ConnectionError	TeleportUnauthorized	773	
ConnectionError	TeleportFlooded	774	
ConnectionError	TeleportIsTeleporting	775	
ConnectionError	TransportErrors	1024	
ConnectionError	DisconnectTransportIoError	1025	
ConnectionError	DisconnectTransportIoInternetError	1026	
ConnectionError	DisconnectTransportProtocolError	1027	
ConnectionError	DisconnectTransportNgtcp2Error	1028	
ConnectionError	DisconnectTransportQuicError	1029	
ConnectionError	DisconnectTransportRnaError	1030	
ConnectionState	Connected	0	
ConnectionState	Disconnected	1	
ContentSourceType	None	0	
ContentSourceType	Uri	1	
ContentSourceType	Object	2	
ContentSourceType	Opaque	3	
ContextActionPriority	Low	1000	
ContextActionPriority	Medium	2000	
ContextActionPriority	High	3000	
ContextActionResult	Sink	0	
ContextActionResult	Pass	1	
ControlMode	Classic	0	
ControlMode	MouseLockSwitch	1	
CoreGuiType	PlayerList	0	
CoreGuiType	Health	1	
CoreGuiType	Backpack	2	
CoreGuiType	Chat	3	
CoreGuiType	All	4	
CoreGuiType	EmotesMenu	5	
CoreGuiType	SelfView	6	
CoreGuiType	Captures	7	
CoreGuiType	AvatarSwitcher	8	
CoreGuiType	ExperienceShop	9	
CreateAssetResult	Success	1	
CreateAssetResult	PermissionDenied	2	
CreateAssetResult	UploadFailed	3	
CreateAssetResult	Unknown	4	
CreateContentResult	Success	1	
CreateContentResult	PermissionDenied	2	
CreateContentResult	UploadFailed	3	
CreateContentResult	StorageLimitExceeded	4	
CreateContentResult	Unknown	5	
CreateOutfitFailure	InvalidName	1	
CreateOutfitFailure	OutfitLimitReached	2	
CreateOutfitFailure	Other	3	
CreatorType	User	0	
CreatorType	Group	1	
CreatorTypeFilter	User	0	
CreatorTypeFilter	Group	1	
CreatorTypeFilter	All	2	
CurrencyType	Default	0	
CurrencyType	Robux	1	
CurrencyType	Tix	2	
CustomCameraMode	Default	0	
CustomCameraMode	Classic	1	
CustomCameraMode	Follow	2	
DataModelChangeType	Add	0	
DataModelChangeType	Remove	1	
DataModelChangeType	Modify	2	
DataModelChangeType	AddPackage	3	
DataModelExtractorFileType	PlaceFile	0	
DataModelExtractorFileType	FirstSlice	1	
DataModelExtractorFileType	NonFirstSlice	2	
DataStoreRequestType	GetAsync	0	
DataStoreRequestType	SetIncrementAsync	1	
DataStoreRequestType	UpdateAsync	2	
DataStoreRequestType	GetSortedAsync	3	
DataStoreRequestType	SetIncrementSortedAsync	4	
DataStoreRequestType	OnUpdate	5	
DataStoreRequestType	ListAsync	6	
DataStoreRequestType	GetVersionAsync	7	
DataStoreRequestType	RemoveVersionAsync	8	
DataStoreRequestType	StandardRead	9	
DataStoreRequestType	StandardWrite	10	
DataStoreRequestType	StandardList	11	
DataStoreRequestType	StandardRemove	12	
DataStoreRequestType	OrderedRead	13	
DataStoreRequestType	OrderedWrite	14	
DataStoreRequestType	OrderedList	15	
DataStoreRequestType	OrderedRemove	16	
DebugBreakModeType	Never	0	
DebugBreakModeType	Always	1	
DebugBreakModeType	Unhandled	2	
DebuggerEndReason	ClientRequest	0	
DebuggerEndReason	Timeout	1	
DebuggerEndReason	InvalidHost	2	
DebuggerEndReason	Disconnected	3	
DebuggerEndReason	ServerShutdown	4	
DebuggerEndReason	ServerProtocolMismatch	5	
DebuggerEndReason	ConfigurationFailed	6	
DebuggerEndReason	RpcError	7	
DebuggerExceptionBreakMode	Never	0	
DebuggerExceptionBreakMode	Always	1	
DebuggerExceptionBreakMode	Unhandled	2	
DebuggerFrameType	C	0	
DebuggerFrameType	Lua	1	
DebuggerPauseReason	Unknown	0	
DebuggerPauseReason	Requested	1	
DebuggerPauseReason	Breakpoint	2	
DebuggerPauseReason	Exception	3	
DebuggerPauseReason	SingleStep	4	
DebuggerPauseReason	Entrypoint	5	
DebuggerResumeType	StepInto	0	
DebuggerResumeType	StepOut	1	
DebuggerResumeType	StepOver	2	
DebuggerResumeType	Resume	3	
DebuggerStatus	Success	0	
DebuggerStatus	Timeout	1	
DebuggerStatus	ConnectionLost	2	
DebuggerStatus	InvalidResponse	3	
DebuggerStatus	InternalError	4	
DebuggerStatus	InvalidState	5	
DebuggerStatus	RpcError	6	
DebuggerStatus	InvalidArgument	7	
DebuggerStatus	ConnectionClosed	8	
DefaultScriptSyncFileType	Lua	0	
DefaultScriptSyncFileType	Luau	1	
DevCameraOcclusionMode	Zoom	0	
DevCameraOcclusionMode	Invisicam	1	
DevComputerCameraMovementMode	UserChoice	0	
DevComputerCameraMovementMode	Classic	1	
DevComputerCameraMovementMode	Follow	2	
DevComputerCameraMovementMode	Orbital	3	
DevComputerCameraMovementMode	CameraToggle	4	
DevComputerMovementMode	UserChoice	0	
DevComputerMovementMode	KeyboardMouse	1	
DevComputerMovementMode	ClickToMove	2	
DevComputerMovementMode	Scriptable	3	
DevTouchCameraMovementMode	UserChoice	0	
DevTouchCameraMovementMode	Classic	1	
DevTouchCameraMovementMode	Follow	2	
DevTouchCameraMovementMode	Orbital	3	
DevTouchMovementMode	UserChoice	0	
DevTouchMovementMode	Thumbstick	1	deprecated
DevTouchMovementMode	DPad	2	deprecated
DevTouchMovementMode	Thumbpad	3	deprecated
DevTouchMovementMode	ClickToMove	4	
DevTouchMovementMode	Scriptable	5	
DevTouchMovementMode	DynamicThumbstick	6	
DeveloperMemoryTag	Internal	0	
DeveloperMemoryTag	HttpCache	1	
DeveloperMemoryTag	Instances	2	
DeveloperMemoryTag	Signals	3	
DeveloperMemoryTag	LuaHeap	4	
DeveloperMemoryTag	Script	5	
DeveloperMemoryTag	PhysicsCollision	6	
DeveloperMemoryTag	BaseParts	7	
DeveloperMemoryTag	GraphicsSolidModels	8	
DeveloperMemoryTag	GraphicsMeshParts	10	
DeveloperMemoryTag	GraphicsParticles	11	
DeveloperMemoryTag	GraphicsParts	12	
DeveloperMemoryTag	GraphicsSpatialHash	13	
DeveloperMemoryTag	GraphicsTerrain	14	
DeveloperMemoryTag	GraphicsTexture	15	
DeveloperMemoryTag	GraphicsTextureCharacter	16	
DeveloperMemoryTag	Sounds	17	
DeveloperMemoryTag	StreamingSounds	18	
DeveloperMemoryTag	TerrainVoxels	19	
DeveloperMemoryTag	Gui	21	
DeveloperMemoryTag	Animation	22	
DeveloperMemoryTag	Navigation	23	
DeveloperMemoryTag	GeometryCSG	24	
DeveloperMemoryTag	GraphicsSlimModels	25	
DeviceFeatureType	DeviceCapture	0	
DeviceFeatureType	InExperienceFAE	1	
DeviceForm	Console	0	
DeviceForm	Phone	1	
DeviceForm	Tablet	2	
DeviceForm	Desktop	3	
DeviceForm	VR	4	
DeviceLevel	Low	0	
DeviceLevel	Medium	1	
DeviceLevel	High	2	
DeviceSimulatorScalingMode	ScaleToPhysicalSize	0	
DeviceSimulatorScalingMode	ActualResolution	1	
DeviceSimulatorScalingMode	FitToWindow	2	
DeviceType	Unknown	0	
DeviceType	Desktop	1	
DeviceType	Tablet	2	
DeviceType	Phone	3	
DeviceType	TV	4	
DialogBehaviorType	SinglePlayer	0	
DialogBehaviorType	MultiplePlayers	1	
DialogPurpose	Quest	0	
DialogPurpose	Help	1	
DialogPurpose	Shop	2	
DialogTone	Neutral	0	
DialogTone	Friendly	1	
DialogTone	Enemy	2	
DigitsRigDescriptionSide	None	0	
DigitsRigDescriptionSide	Left	1	
DigitsRigDescriptionSide	Right	2	
DiscountType	Uncategorized	0	
DisplayScalingMode	Default	0	
DisplayScalingMode	Legacy	1	
DisplayScalingMode	Responsive	2	
DisplaySize	Small	0	
DisplaySize	Medium	1	
DisplaySize	Large	2	
DistanceAttenuationMode	Custom	0	
DistanceAttenuationMode	InverseTapered	1	
DistanceAttenuationMode	Linear	2	
DistanceAttenuationMode	LinearSquared	3	
DistanceAttenuationMode	Inverse	4	
DomainType	EXPERIENCE	1	
DomainType	OAUTH	3	
DominantAxis	Width	0	
DominantAxis	Height	1	
DraftStatusCode	OK	0	
DraftStatusCode	DraftOutdated	1	
DraftStatusCode	ScriptRemoved	2	
DraftStatusCode	DraftCommitted	3	
DragDetectorDragStyle	TranslateLine	0	
DragDetectorDragStyle	TranslatePlane	1	
DragDetectorDragStyle	TranslatePlaneOrLine	2	
DragDetectorDragStyle	TranslateLineOrPlane	3	
DragDetectorDragStyle	TranslateViewPlane	4	
DragDetectorDragStyle	RotateAxis	5	
DragDetectorDragStyle	RotateTrackball	6	
DragDetectorDragStyle	Scriptable	7	
DragDetectorDragStyle	BestForDevice	8	
DragDetectorPermissionPolicy	Nobody	0	
DragDetectorPermissionPolicy	Everybody	1	
DragDetectorPermissionPolicy	Scriptable	2	
DragDetectorResponseStyle	Geometric	0	
DragDetectorResponseStyle	Physical	1	
DragDetectorResponseStyle	Custom	2	
DraggerCoordinateSpace	Object	0	
DraggerCoordinateSpace	World	1	
DraggerMovementMode	Geometric	0	
DraggerMovementMode	Physical	1	
DraggingScrollBar	None	0	
DraggingScrollBar	Horizontal	1	
DraggingScrollBar	Vertical	2	
EasingDirection	In	0	
EasingDirection	Out	1	
EasingDirection	InOut	2	
EasingStyle	Linear	0	
EasingStyle	Sine	1	
EasingStyle	Back	2	
EasingStyle	Quad	3	
EasingStyle	Quart	4	
EasingStyle	Quint	5	
EasingStyle	Bounce	6	
EasingStyle	Elastic	7	
EasingStyle	Exponential	8	
EasingStyle	Circular	9	
EasingStyle	Cubic	10	
EditableStatus	Unknown	0	
EditableStatus	Allowed	1	
EditableStatus	Disallowed	2	
ElasticBehavior	WhenScrollable	0	
ElasticBehavior	Always	1	
ElasticBehavior	Never	2	
EmitterPositionType	Parent	0	
EmitterPositionType	Instance	1	
EngagementLevel	Unknown	0	
EngagementLevel	Inactive	1	
EngagementLevel	Low	2	
EngagementLevel	Medium	3	
EngagementLevel	High	4	
EngineFolder	Screenshots	0	
EngineFolder	Videos	1	
EngineFolder	Logs	2	
EnviromentalPhysicsThrottle	DefaultAuto	0	
EnviromentalPhysicsThrottle	Disabled	1	
EnviromentalPhysicsThrottle	Always	2	
EnviromentalPhysicsThrottle	Skip2	3	
EnviromentalPhysicsThrottle	Skip4	4	
EnviromentalPhysicsThrottle	Skip8	5	
EnviromentalPhysicsThrottle	Skip16	6	
ExperienceActivationStatus	Unknown	0	
ExperienceActivationStatus	New	1	
ExperienceActivationStatus	Active	2	
ExperienceActivationStatus	Lapsed	3	
ExperienceActivationStatus	Reactivated	4	
ExperienceAuthScope	DefaultScope	0	
ExperienceAuthScope	CreatorAssetsCreate	1	
ExperienceEventStatus	Active	0	
ExperienceEventStatus	Cancelled	1	
ExperienceEventStatus	Moderated	2	
ExperienceEventStatus	Unpublished	3	
ExperienceEventStatus	Unknown	4	
ExperienceStateCaptureSelectionMode	Default	0	
ExperienceStateCaptureSelectionMode	SafetyHighlightMode	1	
ExperienceStateRecordingLoadMode	NewReplay	0	
ExperienceStateRecordingLoadMode	ContiguousSlice	1	
ExperienceStateRecordingLoadMode	NoncontiguousSlice	2	
ExperienceStateRecordingLoadSourceType	S3Url	0	
ExperienceStateRecordingLoadSourceType	File	1	
ExperienceStateRecordingPlaybackMode	Undefined	0	
ExperienceStateRecordingPlaybackMode	Stopped	1	
ExperienceStateRecordingPlaybackMode	Playing	2	
ExperienceStateRecordingPlaybackMode	Rewinding	3	
ExplosionType	NoCraters	0	
ExplosionType	Craters	1	
ExternalEditorMode	SystemDefault	0	
ExternalEditorMode	UserSelectedEditor	1	
FACSDataLod	LOD0	0	
FACSDataLod	LOD1	1	
FACSDataLod	LODCount	2	
FacialAgeEstimationResultType	Complete	0	
FacialAgeEstimationResultType	Cancel	1	
FacialAgeEstimationResultType	Error	2	
FacialAnimationStreamingState	None	0	
FacialAnimationStreamingState	Audio	1	
FacialAnimationStreamingState	Video	2	
FacialAnimationStreamingState	Place	4	
FacialAnimationStreamingState	Server	8	
FacsActionUnit	ChinRaiserUpperLip	0	
FacsActionUnit	ChinRaiser	1	
FacsActionUnit	FlatPucker	2	
FacsActionUnit	Funneler	3	
FacsActionUnit	LowerLipSuck	4	
FacsActionUnit	LipPresser	5	
FacsActionUnit	LipsTogether	6	
FacsActionUnit	MouthLeft	7	
FacsActionUnit	MouthRight	8	
FacsActionUnit	Pucker	9	
FacsActionUnit	UpperLipSuck	10	
FacsActionUnit	LeftCheekPuff	11	
FacsActionUnit	LeftDimpler	12	
FacsActionUnit	LeftLipCornerDown	13	
FacsActionUnit	LeftLowerLipDepressor	14	
FacsActionUnit	LeftLipCornerPuller	15	
FacsActionUnit	LeftLipStretcher	16	
FacsActionUnit	LeftUpperLipRaiser	17	
FacsActionUnit	RightCheekPuff	18	
FacsActionUnit	RightDimpler	19	
FacsActionUnit	RightLipCornerDown	20	
FacsActionUnit	RightLowerLipDepressor	21	
FacsActionUnit	RightLipCornerPuller	22	
FacsActionUnit	RightLipStretcher	23	
FacsActionUnit	RightUpperLipRaiser	24	
FacsActionUnit	JawDrop	25	
FacsActionUnit	JawLeft	26	
FacsActionUnit	JawRight	27	
FacsActionUnit	Corrugator	28	
FacsActionUnit	LeftBrowLowerer	29	
FacsActionUnit	LeftOuterBrowRaiser	30	
FacsActionUnit	LeftNoseWrinkler	31	
FacsActionUnit	LeftInnerBrowRaiser	32	
FacsActionUnit	RightBrowLowerer	33	
FacsActionUnit	RightOuterBrowRaiser	34	
FacsActionUnit	RightInnerBrowRaiser	35	
FacsActionUnit	RightNoseWrinkler	36	
FacsActionUnit	EyesLookDown	37	
FacsActionUnit	EyesLookLeft	38	
FacsActionUnit	EyesLookUp	39	
FacsActionUnit	EyesLookRight	40	
FacsActionUnit	LeftCheekRaiser	41	
FacsActionUnit	LeftEyeUpperLidRaiser	42	
FacsActionUnit	LeftEyeClosed	43	
FacsActionUnit	RightCheekRaiser	44	
FacsActionUnit	RightEyeUpperLidRaiser	45	
FacsActionUnit	RightEyeClosed	46	
FacsActionUnit	TongueDown	47	
FacsActionUnit	TongueOut	48	
FacsActionUnit	TongueUp	49	
FeatureRestrictionAbuseVector	ExperienceChat	0	
FeatureRestrictionAbuseVector	Communication	1	
FeedbackType	Feedback	0	
FeedbackType	PlayerSupport	1	
FieldOfViewMode	Vertical	0	
FieldOfViewMode	Diagonal	1	
FieldOfViewMode	MaxAxis	2	
FillDirection	Horizontal	0	
FillDirection	Vertical	1	
FilterErrorType	BackslashNotEscapingAnything	0	
FilterErrorType	BadBespokeFilter	1	
FilterErrorType	BadName	2	
FilterErrorType	IncompleteOr	3	
FilterErrorType	IncompleteParenthesis	4	
FilterErrorType	InvalidDoubleStar	5	
FilterErrorType	InvalidTilde	6	
FilterErrorType	PropertyBadOperator	7	
FilterErrorType	PropertyDoesNotExist	8	
FilterErrorType	PropertyInvalidField	9	
FilterErrorType	PropertyInvalidValue	10	
FilterErrorType	PropertyUnsupportedFields	11	
FilterErrorType	PropertyUnsupportedProperty	12	
FilterErrorType	UnexpectedNameIndex	13	
FilterErrorType	UnexpectedToken	14	
FilterErrorType	UnfinishedBinaryOperator	15	
FilterErrorType	UnfinishedQuote	16	
FilterErrorType	UnknownBespokeFilter	17	
FilterErrorType	WildcardInProperty	18	
FilterResult	Accepted	0	
FilterResult	Rejected	1	
FilterType	Exclude	0	
FilterType	Include	1	
FinishRecordingOperation	Cancel	0	
FinishRecordingOperation	Commit	1	
FinishRecordingOperation	Append	2	
FluidFidelity	Automatic	0	
FluidFidelity	UseCollisionGeometry	1	
FluidFidelity	UsePreciseGeometry	2	
FluidForces	Default	0	
FluidForces	Experimental	1	
Font	Legacy	0	
Font	Arial	1	
Font	ArialBold	2	
Font	SourceSans	3	
Font	SourceSansBold	4	
Font	SourceSansLight	5	
Font	SourceSansItalic	6	
Font	Bodoni	7	
Font	Garamond	8	
Font	Cartoon	9	
Font	Code	10	
Font	Highway	11	
Font	SciFi	12	
Font	Arcade	13	
Font	Fantasy	14	
Font	Antique	15	
Font	SourceSansSemibold	16	
Font	Gotham	17	
Font	GothamMedium	18	
Font	GothamBold	19	
Font	GothamBlack	20	
Font	AmaticSC	21	
Font	Bangers	22	
Font	Creepster	23	
Font	DenkOne	24	
Font	Fondamento	25	
Font	FredokaOne	26	
Font	GrenzeGotisch	27	
Font	IndieFlower	28	
Font	JosefinSans	29	
Font	Jura	30	
Font	Kalam	31	
Font	LuckiestGuy	32	
Font	Merriweather	33	
Font	Michroma	34	
Font	Nunito	35	
Font	Oswald	36	
Font	PatrickHand	37	
Font	PermanentMarker	38	
Font	Roboto	39	
Font	RobotoCondensed	40	
Font	RobotoMono	41	
Font	Sarpanch	42	
Font	SpecialElite	43	
Font	TitilliumWeb	44	
Font	Ubuntu	45	
Font	BuilderSans	46	
Font	BuilderSansMedium	47	
Font	BuilderSansBold	48	
Font	BuilderSansExtraBold	49	
Font	Arimo	50	
Font	ArimoBold	51	
Font	Unknown	100	
FontSize	Size8	0	
FontSize	Size9	1	
FontSize	Size10	2	
FontSize	Size11	3	
FontSize	Size12	4	
FontSize	Size14	5	
FontSize	Size18	6	
FontSize	Size24	7	
FontSize	Size36	8	
FontSize	Size48	9	
FontSize	Size28	10	
FontSize	Size32	11	
FontSize	Size42	12	
FontSize	Size60	13	
FontSize	Size96	14	
FontStyle	Normal	0	
FontStyle	Italic	1	
FontWeight	Thin	100	
FontWeight	ExtraLight	200	
FontWeight	Light	300	
FontWeight	Regular	400	
FontWeight	Medium	500	
FontWeight	SemiBold	600	
FontWeight	Bold	700	
FontWeight	ExtraBold	800	
FontWeight	Heavy	900	
ForceLimitMode	Magnitude	0	
ForceLimitMode	PerAxis	1	
FormFactor	Symmetric	0	
FormFactor	Brick	1	
FormFactor	Plate	2	
FormFactor	Custom	3	
FrameStyle	Custom	0	
FrameStyle	ChatBlue	1	
FrameStyle	RobloxSquare	2	
FrameStyle	RobloxRound	3	
FrameStyle	ChatGreen	4	
FrameStyle	ChatRed	5	
FrameStyle	DropShadow	6	
FramerateManagerMode	Automatic	0	
FramerateManagerMode	On	1	
FramerateManagerMode	Off	2	
FriendRequestEvent	Issue	0	
FriendRequestEvent	Revoke	1	
FriendRequestEvent	Accept	2	
FriendRequestEvent	Deny	3	
FriendStatus	Unknown	0	
FriendStatus	NotFriend	1	
FriendStatus	Friend	2	
FriendStatus	FriendRequestSent	3	
FriendStatus	FriendRequestReceived	4	
FriendsCallingEndReason	None	0	
FriendsCallingEndReason	LocalHangup	1	
FriendsCallingEndReason	RemoteHangup	2	
FriendsCallingEndReason	Missed	3	
FriendsCallingEndReason	Declined	4	
FriendsCallingEndReason	Failed	5	
FriendsCallingEndReason	Canceled	6	
FriendsCallingParticipantErrors	None	0	
FriendsCallingParticipantErrors	Unknown	1	
FriendsCallingParticipantErrors	ConnectionFailed	2	
FriendsCallingParticipantErrors	PublishFailed	3	
FriendsCallingParticipantErrors	PermissionDenied	4	
FriendsCallingParticipantLeaveReason	None	0	
FriendsCallingParticipantLeaveReason	Hangup	1	
FriendsCallingParticipantLeaveReason	Declined	2	
FriendsCallingParticipantLeaveReason	Missed	3	
FriendsCallingParticipantLeaveReason	Removed	4	
FriendsCallingParticipantLeaveReason	Failed	5	
FriendsCallingParticipantLeaveReason	TimedOut	6	
FriendsCallingParticipantStatus	Invited	0	
FriendsCallingParticipantStatus	Ringing	1	
FriendsCallingParticipantStatus	Joined	2	
FriendsCallingParticipantStatus	Declined	3	
FriendsCallingParticipantStatus	Left	4	
FriendsCallingParticipantStatus	Removed	5	
FriendsCallingParticipantStatus	Ineligible	6	
FriendsCallingParticipantStatus	TimedOut	7	
FriendsCallingParticipantStatus	Muted	8	
FriendsCallingPhase	Idle	0	
FriendsCallingPhase	Ringing	1	
FriendsCallingPhase	Active	2	
FriendsCallingPhase	Ended	3	
FrustumStreamingMode	Default	0	
FrustumStreamingMode	Enabled	1	
FrustumStreamingMode	Disabled	2	
FrustumStreamingMode	Automatic	3	
FunctionalTestResult	Passed	0	
FunctionalTestResult	Warning	1	
FunctionalTestResult	Error	2	
GameAvatarType	R6	0	
GameAvatarType	R15	1	
GameAvatarType	PlayerChoice	2	
GamepadType	Unknown	0	
GamepadType	PS4	1	
GamepadType	PS5	2	
GamepadType	XboxOne	3	
GearGenreSetting	AllGenres	0	deprecated
GearGenreSetting	MatchingGenreOnly	1	deprecated
GearType	MeleeWeapons	0	deprecated
GearType	RangedWeapons	1	deprecated
GearType	Explosives	2	deprecated
GearType	PowerUps	3	deprecated
GearType	NavigationEnhancers	4	deprecated
GearType	MusicalInstruments	5	deprecated
GearType	SocialItems	6	deprecated
GearType	BuildingTools	7	deprecated
GearType	Transport	8	deprecated
GenerateMomentTextResult	Success	0	
GenerateMomentTextResult	Pending	1	
GenerateMomentTextResult	Failed	2	
GenerateMomentTextResult	Filtered	3	
Genre	All	0	
Genre	TownAndCity	1	
Genre	Fantasy	2	
Genre	SciFi	3	
Genre	Ninja	4	
Genre	Scary	5	
Genre	Pirate	6	
Genre	Adventure	7	
Genre	Sports	8	
Genre	Funny	9	
Genre	WildWest	10	
Genre	War	11	
Genre	SkatePark	12	
Genre	Tutorial	13	
GradientTileMode	Clamp	0	
GradientTileMode	Repeat	1	
GradientTileMode	Mirror	2	
GradientType	Linear	0	
GradientType	Radial	1	
GradientType	Conical	2	
GradientType	Elliptical	3	
GraphicsMode	Automatic	1	
GraphicsMode	Direct3D11	2	
GraphicsMode	OpenGL	4	
GraphicsMode	Metal	5	
GraphicsMode	Vulkan	6	
GraphicsMode	NoGraphics	9	
GraphicsOptimizationMode	Performance	0	
GraphicsOptimizationMode	Balanced	1	
GraphicsOptimizationMode	Quality	2	
GroupMembershipStatus	None	0	
GroupMembershipStatus	Joined	1	
GroupMembershipStatus	JoinRequestPending	2	
GroupMembershipStatus	AlreadyMember	3	
GuiState	Idle	0	
GuiState	Hover	1	
GuiState	Press	2	
GuiState	NonInteractable	3	
GuiType	Core	0	
GuiType	Custom	1	
GuiType	PlayerNameplates	2	
GuiType	CustomBillboards	3	
GuiType	CoreBillboards	4	
HandlesStyle	Resize	0	
HandlesStyle	Movement	1	
HapticEffectType	Custom	0	
HapticEffectType	UIHover	1	
HapticEffectType	UIClick	2	
HapticEffectType	UINotification	3	
HapticEffectType	GameplayExplosion	4	
HapticEffectType	GameplayCollision	5	
HashAlgorithm	Blake2b	0	
HashAlgorithm	Blake3	1	
HashAlgorithm	Md5	2	
HashAlgorithm	Sha1	3	
HashAlgorithm	Sha256	4	
HighlightDepthMode	AlwaysOnTop	0	
HighlightDepthMode	Occluded	1	
HorizontalAlignment	Center	0	
HorizontalAlignment	Left	1	
HorizontalAlignment	Right	2	
HoverAnimateSpeed	VerySlow	0	
HoverAnimateSpeed	Slow	1	
HoverAnimateSpeed	Medium	2	
HoverAnimateSpeed	Fast	3	
HoverAnimateSpeed	VeryFast	4	
HttpCachePolicy	None	0	
HttpCachePolicy	Full	1	
HttpCachePolicy	DataOnly	2	
HttpCachePolicy	Default	3	
HttpCachePolicy	InternalRedirectRefresh	4	
HttpCompression	None	0	
HttpCompression	Gzip	1	
HttpContentType	ApplicationJson	0	
HttpContentType	ApplicationXml	1	
HttpContentType	ApplicationUrlEncoded	2	
HttpContentType	TextPlain	3	
HttpContentType	TextXml	4	
HttpError	OK	0	
HttpError	InvalidUrl	1	
HttpError	DnsResolve	2	
HttpError	ConnectFail	3	
HttpError	OutOfMemory	4	
HttpError	TimedOut	5	
HttpError	TooManyRedirects	6	
HttpError	InvalidRedirect	7	
HttpError	NetFail	8	
HttpError	Aborted	9	
HttpError	SslConnectFail	10	
HttpError	SslVerificationFail	11	
HttpError	Unknown	12	
HttpError	ConnectionClosed	13	
HttpError	ServerProtocolError	14	
HttpError	CreatorEnvironmentsNotSupportedByService	15	
HttpError	InactivityTimeout	16	
HttpError	TooManyOutstandingRequests	17	
HttpError	InvalidRangeResponse	18	
HttpRequestType	Default	0	
HttpRequestType	MarketplaceService	2	
HttpRequestType	Players	7	
HttpRequestType	Chat	15	
HttpRequestType	Avatar	16	
HttpRequestType	Analytics	23	
HttpRequestType	Localization	25	
HumanoidCollisionType	OuterBox	0	
HumanoidCollisionType	InnerBox	1	
HumanoidDisplayDistanceType	Viewer	0	
HumanoidDisplayDistanceType	Subject	1	
HumanoidDisplayDistanceType	None	2	
HumanoidHealthDisplayType	DisplayWhenDamaged	0	
HumanoidHealthDisplayType	AlwaysOn	1	
HumanoidHealthDisplayType	AlwaysOff	2	
HumanoidRigType	R6	0	
HumanoidRigType	R15	1	
HumanoidStateType	FallingDown	0	
HumanoidStateType	Ragdoll	1	
HumanoidStateType	GettingUp	2	
HumanoidStateType	Jumping	3	
HumanoidStateType	Swimming	4	
HumanoidStateType	Freefall	5	
HumanoidStateType	Flying	6	
HumanoidStateType	Landed	7	
HumanoidStateType	Running	8	
HumanoidStateType	RunningNoPhysics	10	
HumanoidStateType	StrafingNoPhysics	11	
HumanoidStateType	Climbing	12	
HumanoidStateType	Seated	13	
HumanoidStateType	PlatformStanding	14	
HumanoidStateType	Dead	15	
HumanoidStateType	Physics	16	
HumanoidStateType	None	18	
IKCollisionsMode	NoCollisions	0	
IKCollisionsMode	OtherMechanismsAnchored	1	
IKCollisionsMode	IncludeContactedMechanisms	2	
IKControlConstraintSupport	Default	0	
IKControlConstraintSupport	Disabled	1	
IKControlConstraintSupport	Enabled	2	
IKControlType	Transform	0	
IKControlType	Position	1	
IKControlType	Rotation	2	
IKControlType	LookAt	3	
IXPLoadingStatus	None	0	
IXPLoadingStatus	Pending	1	
IXPLoadingStatus	Initialized	2	
IXPLoadingStatus	ErrorInvalidUser	3	
IXPLoadingStatus	ErrorConnection	4	
IXPLoadingStatus	ErrorJsonParse	5	
IXPLoadingStatus	ErrorTimedOut	6	
ImageAlphaType	Default	1	
ImageAlphaType	LockCanvasAlpha	2	
ImageAlphaType	LockCanvasColor	3	
ImageCombineType	BlendSourceOver	1	
ImageCombineType	Overwrite	2	
ImageCombineType	Add	3	
ImageCombineType	Multiply	4	
ImageCombineType	AlphaBlend	5	
ImageCombineType	NormalMapBlend	6	
ImageCombineType	Subtract	7	
InOut	Edge	0	
InOut	Inset	1	
InOut	Center	2	
InfoType	Asset	0	
InfoType	Product	1	
InfoType	GamePass	2	
InfoType	Subscription	3	
InfoType	Bundle	4	
InitialDockState	Top	0	
InitialDockState	Bottom	1	
InitialDockState	Left	2	
InitialDockState	Right	3	
InitialDockState	Float	4	
InputActionType	Bool	0	
InputActionType	Direction1D	1	
InputActionType	Direction2D	2	
InputActionType	Direction3D	3	
InputActionType	ViewportPosition	4	
InputBindingType	Automatic	0	
InputBindingType	Scriptable	1	
InputSink	None	0	
InputSink	Activate	1	
InputSink	All	100	
InputType	NoInput	0	
InputType	Constant	12	
InputType	Sin	13	
InstanceFileSyncStatus	NotSynced	0	
InstanceFileSyncStatus	Errored	1	
InstanceFileSyncStatus	SyncedAsRoot	2	
InstanceFileSyncStatus	SyncedAsDescendant	3	
InstanceFileSyncStatus	AncestorErrored	4	
IntermediateMeshGenerationResult	HighQualityMesh	0	
InternalVideoUsage	Default	0	
InternalVideoUsage	WatchPage	1	
InternalVideoUsage	HomeCarousel	2	
InternalVideoUsage	FeatureTileAd	3	
InterpolationThrottlingMode	Default	0	
InterpolationThrottlingMode	Disabled	1	
InterpolationThrottlingMode	Enabled	2	
InviteState	Placed	0	
InviteState	Accepted	1	
InviteState	Declined	2	
InviteState	Missed	3	
ItemLineAlignment	Automatic	0	
ItemLineAlignment	Start	1	
ItemLineAlignment	Center	2	
ItemLineAlignment	End	3	
ItemLineAlignment	Stretch	4	
JoinSource	CreatedItemAttribution	1	
JointCreationMode	All	0	
JointCreationMode	Surface	1	
JointCreationMode	None	2	
KeyCode	None	0	
KeyCode	Backspace	8	
KeyCode	Tab	9	
KeyCode	Clear	12	
KeyCode	Return	13	
KeyCode	Pause	19	
KeyCode	Escape	27	
KeyCode	Space	32	
KeyCode	QuotedDouble	34	
KeyCode	Hash	35	
KeyCode	Dollar	36	
KeyCode	Percent	37	
KeyCode	Ampersand	38	
KeyCode	Quote	39	
KeyCode	LeftParenthesis	40	
KeyCode	RightParenthesis	41	
KeyCode	Asterisk	42	
KeyCode	Plus	43	
KeyCode	Comma	44	
KeyCode	Minus	45	
KeyCode	Period	46	
KeyCode	Slash	47	
KeyCode	Zero	48	
KeyCode	One	49	
KeyCode	Two	50	
KeyCode	Three	51	
KeyCode	Four	52	
KeyCode	Five	53	
KeyCode	Six	54	
KeyCode	Seven	55	
KeyCode	Eight	56	
KeyCode	Nine	57	
KeyCode	Colon	58	
KeyCode	Semicolon	59	
KeyCode	LessThan	60	
KeyCode	Equals	61	
KeyCode	GreaterThan	62	
KeyCode	Question	63	
KeyCode	At	64	
KeyCode	LeftBracket	91	
KeyCode	BackSlash	92	
KeyCode	RightBracket	93	
KeyCode	Caret	94	
KeyCode	Underscore	95	
KeyCode	Backquote	96	
KeyCode	A	97	
KeyCode	B	98	
KeyCode	C	99	
KeyCode	D	100	
KeyCode	E	101	
KeyCode	F	102	
KeyCode	G	103	
KeyCode	H	104	
KeyCode	I	105	
KeyCode	J	106	
KeyCode	K	107	
KeyCode	L	108	
KeyCode	M	109	
KeyCode	N	110	
KeyCode	O	111	
KeyCode	P	112	
KeyCode	Q	113	
KeyCode	R	114	
KeyCode	S	115	
KeyCode	T	116	
KeyCode	U	117	
KeyCode	V	118	
KeyCode	W	119	
KeyCode	X	120	
KeyCode	Y	121	
KeyCode	Z	122	
KeyCode	LeftCurly	123	
KeyCode	Pipe	124	
KeyCode	RightCurly	125	
KeyCode	Tilde	126	
KeyCode	Delete	127	
KeyCode	World0	160	deprecated
KeyCode	World1	161	deprecated
KeyCode	World2	162	deprecated
KeyCode	World3	163	deprecated
KeyCode	World4	164	deprecated
KeyCode	World5	165	deprecated
KeyCode	World6	166	deprecated
KeyCode	World7	167	deprecated
KeyCode	World8	168	deprecated
KeyCode	World9	169	deprecated
KeyCode	World10	170	deprecated
KeyCode	World11	171	deprecated
KeyCode	World12	172	deprecated
KeyCode	World13	173	deprecated
KeyCode	World14	174	deprecated
KeyCode	World15	175	deprecated
KeyCode	World16	176	deprecated
KeyCode	World17	177	deprecated
KeyCode	World18	178	deprecated
KeyCode	World19	179	deprecated
KeyCode	World20	180	deprecated
KeyCode	World21	181	deprecated
KeyCode	World22	182	deprecated
KeyCode	World23	183	deprecated
KeyCode	World24	184	deprecated
KeyCode	World25	185	deprecated
KeyCode	World26	186	deprecated
KeyCode	World27	187	deprecated
KeyCode	World28	188	deprecated
KeyCode	World29	189	deprecated
KeyCode	World30	190	deprecated
KeyCode	World31	191	deprecated
KeyCode	World32	192	deprecated
KeyCode	World33	193	deprecated
KeyCode	World34	194	deprecated
KeyCode	World35	195	deprecated
KeyCode	World36	196	deprecated
KeyCode	World37	197	deprecated
KeyCode	World38	198	deprecated
KeyCode	World39	199	deprecated
KeyCode	World40	200	deprecated
KeyCode	World41	201	deprecated
KeyCode	World42	202	deprecated
KeyCode	World43	203	deprecated
KeyCode	World44	204	deprecated
KeyCode	World45	205	deprecated
KeyCode	World46	206	deprecated
KeyCode	World47	207	deprecated
KeyCode	World48	208	deprecated
KeyCode	World49	209	deprecated
KeyCode	World50	210	deprecated
KeyCode	World51	211	deprecated
KeyCode	World52	212	deprecated
KeyCode	World53	213	deprecated
KeyCode	World54	214	deprecated
KeyCode	World55	215	deprecated
KeyCode	World56	216	deprecated
KeyCode	World57	217	deprecated
KeyCode	World58	218	deprecated
KeyCode	World59	219	deprecated
KeyCode	World60	220	deprecated
KeyCode	World61	221	deprecated
KeyCode	World62	222	deprecated
KeyCode	World63	223	deprecated
KeyCode	World64	224	deprecated
KeyCode	World65	225	deprecated
KeyCode	World66	226	deprecated
KeyCode	World67	227	deprecated
KeyCode	World68	228	deprecated
KeyCode	World69	229	deprecated
KeyCode	World70	230	deprecated
KeyCode	World71	231	deprecated
KeyCode	World72	232	deprecated
KeyCode	World73	233	deprecated
KeyCode	World74	234	deprecated
KeyCode	World75	235	deprecated
KeyCode	World76	236	deprecated
KeyCode	World77	237	deprecated
KeyCode	World78	238	deprecated
KeyCode	World79	239	deprecated
KeyCode	World80	240	deprecated
KeyCode	World81	241	deprecated
KeyCode	World82	242	deprecated
KeyCode	World83	243	deprecated
KeyCode	World84	244	deprecated
KeyCode	World85	245	deprecated
KeyCode	World86	246	deprecated
KeyCode	World87	247	deprecated
KeyCode	World88	248	deprecated
KeyCode	World89	249	deprecated
KeyCode	World90	250	deprecated
KeyCode	World91	251	deprecated
KeyCode	World92	252	deprecated
KeyCode	World93	253	deprecated
KeyCode	World94	254	deprecated
KeyCode	World95	255	deprecated
KeyCode	KeypadZero	256	
KeyCode	KeypadOne	257	
KeyCode	KeypadTwo	258	
KeyCode	KeypadThree	259	
KeyCode	KeypadFour	260	
KeyCode	KeypadFive	261	
KeyCode	KeypadSix	262	
KeyCode	KeypadSeven	263	
KeyCode	KeypadEight	264	
KeyCode	KeypadNine	265	
KeyCode	KeypadPeriod	266	
KeyCode	KeypadDivide	267	
KeyCode	KeypadMultiply	268	
KeyCode	KeypadMinus	269	
KeyCode	KeypadPlus	270	
KeyCode	KeypadEnter	271	
KeyCode	KeypadEquals	272	
KeyCode	Up	273	
KeyCode	Down	274	
KeyCode	Right	275	
KeyCode	Left	276	
KeyCode	Insert	277	
KeyCode	Home	278	
KeyCode	End	279	
KeyCode	PageUp	280	
KeyCode	PageDown	281	
KeyCode	F1	282	
KeyCode	F2	283	
KeyCode	F3	284	
KeyCode	F4	285	
KeyCode	F5	286	
KeyCode	F6	287	
KeyCode	F7	288	
KeyCode	F8	289	
KeyCode	F9	290	
KeyCode	F10	291	
KeyCode	F11	292	
KeyCode	F12	293	
KeyCode	F13	294	
KeyCode	F14	295	
KeyCode	F15	296	
KeyCode	NumLock	300	
KeyCode	CapsLock	301	
KeyCode	ScrollLock	302	
KeyCode	RightShift	303	
KeyCode	LeftShift	304	
KeyCode	RightControl	305	
KeyCode	LeftControl	306	
KeyCode	RightAlt	307	
KeyCode	LeftAlt	308	
KeyCode	RightMeta	309	
KeyCode	LeftMeta	310	
KeyCode	LeftSuper	311	
KeyCode	RightSuper	312	
KeyCode	Mode	313	
KeyCode	Compose	314	
KeyCode	Help	315	
KeyCode	Print	316	
KeyCode	SysReq	317	
KeyCode	Break	318	
KeyCode	Menu	319	
KeyCode	Power	320	
KeyCode	Euro	321	
KeyCode	Undo	322	
KeyCode	ButtonX	1000	
KeyCode	ButtonY	1001	
KeyCode	ButtonA	1002	
KeyCode	ButtonB	1003	
KeyCode	ButtonR1	1004	
KeyCode	ButtonL1	1005	
KeyCode	ButtonR2	1006	
KeyCode	ButtonL2	1007	
KeyCode	ButtonR3	1008	
KeyCode	ButtonL3	1009	
KeyCode	ButtonStart	1010	
KeyCode	ButtonSelect	1011	
KeyCode	DPadLeft	1012	
KeyCode	DPadRight	1013	
KeyCode	DPadUp	1014	
KeyCode	DPadDown	1015	
KeyCode	Thumbstick1	1016	
KeyCode	Thumbstick2	1017	
KeyCode	Thumbstick1Up	1018	
KeyCode	Thumbstick1Down	1019	
KeyCode	Thumbstick1Left	1020	
KeyCode	Thumbstick1Right	1021	
KeyCode	Thumbstick2Up	1022	
KeyCode	Thumbstick2Down	1023	
KeyCode	Thumbstick2Left	1024	
KeyCode	Thumbstick2Right	1025	
KeyCode	MouseLeftButton	1026	
KeyCode	MouseRightButton	1027	
KeyCode	MouseMiddleButton	1028	
KeyCode	MouseBackButton	1029	deprecated
KeyCode	MouseNoButton	1030	deprecated
KeyCode	MouseX	1031	deprecated
KeyCode	MouseY	1032	deprecated
KeyCode	MousePosition	1033	
KeyCode	TouchPosition	1034	
KeyCode	MouseWheel	1035	
KeyCode	TrackpadPan	1040	
KeyCode	TrackpadPinch	1045	
KeyCode	MouseDelta	1048	
KeyCode	TouchDelta	1049	
KeyCode	TouchPinch	1050	
KeyCode	ButtonCenter	1051	
KeyCode	ButtonBack	1052	
KeyCode	ButtonUp	1053	
KeyCode	ButtonDown	1054	
KeyCode	ButtonLeft	1055	
KeyCode	ButtonRight	1056	
KeyCodeStringFormat	Default	0	
KeyCodeStringFormat	Abbreviated	1	
KeyInterpolationMode	Constant	0	
KeyInterpolationMode	Linear	1	
KeyInterpolationMode	Cubic	2	
KeywordFilterType	Include	0	
KeywordFilterType	Exclude	1	
KnownWindow	Main	0	
LeftRight	Left	0	
LeftRight	Center	1	
LeftRight	Right	2	
LexemeType	Eof	0	
LexemeType	Name	1	
LexemeType	QuotedString	2	
LexemeType	Number	3	
LexemeType	And	4	
LexemeType	Or	5	
LexemeType	Equal	6	
LexemeType	TildeEqual	7	
LexemeType	GreaterThan	8	
LexemeType	GreaterThanEqual	9	
LexemeType	LessThan	10	
LexemeType	LessThanEqual	11	
LexemeType	Colon	12	
LexemeType	Dot	13	
LexemeType	LeftParenthesis	14	
LexemeType	RightParenthesis	15	
LexemeType	Star	16	
LexemeType	DoubleStar	17	
LexemeType	ReservedSpecial	18	
LightingStyle	Realistic	0	
LightingStyle	Soft	1	
Limb	Head	0	
Limb	Torso	1	
Limb	LeftArm	2	
Limb	RightArm	3	
Limb	LeftLeg	4	
Limb	RightLeg	5	
Limb	Unknown	6	
LineJoinMode	Round	0	
LineJoinMode	Bevel	1	
LineJoinMode	Miter	2	
ListDisplayMode	Horizontal	0	
ListDisplayMode	Vertical	1	
ListenerLocation	Default	0	
ListenerLocation	None	1	
ListenerLocation	Character	2	
ListenerLocation	Camera	3	
ListenerPositionType	Parent	0	
ListenerPositionType	Instance	1	
ListenerType	Camera	0	
ListenerType	CFrame	1	
ListenerType	ObjectPosition	2	
ListenerType	ObjectCFrame	3	
LiveEditingAtomicUpdateResponse	Success	0	
LiveEditingAtomicUpdateResponse	FailureGuidNotFound	1	
LiveEditingAtomicUpdateResponse	FailureHashMismatch	2	
LiveEditingAtomicUpdateResponse	FailureOperationIllegal	3	
LiveEditingBroadcastMessageType	Normal	0	
LiveEditingBroadcastMessageType	Warning	1	
LiveEditingBroadcastMessageType	Error	2	
LoadCharacterLayeredClothing	Default	0	
LoadCharacterLayeredClothing	Disabled	1	
LoadCharacterLayeredClothing	Enabled	2	
LoadDynamicHeads	Default	0	
LoadDynamicHeads	Disabled	1	
LoadDynamicHeads	Enabled	2	
LocationType	Character	0	
LocationType	Camera	1	
LocationType	ObjectPosition	2	
LuauTypeCheckMode	Default	0	
LuauTypeCheckMode	NoCheck	1	
LuauTypeCheckMode	Nonstrict	2	
LuauTypeCheckMode	Strict	3	
MakeupType	Face	0	
MakeupType	Lip	1	
MakeupType	Eye	2	
MarketplaceBulkPurchasePromptStatus	Completed	1	
MarketplaceBulkPurchasePromptStatus	Aborted	2	
MarketplaceBulkPurchasePromptStatus	Error	3	
MarketplaceItemPurchaseStatus	Success	1	
MarketplaceItemPurchaseStatus	SystemError	2	
MarketplaceItemPurchaseStatus	AlreadyOwned	3	
MarketplaceItemPurchaseStatus	InsufficientRobux	4	
MarketplaceItemPurchaseStatus	QuantityLimitExceeded	5	
MarketplaceItemPurchaseStatus	QuotaExceeded	6	
MarketplaceItemPurchaseStatus	NotForSale	7	
MarketplaceItemPurchaseStatus	NotAvailableForPurchaser	8	
MarketplaceItemPurchaseStatus	PriceMismatch	9	
MarketplaceItemPurchaseStatus	SoldOut	10	
MarketplaceItemPurchaseStatus	PurchaserIsSeller	11	
MarketplaceItemPurchaseStatus	InsufficientMembership	12	
MarketplaceItemPurchaseStatus	PlaceInvalid	13	
MarketplaceProductType	AvatarAsset	1	
MarketplaceProductType	AvatarBundle	2	
MarkupKind	PlainText	0	
MarkupKind	Markdown	1	
MatchmakingType	Default	1	
MatchmakingType	XboxOnly	2	
MatchmakingType	PlayStationOnly	3	
Material	Plastic	256	
Material	SmoothPlastic	272	
Material	Neon	288	
Material	Wood	512	
Material	WoodPlanks	528	
Material	Marble	784	
Material	Basalt	788	
Material	Slate	800	
Material	CrackedLava	804	
Material	Concrete	816	
Material	Limestone	820	
Material	Granite	832	
Material	Pavement	836	
Material	Brick	848	
Material	Pebble	864	
Material	Cobblestone	880	
Material	Rock	896	
Material	Sandstone	912	
Material	CorrodedMetal	1040	
Material	DiamondPlate	1056	
Material	Foil	1072	
Material	Metal	1088	
Material	Grass	1280	
Material	LeafyGrass	1284	
Material	Sand	1296	
Material	Fabric	1312	
Material	Snow	1328	
Material	Mud	1344	
Material	Ground	1360	
Material	Asphalt	1376	
Material	Salt	1392	
Material	Ice	1536	
Material	Glacier	1552	
Material	Glass	1568	
Material	ForceField	1584	
Material	Air	1792	notbrowsable
Material	Water	2048	notbrowsable
Material	Cardboard	2304	
Material	Carpet	2305	
Material	CeramicTiles	2306	
Material	ClayRoofTiles	2307	
Material	RoofShingles	2308	
Material	Leather	2309	
Material	Plaster	2310	
Material	Rubber	2311	
MaterialPattern	Regular	0	
MaterialPattern	Organic	1	
MembershipType	None	0	
MembershipType	BuildersClub	1	
MembershipType	TurboBuildersClub	2	
MembershipType	OutrageousBuildersClub	3	
MembershipType	Premium	4	
MergeResolution	None	0	
MergeResolution	UseSource	1	
MergeResolution	UseTarget	2	
MergeResolution	Manual	3	
MergeStatus	None	0	
MergeStatus	Loading	1	
MergeStatus	Merging	2	
MeshAttribute	Vertex	0	
MeshAttribute	Normal	1	
MeshAttribute	Color	2	
MeshAttribute	UV	3	
MeshAttribute	Face	4	
MeshPartDetailLevel	DistanceBased	0	
MeshPartDetailLevel	Level00	1	
MeshPartDetailLevel	Level01	2	
MeshPartDetailLevel	Level02	3	
MeshPartDetailLevel	Level03	4	
MeshPartDetailLevel	Level04	5	
MeshPartDetailLevel	Level05	6	
MeshPartDetailLevel	Level06	7	
MeshPartDetailLevel	Level07	8	
MeshPartDetailLevel	Level08	9	
MeshPartDetailLevel	Level09	10	
MeshPartHeadsAndAccessories	Default	0	
MeshPartHeadsAndAccessories	Disabled	1	
MeshPartHeadsAndAccessories	Enabled	2	
MeshScaleUnit	Stud	0	
MeshScaleUnit	Meter	1	
MeshScaleUnit	CM	2	
MeshScaleUnit	MM	3	
MeshScaleUnit	Foot	4	
MeshScaleUnit	Inch	5	
MeshType	Head	0	
MeshType	Torso	1	
MeshType	Wedge	2	
MeshType	Sphere	3	
MeshType	Cylinder	4	
MeshType	FileMesh	5	
MeshType	Brick	6	
MeshType	Prism	7	deprecated
MeshType	Pyramid	8	deprecated
MeshType	ParallelRamp	9	deprecated
MeshType	RightAngleRamp	10	deprecated
MeshType	CornerWedge	11	deprecated
MessageType	MessageOutput	0	
MessageType	MessageInfo	1	
MessageType	MessageWarning	2	
MessageType	MessageError	3	
ModelLevelOfDetail	Automatic	0	
ModelLevelOfDetail	StreamingMesh	1	
ModelLevelOfDetail	Disabled	2	
ModelLevelOfDetail	SLIM	4	
ModelStreamingBehavior	Default	0	
ModelStreamingBehavior	Legacy	1	
ModelStreamingBehavior	Improved	2	
ModelStreamingMode	Default	0	
ModelStreamingMode	Atomic	1	
ModelStreamingMode	Persistent	2	
ModelStreamingMode	PersistentPerPlayer	3	
ModelStreamingMode	Nonatomic	4	
ModerationResultCategory	ViolationDetected	0	
ModerationResultCategory	Borderline	1	
ModerationResultCategory	NoViolationDetected	2	
ModerationResultLabel	ChildExploitation	0	
ModerationResultLabel	SuicideSelfInjuryAndHarmfulBehavior	1	
ModerationResultLabel	ThreatsBullyingAndHarassment	2	
ModerationResultLabel	TerrorismAndViolentExtremism	3	
ModerationResultLabel	DiscriminationSlursAndHateSpeech	4	
ModerationResultLabel	RealWorldSensitiveEvents	5	
ModerationResultLabel	ViolentContentAndGore	6	
ModerationResultLabel	RomanticAndSexualContent	7	
ModerationResultLabel	IllegalAndRegulatedGoodsAndActivities	8	
ModerationResultLabel	Profanity	9	
ModerationResultLabel	Other	100	
ModerationStatus	ReviewedApproved	1	
ModerationStatus	ReviewedRejected	2	
ModerationStatus	NotReviewed	3	
ModerationStatus	NotApplicable	4	
ModerationStatus	Invalid	5	
ModifierKey	Shift	0	
ModifierKey	Ctrl	1	
ModifierKey	Alt	2	
ModifierKey	Meta	3	
MouseBehavior	Default	0	
MouseBehavior	LockCenter	1	
MouseBehavior	LockCurrentPosition	2	
MoveState	Stopped	0	
MoveState	Coasting	1	
MoveState	Pushing	2	
MoveState	Stopping	3	
MoveState	AirFree	4	
MuteState	Unmuted	0	
MuteState	Muted	1	
NameOcclusion	NoOcclusion	0	
NameOcclusion	EnemyOcclusion	1	
NameOcclusion	OccludeAll	2	
NegateOperationHiddenHistory	None	0	
NegateOperationHiddenHistory	NegatedUnion	1	
NegateOperationHiddenHistory	NegatedIntersection	2	
NetworkOwnership	Automatic	0	
NetworkOwnership	Manual	1	
NetworkOwnership	OnContact	2	
NetworkStatus	Unknown	0	
NetworkStatus	Connected	1	
NetworkStatus	Disconnected	2	
NoiseType	SimplexGabor	0	
NormalId	Right	0	
NormalId	Top	1	
NormalId	Back	2	
NormalId	Left	3	
NormalId	Bottom	4	
NormalId	Front	5	
NotificationButtonType	Primary	0	
NotificationButtonType	Secondary	1	
OperationType	Null	0	
OperationType	Union	1	
OperationType	Subtraction	2	
OperationType	Intersection	3	
OperationType	Primitive	4	
OrientationAlignmentMode	OneAttachment	0	
OrientationAlignmentMode	TwoAttachment	1	
OutfitSource	All	1	
OutfitSource	Created	2	
OutfitSource	Purchased	3	
OutfitType	All	1	
OutfitType	Avatar	2	
OutfitType	DynamicHead	3	
OutfitType	Shoes	4	
OutfitType	Makeup	5	
OutputLayoutMode	Horizontal	0	
OutputLayoutMode	Vertical	1	
OverrideMouseIconBehavior	None	0	
OverrideMouseIconBehavior	ForceShow	1	
OverrideMouseIconBehavior	ForceHide	2	
PackagePermission	None	0	
PackagePermission	NoAccess	1	
PackagePermission	Revoked	2	
PackagePermission	UseView	3	
PackagePermission	Edit	4	
PackagePermission	Own	5	
PageMilestoneType	Interactive	0	
PageMilestoneType	SurfaceMounted	1	
PageMilestoneType	FunctionallyReady	2	
PageMilestoneType	SurfaceReady	3	
PageType	AvatarEditor	0	
PageType	Party	1	
PageType	ExperienceDetail	2	
PageType	AvatarMarketplace	3	
PartType	Ball	0	
PartType	Block	1	
PartType	Cylinder	2	
PartType	Wedge	3	
PartType	CornerWedge	4	
ParticleEmitterShape	Box	0	
ParticleEmitterShape	Sphere	1	
ParticleEmitterShape	Cylinder	2	
ParticleEmitterShape	Disc	3	
ParticleEmitterShapeInOut	Outward	0	
ParticleEmitterShapeInOut	Inward	1	
ParticleEmitterShapeInOut	InAndOut	2	
ParticleEmitterShapeStyle	Volume	0	
ParticleEmitterShapeStyle	Surface	1	
ParticleFlipbookLayout	None	0	
ParticleFlipbookLayout	Grid2x2	1	
ParticleFlipbookLayout	Grid4x4	2	
ParticleFlipbookLayout	Grid8x8	3	
ParticleFlipbookLayout	Custom	4	
ParticleFlipbookMode	Loop	0	
ParticleFlipbookMode	OneShot	1	
ParticleFlipbookMode	PingPong	2	
ParticleFlipbookMode	Random	3	
ParticleFlipbookTextureCompatible	NotCompatible	0	
ParticleFlipbookTextureCompatible	Compatible	1	
ParticleFlipbookTextureCompatible	Unknown	2	
ParticleOrientation	FacingCamera	0	
ParticleOrientation	FacingCameraWorldUp	1	
ParticleOrientation	VelocityParallel	2	
ParticleOrientation	VelocityPerpendicular	3	
PathStatus	Success	0	
PathStatus	ClosestNoPath	1	deprecated
PathStatus	ClosestOutOfRange	2	deprecated
PathStatus	FailStartNotEmpty	3	deprecated
PathStatus	FailFinishNotEmpty	4	deprecated
PathStatus	NoPath	5	
PathWaypointAction	Walk	0	
PathWaypointAction	Jump	1	
PathWaypointAction	Custom	2	
PathfindingUseImprovedSearch	Default	0	
PathfindingUseImprovedSearch	Disabled	1	
PathfindingUseImprovedSearch	Enabled	2	
PeoplePageLayout	Card	0	
PeoplePageLayout	List	1	
PerformanceOverlayMode	Overdraw	0	
PerformanceOverlayMode	Transparent	1	
PerformanceOverlayMode	Decals	2	
PerformanceOverlayMode	Lights	3	
PermissionLevelShown	Game	0	
PermissionLevelShown	RobloxGame	1	
PermissionLevelShown	RobloxScript	2	
PermissionLevelShown	Studio	3	
PermissionLevelShown	Roblox	4	
PhysicalConstraintType	AnimationConstraint	0	
PhysicalConstraintType	Motor6D	1	
PhysicsSimulationRate	Fixed240Hz	0	
PhysicsSimulationRate	Fixed120Hz	1	
PhysicsSimulationRate	Fixed60Hz	2	
PhysicsSteppingMethod	Default	0	
PhysicsSteppingMethod	Fixed	1	
PhysicsSteppingMethod	Adaptive	2	
PinExperienceStatus	Success	0	
PinExperienceStatus	Failure	1	
PinExperienceStatus	AlreadyExists	2	
PioneerSource	Roblox	0	
PioneerSource	DaveyBazooka	1	
PioneerSource	Oof	2	
PlaceContentPreference	None	0	
PlaceContentPreference	All	1	
PlaceContentPreference	MentionsAndReplies	2	
PlaceContentPreference	Unknown	3	
PlacePublishType	None	0	
PlacePublishType	Publish	1	
PlacePublishType	Save	2	
Platform	Windows	0	
Platform	OSX	1	
Platform	IOS	2	
Platform	Android	3	
Platform	XBoxOne	4	
Platform	PS4	5	
Platform	PS3	6	
Platform	XBox360	7	
Platform	WiiU	8	
Platform	NX	9	
Platform	Ouya	10	
Platform	AndroidTV	11	
Platform	Chromecast	12	
Platform	Linux	13	
Platform	SteamOS	14	
Platform	WebOS	15	
Platform	DOS	16	
Platform	BeOS	17	
Platform	UWP	18	
Platform	PS5	19	
Platform	MetaOS	20	
Platform	Web	21	
Platform	None	22	
PlaybackState	Begin	0	
PlaybackState	Delayed	1	
PlaybackState	Playing	2	
PlaybackState	Paused	3	
PlaybackState	Completed	4	
PlaybackState	Cancelled	5	
PlayerActions	CharacterForward	0	
PlayerActions	CharacterBackward	1	
PlayerActions	CharacterLeft	2	
PlayerActions	CharacterRight	3	
PlayerActions	CharacterJump	4	
PlayerCharacterDestroyBehavior	Default	0	
PlayerCharacterDestroyBehavior	Disabled	1	
PlayerCharacterDestroyBehavior	Enabled	2	
PlayerChatType	All	0	
PlayerChatType	Team	1	
PlayerChatType	Whisper	2	
PlayerDataErrorState	LoadFailed	0	
PlayerDataErrorState	FlushFailed	1	
PlayerDataErrorState	ReleaseFailed	2	
PlayerDataErrorState	None	3	
PlayerDataLoadFailureBehavior	Failure	0	
PlayerDataLoadFailureBehavior	FallbackToDefault	1	
PlayerDataLoadFailureBehavior	Kick	2	
PlayerExitReason	Unknown	0	
PlayerExitReason	PlatformKick	1	
PlayerExitReason	CreatorKick	2	
PlayerPlatformActivationStatus	Unknown	0	
PlayerPlatformActivationStatus	New	1	
PlayerPlatformActivationStatus	Active	2	
PlayerPlatformActivationStatus	Lapsed	3	
PlayerPlatformActivationStatus	Reactivated	4	
PlayerPlatformSpenderStatus	Unknown	0	
PlayerPlatformSpenderStatus	Active	1	
PlayerPlatformSpenderStatus	OtherPayer	2	
PluginConnectionTargetType	Edit	0	
PluginConnectionTargetType	Test	1	
PoseEasingDirection	In	0	
PoseEasingDirection	Out	1	
PoseEasingDirection	InOut	2	
PoseEasingStyle	Linear	0	
PoseEasingStyle	Constant	1	
PoseEasingStyle	Elastic	2	
PoseEasingStyle	Cubic	3	deprecated
PoseEasingStyle	Bounce	4	
PoseEasingStyle	CubicV2	5	
PositionAlignmentMode	OneAttachment	0	
PositionAlignmentMode	TwoAttachment	1	
PredictionMode	Automatic	0	
PredictionMode	On	1	
PredictionMode	Off	2	
PredictionStatus	Authoritative	0	
PredictionStatus	Predicted	1	
PredictionStatus	None	2	
PredictiveStreamingMode	Default	0	
PredictiveStreamingMode	Enabled	1	
PredictiveStreamingMode	Disabled	2	
PreferredInput	KeyboardAndMouse	0	
PreferredInput	Gamepad	1	
PreferredInput	Touch	2	
PreferredInput	MicroGamepad	3	
PreferredTextSize	Medium	1	
PreferredTextSize	Large	2	
PreferredTextSize	Larger	3	
PreferredTextSize	Largest	4	
PrefetchDownloadStatus	NotStarted	0	
PrefetchDownloadStatus	InProgress	1	
PrefetchDownloadStatus	Completed	2	
PrefetchDownloadStatus	Failed	3	
PrimalPhysicsSolver	Default	0	
PrimalPhysicsSolver	Experimental	1	
PrimalPhysicsSolver	Disabled	2	
PrimitiveType	Null	0	
PrimitiveType	Ball	1	
PrimitiveType	Cylinder	2	
PrimitiveType	Block	3	
PrimitiveType	Wedge	4	
PrimitiveType	CornerWedge	5	
PrivilegeType	Banned	0	
PrivilegeType	Visitor	10	
PrivilegeType	Member	128	
PrivilegeType	Admin	240	
PrivilegeType	Owner	255	
ProductLocationRestriction	AvatarShop	0	
ProductLocationRestriction	AllowedGames	1	
ProductLocationRestriction	AllGames	2	
ProductPurchaseChannel	InExperience	1	
ProductPurchaseChannel	ExperienceDetailsPage	2	
ProductPurchaseChannel	AdReward	3	
ProductPurchaseChannel	CommerceProduct	4	
ProductPurchaseDecision	NotProcessedYet	0	
ProductPurchaseDecision	PurchaseGranted	1	
PromptCreateAssetResult	Success	1	
PromptCreateAssetResult	PermissionDenied	2	
PromptCreateAssetResult	Timeout	3	
PromptCreateAssetResult	UploadFailed	4	
PromptCreateAssetResult	NoUserInput	5	
PromptCreateAssetResult	UnknownFailure	6	
PromptCreateAssetResult	UGCValidationFailed	7	
PromptCreateAssetResult	ModeratedName	8	
PromptCreateAssetResult	PurchaseFailure	9	
PromptCreateAssetResult	TokenInvalid	10	
PromptCreateAvatarResult	Success	1	
PromptCreateAvatarResult	PermissionDenied	2	
PromptCreateAvatarResult	Timeout	3	
PromptCreateAvatarResult	UploadFailed	4	
PromptCreateAvatarResult	NoUserInput	5	
PromptCreateAvatarResult	InvalidHumanoidDescription	6	
PromptCreateAvatarResult	UGCValidationFailed	7	
PromptCreateAvatarResult	ModeratedName	8	
PromptCreateAvatarResult	MaxOutfits	9	
PromptCreateAvatarResult	PurchaseFailure	10	
PromptCreateAvatarResult	UnknownFailure	11	
PromptCreateAvatarResult	TokenInvalid	12	
PromptCreateOutfitResult	Success	1	
PromptCreateOutfitResult	PartialSuccess	2	
PromptCreateOutfitResult	CreationFailure	3	
PromptCreateOutfitResult	PermissionDenied	4	
PromptCreateOutfitResult	Timeout	5	
PromptCreateOutfitResult	NoUserInput	6	
PromptCreateOutfitResult	UnknownFailure	7	
PromptCreateOutfitResult	UGCValidationFailed	8	
PromptCreatePlatformContentResult	Success	1	
PromptCreatePlatformContentResult	PermissionDenied	2	
PromptCreatePlatformContentResult	Timeout	3	
PromptCreatePlatformContentResult	UploadFailed	4	
PromptCreatePlatformContentResult	NoUserInput	5	
PromptCreatePlatformContentResult	UnknownFailure	6	
PromptCreatePlatformContentResult	UGCValidationFailed	7	
PromptCreatePlatformContentResult	ModeratedName	8	
PromptCreatePlatformContentResult	PurchaseFailure	9	
PromptCreatePlatformContentResult	TokenInvalid	10	
PromptExperienceDetailsResult	PromptClosed	0	
PromptExperienceDetailsResult	TeleportAttempted	1	
PromptLinkSharingResult	Success	1	
PromptLinkSharingResult	PlayerLeft	2	
PromptLinkSharingResult	InvalidLaunchData	3	
PromptPublishAssetResult	Success	1	
PromptPublishAssetResult	PermissionDenied	2	
PromptPublishAssetResult	Timeout	3	
PromptPublishAssetResult	UploadFailed	4	
PromptPublishAssetResult	NoUserInput	5	
PromptPublishAssetResult	UnknownFailure	6	
PropertyStatus	Ok	0	
PropertyStatus	Warning	1	
PropertyStatus	Error	2	
ProximityPromptExclusivity	OnePerButton	0	
ProximityPromptExclusivity	OneGlobally	1	
ProximityPromptExclusivity	AlwaysShow	2	
ProximityPromptInputType	Keyboard	0	
ProximityPromptInputType	Gamepad	1	
ProximityPromptInputType	Touch	2	
ProximityPromptStyle	Default	0	
ProximityPromptStyle	Custom	1	
PurchaseOption	TimedOption	1	
PurchaseOption	Permanent	2	
QualityLevel	Automatic	0	
QualityLevel	Level01	1	
QualityLevel	Level02	2	
QualityLevel	Level03	3	
QualityLevel	Level04	4	
QualityLevel	Level05	5	
QualityLevel	Level06	6	
QualityLevel	Level07	7	
QualityLevel	Level08	8	
QualityLevel	Level09	9	
QualityLevel	Level10	10	
QualityLevel	Level11	11	
QualityLevel	Level12	12	
QualityLevel	Level13	13	
QualityLevel	Level14	14	
QualityLevel	Level15	15	
QualityLevel	Level16	16	
QualityLevel	Level17	17	
QualityLevel	Level18	18	
QualityLevel	Level19	19	
QualityLevel	Level20	20	
QualityLevel	Level21	21	
QueueDecision	Commit	0	
QueueDecision	Defer	1	
R15CollisionType	OuterBox	0	
R15CollisionType	InnerBox	1	
RaycastFilterType	Exclude	0	
RaycastFilterType	Include	1	
ReadCapturesFromGalleryResult	Success	0	
ReadCapturesFromGalleryResult	NeedPermission	1	
ReceiptDecision	NotProcessedYet	0	
ReceiptDecision	Processed	1	
ReceiptType	DeveloperProduct	0	
ReceiptType	RobuxTransferSender	1	
ReceiptType	RobuxTransferReceiver	2	
RecommendationActionType	AddReaction	0	
RecommendationActionType	RemoveReaction	1	
RecommendationActionType	Share	2	
RecommendationActionType	Report	3	
RecommendationActionType	Comment	4	
RecommendationActionType	Play	5	
RecommendationActionType	Purchase	6	
RecommendationDepartureIntent	Neutral	0	
RecommendationDepartureIntent	Positive	1	
RecommendationDepartureIntent	Negative	2	
RecommendationImpressionType	View	0	
RecommendationImpressionType	NotViewable	1	
RecommendationItemContentType	Static	0	
RecommendationItemContentType	Dynamic	1	
RecommendationItemContentType	Interactive	2	
RecommendationItemVisibility	Private	0	
RecommendationItemVisibility	Public	1	
RecommendationPreferenceTargetType	User	0	
RecommendationPreferenceTargetType	Universe	1	
RecommendationPreferenceTargetType	CustomTag	2	
RecommendationPreferenceType	AddFollow	0	
RecommendationPreferenceType	RemoveFollow	1	
RecommendationPreferenceType	AddMute	2	
RecommendationPreferenceType	RemoveMute	3	
RejectCharacterDeletions	Default	0	
RejectCharacterDeletions	Disabled	1	
RejectCharacterDeletions	Enabled	2	
RenderFidelity	Automatic	0	
RenderFidelity	Precise	1	
RenderFidelity	Performance	2	
RenderPriority	First	0	
RenderPriority	Input	100	
RenderPriority	Camera	200	
RenderPriority	Character	300	
RenderPriority	Last	2000	
RenderingCacheOptimizationMode	Default	0	
RenderingCacheOptimizationMode	Disabled	1	
RenderingCacheOptimizationMode	Enabled	2	
RenderingTestComparisonMethod	psnr	0	
RenderingTestComparisonMethod	diff	1	
ReplicateInstanceDestroySetting	Default	0	
ReplicateInstanceDestroySetting	Disabled	1	
ReplicateInstanceDestroySetting	Enabled	2	
ResamplerMode	Default	0	
ResamplerMode	Pixelated	1	
ReservedHighlightId	Standard	0	
ReservedHighlightId	Active	131072	
ReservedHighlightId	Hover	262144	
ReservedHighlightId	Selection	524288	
ReservedHighlightId	NegatedPart	1048576	
RestPose	Default	0	
RestPose	RotationsReset	1	
RestPose	Custom	2	
RestPoseModel	FromRigInACE	0	
RestPoseModel	FromRigInFile	1	
RestPoseModel	FromRigInFileZeroedRotations	2	
RestPoseModel	FromCustomClip	3	
ReturnKeyType	Default	0	
ReturnKeyType	Done	1	
ReturnKeyType	Go	2	
ReturnKeyType	Next	3	
ReturnKeyType	Search	4	
ReturnKeyType	Send	5	
ReverbType	NoReverb	0	
ReverbType	GenericReverb	1	
ReverbType	PaddedCell	2	
ReverbType	Room	3	
ReverbType	Bathroom	4	
ReverbType	LivingRoom	5	
ReverbType	StoneRoom	6	
ReverbType	Auditorium	7	
ReverbType	ConcertHall	8	
ReverbType	Cave	9	
ReverbType	Arena	10	
ReverbType	Hangar	11	
ReverbType	CarpettedHallway	12	
ReverbType	Hallway	13	
ReverbType	StoneCorridor	14	
ReverbType	Alley	15	
ReverbType	Forest	16	
ReverbType	City	17	
ReverbType	Mountains	18	
ReverbType	Quarry	19	
ReverbType	Plain	20	
ReverbType	ParkingLot	21	
ReverbType	SewerPipe	22	
ReverbType	UnderWater	23	
ReviewableContentState	Pending	0	
ReviewableContentState	Completed	1	
ReviewableContentState	Failed	2	
RibbonTool	Select	0	
RibbonTool	Scale	1	
RibbonTool	Rotate	2	
RibbonTool	Move	3	
RibbonTool	Transform	4	
RibbonTool	ColorPicker	5	
RibbonTool	MaterialPicker	6	deprecated
RibbonTool	Group	7	
RibbonTool	Ungroup	8	
RibbonTool	None	9	
RibbonTool	PivotEditor	10	
RigLabel	Invalid	0	
RigLabel	Root	2	
RigLabel	LeftHip	3	
RigLabel	LeftKnee	4	
RigLabel	LeftAnkle	5	
RigLabel	RightHip	7	
RigLabel	RightKnee	8	
RigLabel	RightAnkle	9	
RigLabel	Waist	11	
RigLabel	LeftShoulder	12	
RigLabel	LeftElbow	13	
RigLabel	LeftWrist	14	
RigLabel	RightShoulder	16	
RigLabel	RightElbow	17	
RigLabel	RightWrist	18	
RigLabel	Neck	20	
RigLabel	Spine	23	
RigLabel	Chest	24	
RigLabel	HeadBase	25	
RigLabel	LeftClavicle	26	
RigLabel	RightClavicle	27	
RigLabel	LeftToeBase	28	
RigLabel	RightToeBase	29	
RigLabel	Thumb1	30	
RigLabel	Thumb2	31	
RigLabel	Thumb3	32	
RigLabel	Index1	33	
RigLabel	Index2	34	
RigLabel	Index3	35	
RigLabel	Middle1	36	
RigLabel	Middle2	37	
RigLabel	Middle3	38	
RigLabel	Ring1	39	
RigLabel	Ring2	40	
RigLabel	Ring3	41	
RigLabel	Pinky1	42	
RigLabel	Pinky2	43	
RigLabel	Pinky3	44	
RigScale	Default	0	
RigScale	Rthro	1	
RigScale	RthroNarrow	2	
RigType	R15	0	
RigType	CustomHumanoid	1	
RigType	Custom	2	
RigType	None	3	
RollOffMode	Inverse	0	
RollOffMode	Linear	1	
RollOffMode	LinearSquare	2	
RollOffMode	InverseTapered	3	
RolloutState	Default	0	
RolloutState	Disabled	1	
RolloutState	Enabled	2	
RotationOrder	XYZ	0	
RotationOrder	XZY	1	
RotationOrder	YZX	2	
RotationOrder	YXZ	3	
RotationOrder	ZXY	4	
RotationOrder	ZYX	5	
RotationType	MovementRelative	0	
RotationType	CameraRelative	1	
RsvpStatus	None	0	
RsvpStatus	Going	1	
RsvpStatus	NotGoing	2	
RtlTextSupport	Default	0	
RtlTextSupport	Disabled	1	
RtlTextSupport	Enabled	2	
RunContext	Legacy	0	
RunContext	Server	1	
RunContext	Client	2	
RunContext	Plugin	3	
RunState	Stopped	0	
RunState	Running	1	
RunState	Paused	2	
RuntimeUndoBehavior	Aggregate	0	
RuntimeUndoBehavior	Snapshot	1	
RuntimeUndoBehavior	Hybrid	2	
SafeAreaCompatibility	None	0	
SafeAreaCompatibility	FullscreenExtension	1	
SalesTypeFilter	All	1	
SalesTypeFilter	Collectibles	2	
SalesTypeFilter	Premium	3	
SalesTypeFilter	TimedOptions	4	
SandboxedInstanceMode	Default	0	
SandboxedInstanceMode	Experimental	1	
SaveAvatarThumbnailCustomizationFailure	BadThumbnailType	1	
SaveAvatarThumbnailCustomizationFailure	BadYRotDeg	2	
SaveAvatarThumbnailCustomizationFailure	BadFieldOfViewDeg	3	
SaveAvatarThumbnailCustomizationFailure	BadDistanceScale	4	
SaveAvatarThumbnailCustomizationFailure	Other	5	
SaveAvatarThumbnailCustomizationFailure	Throttled	6	
SaveFilter	SaveWorld	0	
SaveFilter	SaveGame	1	
SaveFilter	SaveAll	2	
SavedQualitySetting	Automatic	0	
SavedQualitySetting	QualityLevel1	1	
SavedQualitySetting	QualityLevel2	2	
SavedQualitySetting	QualityLevel3	3	
SavedQualitySetting	QualityLevel4	4	
SavedQualitySetting	QualityLevel5	5	
SavedQualitySetting	QualityLevel6	6	
SavedQualitySetting	QualityLevel7	7	
SavedQualitySetting	QualityLevel8	8	
SavedQualitySetting	QualityLevel9	9	
SavedQualitySetting	QualityLevel10	10	
ScaleType	Stretch	0	
ScaleType	Slice	1	
ScaleType	Tile	2	
ScaleType	Fit	3	
ScaleType	Crop	4	
ScopeCheckResult	ConsentAccepted	0	
ScopeCheckResult	InvalidScopes	1	
ScopeCheckResult	Timeout	2	
ScopeCheckResult	NoUserInput	3	
ScopeCheckResult	BackendError	4	
ScopeCheckResult	UnexpectedError	5	
ScopeCheckResult	InvalidArgument	6	
ScopeCheckResult	ConsentDenied	7	
ScreenInsets	None	0	
ScreenInsets	DeviceSafeInsets	1	
ScreenInsets	CoreUISafeInsets	2	
ScreenInsets	TopbarSafeInsets	3	
ScreenOrientation	LandscapeLeft	0	
ScreenOrientation	LandscapeRight	1	
ScreenOrientation	LandscapeSensor	2	
ScreenOrientation	Portrait	3	
ScreenOrientation	Sensor	4	
ScreenshotCaptureResult	Success	0	
ScreenshotCaptureResult	OtherError	1	
ScreenshotCaptureResult	NoDeviceSupport	2	
ScreenshotCaptureResult	NoSpaceOnDevice	3	
ScriptScannerUpdateType	Init	0	
ScriptScannerUpdateType	Added	1	
ScriptScannerUpdateType	Removed	2	
ScriptStoppedReason	Breakpoint	0	
ScriptStoppedReason	Exception	1	
ScriptStoppedReason	Pause	2	
ScriptStoppedReason	Step	3	
ScriptStoppedReason	Entry	4	
ScriptVariableScope	Local	0	
ScriptVariableScope	Upvalue	1	
ScriptVariableScope	Global	2	
ScrollBarInset	None	0	
ScrollBarInset	ScrollBar	1	
ScrollBarInset	Always	2	
ScrollState	Idle	0	
ScrollState	Scrolling	1	
ScrollingDirection	X	1	
ScrollingDirection	Y	2	
ScrollingDirection	XY	4	
SecurityCapability	RunClientScript	0	
SecurityCapability	RunServerScript	1	
SecurityCapability	AccessOutsideWrite	2	
SecurityCapability	AssetRequire	3	deprecated
SecurityCapability	LoadString	4	
SecurityCapability	ScriptGlobals	5	
SecurityCapability	CreateInstances	6	
SecurityCapability	Basic	7	
SecurityCapability	Audio	8	
SecurityCapability	DataStore	9	
SecurityCapability	Network	10	
SecurityCapability	Physics	11	
SecurityCapability	UI	12	
SecurityCapability	CSG	13	
SecurityCapability	Chat	14	
SecurityCapability	Animation	15	
SecurityCapability	Avatar	16	deprecated
SecurityCapability	Input	17	
SecurityCapability	Environment	18	
SecurityCapability	RemoteEvent	19	
SecurityCapability	LegacySound	20	
SecurityCapability	Players	21	
SecurityCapability	CapabilityControl	22	
SecurityCapability	Plugin	23	
SecurityCapability	LocalUser	24	
SecurityCapability	WritePlayer	25	
SecurityCapability	RobloxScript	26	
SecurityCapability	RobloxEngine	27	
SecurityCapability	Unassigned	28	
SecurityCapability	InternalTest	29	
SecurityCapability	PluginOrOpenCloud	30	
SecurityCapability	Assistant	31	
SecurityCapability	RemoteCommand	32	
SecurityCapability	AssetRead	33	
SecurityCapability	AssetManagement	34	
SecurityCapability	DynamicGeneration	35	
SecurityCapability	PlatformAvatarEditing	36	
SecurityCapability	AssetCreateUpdate	37	
SecurityCapability	Capture	38	
SecurityCapability	SensitiveInput	39	
SecurityCapability	Monetization	40	
SecurityCapability	LoadOwnedAsset	41	
SecurityCapability	Social	42	
SecurityCapability	ServerCommunication	43	
SecurityCapability	Logging	44	
SecurityCapability	PromptExternalPurchase	45	
SecurityCapability	Groups	46	
SecurityCapability	Teleport	47	
SecurityCapability	Consequences	48	
SecurityCapability	Material	49	
SecurityCapability	AvatarBehavior	50	
SecurityCapability	AvatarAppearance	51	
SecurityCapability	LoadUnownedAsset	52	
SelectionBehavior	Escape	0	
SelectionBehavior	Stop	1	
SelectionRenderMode	Outlines	0	
SelectionRenderMode	BoundingBoxes	1	
SelectionRenderMode	Both	2	
SelfViewPosition	LastPosition	0	
SelfViewPosition	TopLeft	1	
SelfViewPosition	TopRight	2	
SelfViewPosition	BottomLeft	3	
SelfViewPosition	BottomRight	4	
SensorMode	Floor	0	
SensorMode	Ladder	1	
SensorMode	ClassicFloor	2	
SensorMode	ClassicLadder	3	
SensorUpdateType	OnRead	0	
SensorUpdateType	Manual	1	
ServerLiveEditingMode	Uninitialized	0	
ServerLiveEditingMode	Enabled	1	
ServerLiveEditingMode	Disabled	2	
ServiceVisibility	Always	0	
ServiceVisibility	Off	1	
ServiceVisibility	WithChildren	2	
Severity	Error	1	
Severity	Warning	2	
Severity	Information	3	
Severity	Hint	4	
ShowAdResult	ShowCompleted	1	
ShowAdResult	AdNotReady	2	
ShowAdResult	AdAlreadyShowing	3	
ShowAdResult	InternalError	4	
ShowAdResult	ShowInterrupted	5	
ShowAdResult	InsufficientMemory	6	
SignalBehavior	Default	0	
SignalBehavior	Immediate	1	
SignalBehavior	Deferred	2	
SignalBehavior	AncestryDeferred	3	
SimulationMode	Default	0	
SimulationMode	Enabled	1	
SimulationMode	Disabled	2	
SizeConstraint	RelativeXY	0	
SizeConstraint	RelativeXX	1	
SizeConstraint	RelativeYY	2	
SlimTintMode	None	0	
SlimTintMode	LevelOfDetail	1	
SlimTintMode	Meshes	2	
SlimTintMode	MeshResourcePtr	3	
SlimTintMode	ContentId	4	
SlimTintMode	DataModelState	5	
SlimTintMode	TranscoderStatus	6	
SlimTranscoderStatus	Unknown	0	
SlimTranscoderStatus	Transcoding	1	
SlimTranscoderStatus	Succeeded	2	
SlimTranscoderStatus	Failed	3	
SlimViewContext	Player	0	
SlimViewContext	Editor	1	
SlimViewContext	ImGui	2	
SolverConvergenceMetricType	IterationBased	0	
SolverConvergenceMetricType	AlgorithmAgnostic	1	
SolverConvergenceVisualizationMode	Disabled	0	
SolverConvergenceVisualizationMode	PerIsland	1	
SolverConvergenceVisualizationMode	PerEdge	2	
SortDirection	Ascending	0	
SortDirection	Descending	1	
SortOrder	Name	0	
SortOrder	Custom	1	deprecated
SortOrder	LayoutOrder	2	
SpecialKey	Insert	0	
SpecialKey	Home	1	
SpecialKey	End	2	
SpecialKey	PageUp	3	
SpecialKey	PageDown	4	
SpecialKey	ChatHotkey	5	
StartCorner	TopLeft	0	
StartCorner	TopRight	1	
StartCorner	BottomLeft	2	
StartCorner	BottomRight	3	
StateObjectFieldType	Boolean	0	deprecated
StateObjectFieldType	CFrame	1	deprecated
StateObjectFieldType	Color3	2	deprecated
StateObjectFieldType	Float	3	deprecated
StateObjectFieldType	Instance	4	deprecated
StateObjectFieldType	Random	5	deprecated
StateObjectFieldType	Vector2	6	deprecated
StateObjectFieldType	Vector3	7	deprecated
StateObjectFieldType	INVALID	8	deprecated
StateReferenceFrame	CurrentState	0	
StateReferenceFrame	PreviousState	1	
StateReferenceFrame	LastObservedState	2	
Status	Poison	0	deprecated
Status	Confusion	1	deprecated
StepFrequency	Hz60	0	
StepFrequency	Hz30	1	
StepFrequency	Hz15	2	
StepFrequency	Hz10	3	
StepFrequency	Hz5	4	
StepFrequency	Hz1	5	
StreamOutBehavior	Default	0	
StreamOutBehavior	LowMemory	1	
StreamOutBehavior	Opportunistic	2	
StreamingIntegrityMode	Default	0	
StreamingIntegrityMode	Disabled	1	
StreamingIntegrityMode	MinimumRadiusPause	2	
StreamingIntegrityMode	PauseOutsideLoadedArea	3	
StreamingPauseMode	Default	0	deprecated
StreamingPauseMode	Disabled	1	deprecated
StreamingPauseMode	ClientPhysicsPause	2	deprecated
StrokeSizingMode	FixedSize	0	
StrokeSizingMode	ScaledSize	1	
StudioAction	Undo	0	
StudioAction	Redo	1	
StudioAction	SelectAll	2	
StudioAction	DeleteSelected	3	
StudioAction	DuplicateSelection	4	
StudioAction	ClearSelection	5	
StudioAction	ZoomExtents	6	
StudioAction	Copy	61	
StudioAction	Cut	62	
StudioAction	Paste	63	
StudioCaptureBufferStatus	NotStarted	0	
StudioCaptureBufferStatus	Pending	1	
StudioCaptureBufferStatus	Ready	2	
StudioCaptureBufferStatus	Error	3	
StudioCaptureScreenshotFormat	RGBA8	0	
StudioCaptureScreenshotFormat	PNG	1	
StudioCloseMode	None	0	
StudioCloseMode	CloseStudio	1	
StudioCloseMode	CloseDoc	2	
StudioCloseMode	LogOut	3	
StudioDataModelType	Edit	0	
StudioDataModelType	PlayClient	1	
StudioDataModelType	PlayServer	2	
StudioDataModelType	Standalone	3	
StudioDataModelType	None	4	
StudioPlaceUpdateFailureReason	Other	0	
StudioPlaceUpdateFailureReason	TeamCreateConflict	1	
StudioScriptEditorColorCategories	Default	0	
StudioScriptEditorColorCategories	Operator	1	
StudioScriptEditorColorCategories	Number	2	
StudioScriptEditorColorCategories	String	3	
StudioScriptEditorColorCategories	Comment	4	
StudioScriptEditorColorCategories	Keyword	5	
StudioScriptEditorColorCategories	Builtin	6	
StudioScriptEditorColorCategories	Method	7	
StudioScriptEditorColorCategories	Property	8	
StudioScriptEditorColorCategories	Nil	9	
StudioScriptEditorColorCategories	Bool	10	
StudioScriptEditorColorCategories	Function	11	
StudioScriptEditorColorCategories	Local	12	
StudioScriptEditorColorCategories	Self	13	
StudioScriptEditorColorCategories	LuauKeyword	14	
StudioScriptEditorColorCategories	FunctionName	15	
StudioScriptEditorColorCategories	TODO	16	
StudioScriptEditorColorCategories	Background	17	
StudioScriptEditorColorCategories	SelectionText	18	
StudioScriptEditorColorCategories	SelectionBackground	19	
StudioScriptEditorColorCategories	FindSelectionBackground	20	
StudioScriptEditorColorCategories	MatchingWordBackground	21	
StudioScriptEditorColorCategories	Warning	22	
StudioScriptEditorColorCategories	Error	23	
StudioScriptEditorColorCategories	Info	24	
StudioScriptEditorColorCategories	Hint	25	
StudioScriptEditorColorCategories	Whitespace	26	
StudioScriptEditorColorCategories	ActiveLine	27	
StudioScriptEditorColorCategories	DebuggerCurrentLine	28	
StudioScriptEditorColorCategories	DebuggerErrorLine	29	
StudioScriptEditorColorCategories	Ruler	30	
StudioScriptEditorColorCategories	Bracket	31	
StudioScriptEditorColorCategories	Type	32	
StudioScriptEditorColorCategories	MenuPrimaryText	33	
StudioScriptEditorColorCategories	MenuSecondaryText	34	
StudioScriptEditorColorCategories	MenuSelectedText	35	
StudioScriptEditorColorCategories	MenuBackground	36	
StudioScriptEditorColorCategories	MenuSelectedBackground	37	
StudioScriptEditorColorCategories	MenuScrollbarBackground	38	
StudioScriptEditorColorCategories	MenuScrollbarHandle	39	
StudioScriptEditorColorCategories	MenuBorder	40	
StudioScriptEditorColorCategories	DocViewCodeBackground	41	
StudioScriptEditorColorCategories	AICOOverlayText	42	
StudioScriptEditorColorCategories	AICOOverlayButtonBackground	43	
StudioScriptEditorColorCategories	AICOOverlayButtonBackgroundHover	44	
StudioScriptEditorColorCategories	AICOOverlayButtonBackgroundPressed	45	
StudioScriptEditorColorCategories	IndentationRuler	46	
StudioScriptEditorColorCategories	ReviewableChangeAddedText	47	
StudioScriptEditorColorCategories	ReviewableChangeRemovedText	48	
StudioScriptEditorColorPresets	RobloxDefault	0	
StudioScriptEditorColorPresets	Extra1	1	
StudioScriptEditorColorPresets	Extra2	2	
StudioScriptEditorColorPresets	Custom	3	
StudioStyleGuideColor	MainBackground	0	
StudioStyleGuideColor	Titlebar	1	
StudioStyleGuideColor	Dropdown	2	
StudioStyleGuideColor	Tooltip	3	
StudioStyleGuideColor	Notification	4	
StudioStyleGuideColor	ScrollBar	5	
StudioStyleGuideColor	ScrollBarBackground	6	
StudioStyleGuideColor	TabBar	7	
StudioStyleGuideColor	Tab	8	
StudioStyleGuideColor	FilterButtonDefault	9	
StudioStyleGuideColor	FilterButtonHover	10	
StudioStyleGuideColor	FilterButtonChecked	11	
StudioStyleGuideColor	FilterButtonAccent	12	
StudioStyleGuideColor	FilterButtonBorder	13	
StudioStyleGuideColor	FilterButtonBorderAlt	14	
StudioStyleGuideColor	RibbonTab	15	
StudioStyleGuideColor	RibbonTabTopBar	16	
StudioStyleGuideColor	Button	17	
StudioStyleGuideColor	MainButton	18	
StudioStyleGuideColor	RibbonButton	19	
StudioStyleGuideColor	ViewPortBackground	20	
StudioStyleGuideColor	InputFieldBackground	21	
StudioStyleGuideColor	Item	22	
StudioStyleGuideColor	TableItem	23	
StudioStyleGuideColor	CategoryItem	24	
StudioStyleGuideColor	GameSettingsTableItem	25	
StudioStyleGuideColor	GameSettingsTooltip	26	
StudioStyleGuideColor	EmulatorBar	27	
StudioStyleGuideColor	EmulatorDropDown	28	
StudioStyleGuideColor	ColorPickerFrame	29	
StudioStyleGuideColor	CurrentMarker	30	
StudioStyleGuideColor	Border	31	
StudioStyleGuideColor	DropShadow	32	
StudioStyleGuideColor	Shadow	33	
StudioStyleGuideColor	Light	34	
StudioStyleGuideColor	Dark	35	
StudioStyleGuideColor	Mid	36	
StudioStyleGuideColor	MainText	37	
StudioStyleGuideColor	SubText	38	
StudioStyleGuideColor	TitlebarText	39	
StudioStyleGuideColor	BrightText	40	
StudioStyleGuideColor	DimmedText	41	
StudioStyleGuideColor	LinkText	42	
StudioStyleGuideColor	WarningText	43	
StudioStyleGuideColor	ErrorText	44	
StudioStyleGuideColor	InfoText	45	
StudioStyleGuideColor	SensitiveText	46	
StudioStyleGuideColor	ScriptSideWidget	47	
StudioStyleGuideColor	ScriptBackground	48	
StudioStyleGuideColor	ScriptText	49	
StudioStyleGuideColor	ScriptSelectionText	50	
StudioStyleGuideColor	ScriptSelectionBackground	51	
StudioStyleGuideColor	ScriptFindSelectionBackground	52	
StudioStyleGuideColor	ScriptMatchingWordSelectionBackground	53	
StudioStyleGuideColor	ScriptOperator	54	
StudioStyleGuideColor	ScriptNumber	55	
StudioStyleGuideColor	ScriptString	56	
StudioStyleGuideColor	ScriptComment	57	
StudioStyleGuideColor	ScriptKeyword	58	
StudioStyleGuideColor	ScriptBuiltInFunction	59	
StudioStyleGuideColor	ScriptWarning	60	
StudioStyleGuideColor	ScriptError	61	
StudioStyleGuideColor	ScriptInformation	62	
StudioStyleGuideColor	ScriptHint	63	
StudioStyleGuideColor	ScriptWhitespace	64	
StudioStyleGuideColor	ScriptRuler	65	
StudioStyleGuideColor	DocViewCodeBackground	66	
StudioStyleGuideColor	DebuggerCurrentLine	67	
StudioStyleGuideColor	DebuggerErrorLine	68	
StudioStyleGuideColor	DiffFilePathText	69	
StudioStyleGuideColor	DiffTextHunkInfo	70	
StudioStyleGuideColor	DiffTextNoChange	71	
StudioStyleGuideColor	DiffTextAddition	72	
StudioStyleGuideColor	DiffTextDeletion	73	
StudioStyleGuideColor	DiffTextSeparatorBackground	74	
StudioStyleGuideColor	DiffTextNoChangeBackground	75	
StudioStyleGuideColor	DiffTextAdditionBackground	76	
StudioStyleGuideColor	DiffTextDeletionBackground	77	
StudioStyleGuideColor	DiffLineNum	78	
StudioStyleGuideColor	DiffLineNumSeparatorBackground	79	
StudioStyleGuideColor	DiffLineNumNoChangeBackground	80	
StudioStyleGuideColor	DiffLineNumAdditionBackground	81	
StudioStyleGuideColor	DiffLineNumDeletionBackground	82	
StudioStyleGuideColor	DiffFilePathBackground	83	
StudioStyleGuideColor	DiffFilePathBorder	84	
StudioStyleGuideColor	ChatIncomingBgColor	85	
StudioStyleGuideColor	ChatIncomingTextColor	86	
StudioStyleGuideColor	ChatOutgoingBgColor	87	
StudioStyleGuideColor	ChatOutgoingTextColor	88	
StudioStyleGuideColor	ChatModeratedMessageColor	89	
StudioStyleGuideColor	Separator	90	
StudioStyleGuideColor	ButtonBorder	91	
StudioStyleGuideColor	ButtonText	92	
StudioStyleGuideColor	InputFieldBorder	93	
StudioStyleGuideColor	CheckedFieldBackground	94	
StudioStyleGuideColor	CheckedFieldBorder	95	
StudioStyleGuideColor	CheckedFieldIndicator	96	
StudioStyleGuideColor	HeaderSection	97	
StudioStyleGuideColor	Midlight	98	
StudioStyleGuideColor	StatusBar	99	
StudioStyleGuideColor	DialogButton	100	
StudioStyleGuideColor	DialogButtonText	101	
StudioStyleGuideColor	DialogButtonBorder	102	
StudioStyleGuideColor	DialogMainButton	103	
StudioStyleGuideColor	DialogMainButtonText	104	
StudioStyleGuideColor	InfoBarWarningBackground	105	
StudioStyleGuideColor	InfoBarWarningText	106	
StudioStyleGuideColor	ScriptEditorCurrentLine	107	
StudioStyleGuideColor	ScriptMethod	108	
StudioStyleGuideColor	ScriptProperty	109	
StudioStyleGuideColor	ScriptNil	110	
StudioStyleGuideColor	ScriptBool	111	
StudioStyleGuideColor	ScriptFunction	112	
StudioStyleGuideColor	ScriptLocal	113	
StudioStyleGuideColor	ScriptSelf	114	
StudioStyleGuideColor	ScriptLuauKeyword	115	
StudioStyleGuideColor	ScriptFunctionName	116	
StudioStyleGuideColor	ScriptTodo	117	
StudioStyleGuideColor	ScriptBracket	118	
StudioStyleGuideColor	AttributeCog	119	
StudioStyleGuideColor	AICOOverlayText	128	
StudioStyleGuideColor	AICOOverlayButtonBackground	129	
StudioStyleGuideColor	AICOOverlayButtonBackgroundHover	130	
StudioStyleGuideColor	AICOOverlayButtonBackgroundPressed	131	
StudioStyleGuideColor	OnboardingCover	132	
StudioStyleGuideColor	OnboardingHighlight	133	
StudioStyleGuideColor	OnboardingShadow	134	
StudioStyleGuideColor	BreakpointMarker	136	
StudioStyleGuideColor	DiffLineNumHover	137	
StudioStyleGuideColor	DiffLineNumSeparatorBackgroundHover	138	
StudioStyleGuideModifier	Default	0	
StudioStyleGuideModifier	Selected	1	
StudioStyleGuideModifier	Pressed	2	
StudioStyleGuideModifier	Disabled	3	
StudioStyleGuideModifier	Hover	4	
Style	AlternatingSupports	0	
Style	BridgeStyleSupports	1	
Style	NoSupports	2	
SubscriptionExpirationReason	ProductInactive	0	
SubscriptionExpirationReason	ProductDeleted	1	
SubscriptionExpirationReason	SubscriberCancelled	2	
SubscriptionExpirationReason	SubscriberRefunded	3	
SubscriptionExpirationReason	Lapsed	4	
SubscriptionPaymentStatus	Paid	0	
SubscriptionPaymentStatus	Refunded	1	
SubscriptionPeriod	Month	0	
SubscriptionState	NeverSubscribed	0	
SubscriptionState	SubscribedWillRenew	1	
SubscriptionState	SubscribedWillNotRenew	2	
SubscriptionState	SubscribedRenewalPaymentPending	3	
SubscriptionState	Expired	4	
SurfaceConstraint	None	0	
SurfaceConstraint	Hinge	1	
SurfaceConstraint	SteppingMotor	2	
SurfaceConstraint	Motor	3	
SurfaceGuiShape	Flat	0	
SurfaceGuiShape	CurvedHorizontally	1	
SurfaceGuiSizingMode	FixedSize	0	
SurfaceGuiSizingMode	PixelsPerStud	1	
SurfaceType	Smooth	0	
SurfaceType	Glue	1	
SurfaceType	Weld	2	
SurfaceType	Studs	3	
SurfaceType	Inlet	4	
SurfaceType	Universal	5	
SurfaceType	Hinge	6	
SurfaceType	Motor	7	
SurfaceType	SteppingMotor	8	
SurfaceType	SmoothNoOutlines	10	
SwipeDirection	Right	0	
SwipeDirection	Left	1	
SwipeDirection	Up	2	
SwipeDirection	Down	3	
SwipeDirection	None	4	
SystemThemeValue	error	0	
SystemThemeValue	light	1	
SystemThemeValue	dark	2	
SystemThemeValue	systemLight	3	
SystemThemeValue	systemDark	4	
TableMajorAxis	RowMajor	0	
TableMajorAxis	ColumnMajor	1	
TeamCreateErrorState	PlaceSizeTooLarge	0	
TeamCreateErrorState	PlaceSizeApproachingLimit	1	
TeamCreateErrorState	PlaceUploadFailing	2	
TeamCreateErrorState	NoError	3	
Technology	Legacy	0	deprecated
Technology	Voxel	1	
Technology	Compatibility	2	deprecated
Technology	ShadowMap	3	
Technology	Future	4	
Technology	Unified	5	deprecated
TelemetryBackend	UNSPECIFIED	0	
TelemetryBackend	EventIngest	1	
TelemetryBackend	Points	2	
TelemetryBackend	Teletune	3	
TelemetryBackend	EphemeralCounter	4	
TelemetryBackend	EphemeralStat	5	
TelemetryBackend	Counter	6	
TelemetryBackend	Stat	7	
TelemetryStandardizedField	AddDatacenterId	0	
TelemetryStandardizedField	AddPlaceId	1	
TelemetryStandardizedField	AddUniverseId	2	
TelemetryStandardizedField	AddPlaceInstanceId	3	
TelemetryStandardizedField	AddPlaySessionId	4	
TelemetryStandardizedField	AddCurrentContextName	5	
TelemetryStandardizedField	AddOsInfo	6	
TelemetryStandardizedField	AddArchitectureInfo	7	
TelemetryStandardizedField	AddCpuInfo	8	
TelemetryStandardizedField	AddMemoryInfo	9	
TelemetryStandardizedField	AddSessionInfo	10	
TeleportMethod	TeleportToSpawnByName	0	
TeleportMethod	TeleportToPlaceInstance	1	
TeleportMethod	TeleportToPrivateServer	2	
TeleportMethod	TeleportPartyAsync	3	
TeleportMethod	TeleportToVIPServer	4	
TeleportMethod	TeleportToInstanceBack	5	
TeleportMethod	TeleportUnknown	6	
TeleportMethod	Teleport	7	
TeleportMethod	TeleportSwitchServer	8	
TeleportResult	Success	0	
TeleportResult	Failure	1	
TeleportResult	GameNotFound	2	
TeleportResult	GameEnded	3	
TeleportResult	GameFull	4	
TeleportResult	Unauthorized	5	
TeleportResult	Flooded	6	
TeleportResult	IsTeleporting	7	
TeleportState	RequestedFromServer	0	
TeleportState	Started	1	
TeleportState	WaitingForServer	2	
TeleportState	Failed	3	
TeleportState	InProgress	4	
TeleportType	ToPlace	0	
TeleportType	ToInstance	1	
TeleportType	ToReservedServer	2	
TeleportType	ToVIPServer	3	
TeleportType	ToInstanceBack	4	
TerrainAcquisitionMethod	None	0	
TerrainAcquisitionMethod	Legacy	1	
TerrainAcquisitionMethod	Template	2	
TerrainAcquisitionMethod	Generate	3	
TerrainAcquisitionMethod	Import	4	
TerrainAcquisitionMethod	Convert	5	
TerrainAcquisitionMethod	EditAddTool	6	
TerrainAcquisitionMethod	EditSeaLevelTool	7	
TerrainAcquisitionMethod	EditReplaceTool	8	
TerrainAcquisitionMethod	RegionFillTool	9	
TerrainAcquisitionMethod	RegionPasteTool	10	
TerrainAcquisitionMethod	Other	11	
TerrainFace	Top	0	
TerrainFace	Side	1	
TerrainFace	Bottom	2	
TerrainLiquidMergeOperation	None	0	
TerrainLiquidMergeOperation	Source	1	
TerrainLiquidMergeOperation	Union	2	
TerrainLiquidMergeOperation	Difference	3	
TerrainLiquidMergeOperation	Intersect	4	
TerrainSolidMergeOperation	None	0	
TerrainSolidMergeOperation	Paint	1	
TerrainSolidMergeOperation	Source	2	
TerrainSolidMergeOperation	Union	3	
TerrainSolidMergeOperation	Dig	4	
TerrainSolidMergeOperation	Difference	5	
TerrainSolidMergeOperation	Intersect	6	
TerrainSolidMergeOperation	Cut	7	
TerrainSolidMergeOperation	Place	8	
TextChannelDisplayMode	AllTextChannels	0	
TextChannelDisplayMode	DefaultTextChannels	1	
TextChatMessageStatus	Unknown	1	
TextChatMessageStatus	Success	2	
TextChatMessageStatus	Sending	3	
TextChatMessageStatus	TextFilterFailed	4	
TextChatMessageStatus	Floodchecked	5	
TextChatMessageStatus	InvalidPrivacySettings	6	
TextChatMessageStatus	InvalidTextChannelPermissions	7	
TextChatMessageStatus	MessageTooLong	8	
TextChatMessageStatus	ModerationTimeout	9	
TextDirection	Auto	0	
TextDirection	LeftToRight	1	
TextDirection	RightToLeft	2	
TextFilterContext	PublicChat	1	
TextFilterContext	PrivateChat	2	
TextInputType	Default	0	
TextInputType	NoSuggestions	1	
TextInputType	Number	2	
TextInputType	Email	3	
TextInputType	Phone	4	
TextInputType	Password	5	
TextInputType	PasswordShown	6	
TextInputType	Username	7	
TextInputType	OneTimePassword	8	
TextInputType	NewPassword	9	
TextInputType	NewPasswordShown	10	
TextTruncate	None	0	
TextTruncate	AtEnd	1	
TextTruncate	SplitWord	2	
TextXAlignment	Left	0	
TextXAlignment	Right	1	
TextXAlignment	Center	2	
TextYAlignment	Top	0	
TextYAlignment	Center	1	
TextYAlignment	Bottom	2	
TextureMode	Stretch	0	
TextureMode	Wrap	1	
TextureMode	Static	2	
TextureQueryType	NonHumanoid	0	
TextureQueryType	NonHumanoidOrphaned	1	
TextureQueryType	Humanoid	2	
TextureQueryType	HumanoidOrphaned	3	
ThreadPoolConfig	Auto	0	
ThreadPoolConfig	Threads1	1	
ThreadPoolConfig	Threads2	2	
ThreadPoolConfig	Threads3	3	
ThreadPoolConfig	Threads4	4	
ThreadPoolConfig	Threads8	8	
ThreadPoolConfig	Threads16	16	
ThreadPoolConfig	PerCore1	101	
ThreadPoolConfig	PerCore2	102	
ThreadPoolConfig	PerCore3	103	
ThreadPoolConfig	PerCore4	104	
ThrottlingPriority	Default	0	
ThrottlingPriority	ElevatedOnServer	1	
ThrottlingPriority	Extreme	2	
ThumbnailSize	Size48x48	0	
ThumbnailSize	Size180x180	1	
ThumbnailSize	Size420x420	2	
ThumbnailSize	Size60x60	3	
ThumbnailSize	Size100x100	4	
ThumbnailSize	Size150x150	5	
ThumbnailSize	Size352x352	6	
ThumbnailType	HeadShot	0	
ThumbnailType	AvatarBust	1	
ThumbnailType	AvatarThumbnail	2	
TickCountSampleMethod	Fast	0	
TickCountSampleMethod	Benchmark	1	
TickCountSampleMethod	Precise	2	
TitleBarControlsPosition	Unknown	0	
TitleBarControlsPosition	Left	1	
TitleBarControlsPosition	Right	2	
TitleBarMode	Native	0	
TitleBarMode	Custom	1	
TonemapperPreset	Default	0	
TonemapperPreset	Retro	1	
TopBottom	Top	0	
TopBottom	Center	1	
TopBottom	Bottom	2	
TouchCameraMovementMode	Default	0	
TouchCameraMovementMode	Classic	1	
TouchCameraMovementMode	Follow	2	
TouchCameraMovementMode	Orbital	3	
TouchMovementMode	Default	0	
TouchMovementMode	Thumbstick	1	
TouchMovementMode	DPad	2	
TouchMovementMode	Thumbpad	3	
TouchMovementMode	ClickToMove	4	
TouchMovementMode	DynamicThumbstick	5	
TrackerError	Ok	0	
TrackerError	NoService	1	
TrackerError	InitFailed	2	
TrackerError	NoVideo	3	
TrackerError	VideoError	4	
TrackerError	VideoNoPermission	5	
TrackerError	VideoUnsupported	6	
TrackerError	NoAudio	7	
TrackerError	AudioError	8	
TrackerError	AudioNoPermission	9	
TrackerError	UnsupportedDevice	10	
TrackerExtrapolationFlagMode	ForceDisabled	0	
TrackerExtrapolationFlagMode	ExtrapolateFacsAndPose	1	
TrackerExtrapolationFlagMode	ExtrapolateFacsOnly	2	
TrackerExtrapolationFlagMode	Auto	3	
TrackerFaceTrackingStatus	FaceTrackingSuccess	0	
TrackerFaceTrackingStatus	FaceTrackingNoFaceFound	1	
TrackerFaceTrackingStatus	FaceTrackingUnknown	2	
TrackerFaceTrackingStatus	FaceTrackingLost	3	
TrackerFaceTrackingStatus	FaceTrackingHasTrackingError	4	
TrackerFaceTrackingStatus	FaceTrackingIsOccluded	5	
TrackerFaceTrackingStatus	FaceTrackingUninitialized	6	
TrackerLodFlagMode	ForceFalse	0	
TrackerLodFlagMode	ForceTrue	1	
TrackerLodFlagMode	Auto	2	
TrackerLodValueMode	Force0	0	
TrackerLodValueMode	Force1	1	
TrackerLodValueMode	Auto	2	
TrackerMode	None	0	
TrackerMode	Audio	1	
TrackerMode	Video	2	
TrackerMode	AudioVideo	3	
TrackerPromptEvent	LODCameraRecommendDisable	0	
TrackerType	None	0	
TrackerType	Face	1	
TrackerType	UpperBody	2	
TriStateBoolean	Unknown	0	
TriStateBoolean	True	1	
TriStateBoolean	False	2	
TweenStatus	Canceled	0	
TweenStatus	Completed	1	
UICaptureMode	All	0	
UICaptureMode	None	1	
UIDragDetectorBoundingBehavior	Automatic	0	
UIDragDetectorBoundingBehavior	EntireObject	1	
UIDragDetectorBoundingBehavior	HitPoint	2	
UIDragDetectorDragRelativity	Absolute	0	
UIDragDetectorDragRelativity	Relative	1	
UIDragDetectorDragSpace	Parent	0	
UIDragDetectorDragSpace	LayerCollector	1	
UIDragDetectorDragSpace	Reference	2	
UIDragDetectorDragStyle	TranslatePlane	0	
UIDragDetectorDragStyle	TranslateLine	1	
UIDragDetectorDragStyle	Rotate	2	
UIDragDetectorDragStyle	Scriptable	3	
UIDragDetectorResponseStyle	Offset	0	
UIDragDetectorResponseStyle	Scale	1	
UIDragDetectorResponseStyle	CustomOffset	2	
UIDragDetectorResponseStyle	CustomScale	3	
UIDragSpeedAxisMapping	XY	0	
UIDragSpeedAxisMapping	XX	1	
UIDragSpeedAxisMapping	YY	2	
UIFlexAlignment	None	0	
UIFlexAlignment	Fill	1	
UIFlexAlignment	SpaceAround	2	
UIFlexAlignment	SpaceBetween	3	
UIFlexAlignment	SpaceEvenly	4	
UIFlexMode	None	0	
UIFlexMode	Grow	1	
UIFlexMode	Shrink	2	
UIFlexMode	Fill	3	
UIFlexMode	Custom	4	
UITheme	Light	0	deprecated
UITheme	Dark	1	deprecated
UiMessageType	UiMessageError	0	
UiMessageType	UiMessageInfo	1	
UpdateState	UpdateNotAvailable	0	
UpdateState	UpdateAvailable	1	
UpdateState	UpdateInProgress	2	
UpdateState	UpdateReady	3	
UpdateState	UpdateFailed	4	
UploadCaptureResult	Success	0	
UploadCaptureResult	NeedPermission	1	
UploadCaptureResult	CaptureModerated	2	
UploadCaptureResult	CaptureNotInGallery	3	
UploadCaptureResult	IneligibleCapture	4	
UploadCaptureResult	UploadQuotaReached	5	
UploadCaptureResult	UploadPending	6	
UploadCaptureResult	UploadFailed	7	
UsageContext	Default	0	
UsageContext	Preview	1	
UserAcquisitionSource	Unknown	0	
UserAcquisitionSource	PendingAttribution	1	
UserAcquisitionSource	HomeRecommendation	2	
UserAcquisitionSource	ContinueToPlay	3	
UserAcquisitionSource	Curation	4	
UserAcquisitionSource	Friends	5	
UserAcquisitionSource	Search	6	
UserAcquisitionSource	Teleport	7	
UserAcquisitionSource	Ads	8	
UserAcquisitionSource	HomeOther	9	
UserAcquisitionSource	Other	10	
UserCFrame	Head	0	
UserCFrame	LeftHand	1	
UserCFrame	RightHand	2	
UserCFrame	Floor	3	
UserIdMode	Invalid	0	
UserIdMode	Global	1	
UserIdMode	Domain	2	
UserInputState	Begin	0	
UserInputState	Change	1	
UserInputState	End	2	
UserInputState	Cancel	3	
UserInputState	None	4	
UserInputType	MouseButton1	0	
UserInputType	MouseButton2	1	
UserInputType	MouseButton3	2	
UserInputType	MouseWheel	3	
UserInputType	MouseMovement	4	
UserInputType	Touch	7	
UserInputType	Keyboard	8	
UserInputType	Focus	9	
UserInputType	Accelerometer	10	
UserInputType	Gyro	11	
UserInputType	Gamepad1	12	
UserInputType	Gamepad2	13	
UserInputType	Gamepad3	14	
UserInputType	Gamepad4	15	
UserInputType	Gamepad5	16	
UserInputType	Gamepad6	17	
UserInputType	Gamepad7	18	
UserInputType	Gamepad8	19	
UserInputType	TextInput	20	
UserInputType	InputMethod	21	
UserInputType	None	22	
UserNewReturningStatus	Unknown	0	
UserNewReturningStatus	New	1	
UserNewReturningStatus	Returning	2	
UserReturnStatus	Unknown	0	
UserReturnStatus	New	1	
UserReturnStatus	Returning	2	
VRComfortSetting	Comfort	0	
VRComfortSetting	Normal	1	
VRComfortSetting	Expert	2	
VRComfortSetting	Custom	3	
VRControllerModelMode	Disabled	0	
VRControllerModelMode	Transparent	1	
VRDeviceType	Unknown	0	
VRDeviceType	OculusRift	1	
VRDeviceType	HTCVive	2	
VRDeviceType	ValveIndex	3	
VRDeviceType	OculusQuest	4	
VRLaserPointerMode	Disabled	0	
VRLaserPointerMode	Pointer	1	
VRLaserPointerMode	DualPointer	2	
VRSafetyBubbleMode	NoOne	0	
VRSafetyBubbleMode	OnlyFriends	1	
VRSafetyBubbleMode	Anyone	2	
VRScaling	World	0	
VRScaling	Off	1	
VRSessionState	Undefined	0	
VRSessionState	Idle	1	
VRSessionState	Visible	2	
VRSessionState	Focused	3	
VRSessionState	Stopping	4	
VRTouchpad	Left	0	
VRTouchpad	Right	1	
VRTouchpadMode	Touch	0	
VRTouchpadMode	VirtualThumbstick	1	
VRTouchpadMode	ABXY	2	
VelocityConstraintMode	Line	0	
VelocityConstraintMode	Plane	1	
VelocityConstraintMode	Vector	2	
VerifiedLevel	Low	0	
VerifiedLevel	High	1	
VerticalAlignment	Center	0	
VerticalAlignment	Top	1	
VerticalAlignment	Bottom	2	
VerticalScrollBarPosition	Right	0	
VerticalScrollBarPosition	Left	1	
VibrationMotor	Large	0	
VibrationMotor	Small	1	
VibrationMotor	LeftTrigger	2	
VibrationMotor	RightTrigger	3	
VibrationMotor	LeftHand	4	
VibrationMotor	RightHand	5	
VideoCaptureResult	Success	0	
VideoCaptureResult	OtherError	1	
VideoCaptureResult	ScreenSizeChanged	2	
VideoCaptureResult	TimeLimitReached	3	
VideoCaptureStartedResult	Success	0	
VideoCaptureStartedResult	OtherError	1	
VideoCaptureStartedResult	CapturingAlready	2	
VideoCaptureStartedResult	NoDeviceSupport	3	
VideoCaptureStartedResult	NoSpaceOnDevice	4	
VideoDeviceCaptureQuality	Default	0	
VideoDeviceCaptureQuality	Low	1	
VideoDeviceCaptureQuality	Medium	2	
VideoDeviceCaptureQuality	High	3	
VideoError	Ok	0	
VideoError	Eof	1	
VideoError	EAgain	2	
VideoError	BadParameter	3	
VideoError	AllocFailed	4	
VideoError	CodecInitFailed	5	
VideoError	CodecCloseFailed	6	
VideoError	DecodeFailed	7	
VideoError	ParsingFailed	8	
VideoError	Unsupported	9	
VideoError	Generic	10	
VideoError	DownloadFailed	11	
VideoError	StreamNotFound	12	
VideoError	EncodeFailed	13	
VideoError	CreateFailed	14	
VideoError	NoPermission	15	
VideoError	NoService	16	
VideoError	ReleaseFailed	17	
VideoError	Unknown	18	
VideoSampleSize	Small	0	
VideoSampleSize	Medium	1	
VideoSampleSize	Large	2	
VideoSampleSize	Full	3	
ViewMode	None	0	
ViewMode	GeometryComplexity	1	
ViewMode	Transparent	2	
ViewMode	Decal	3	
VirtualCursorMode	Default	0	
VirtualCursorMode	Disabled	1	
VirtualCursorMode	Enabled	2	
VirtualInputMode	None	0	
VirtualInputMode	Recording	1	
VirtualInputMode	Playing	2	
VoiceChatDistanceAttenuationType	Inverse	0	
VoiceChatDistanceAttenuationType	Legacy	1	
VoiceChatState	Idle	0	
VoiceChatState	Joining	1	
VoiceChatState	JoiningRetry	2	
VoiceChatState	Joined	3	
VoiceChatState	Leaving	4	
VoiceChatState	Ended	5	
VoiceChatState	Failed	6	
VoiceClientLeaveReasons	Unknown	0	
VoiceClientLeaveReasons	ClientNetworkDisconnected	1	
VoiceClientLeaveReasons	PlayerLeft	2	
VoiceClientLeaveReasons	ClientShutdown	3	
VoiceClientLeaveReasons	PublishFailed	4	
VoiceClientLeaveReasons	RejoinReceived	5	
VoiceClientLeaveReasons	VoiceReboot	6	
VoiceClientLeaveReasons	ImguiDebugLeave	7	
VoiceClientLeaveReasons	LuaInitiated	8	
VoiceControlPath	Publish	0	
VoiceControlPath	Subscribe	1	
VoiceControlPath	Join	2	
VoiceRccReconnectReason	Unknown	0	
VoiceRccReconnectReason	Migration	1	
VoiceRccReconnectReason	CloseRoom	2	
VoiceRccReconnectReason	FAEUpdate	3	
VoiceRccReconnectReason	BlockListChanged	4	
VolumetricAudio	Disabled	0	
VolumetricAudio	Automatic	1	
VolumetricAudio	Enabled	2	
WaterDirection	NegX	0	
WaterDirection	X	1	
WaterDirection	NegY	2	
WaterDirection	Y	3	
WaterDirection	NegZ	4	
WaterDirection	Z	5	
WaterForce	None	0	
WaterForce	Small	1	
WaterForce	Medium	2	
WaterForce	Strong	3	
WaterForce	Max	4	
WebSocketState	Connecting	0	
WebSocketState	Open	1	
WebSocketState	Closing	2	
WebSocketState	Closed	3	
WebStreamClientState	Connecting	0	
WebStreamClientState	Open	1	
WebStreamClientState	Error	2	
WebStreamClientState	Closed	3	
WebStreamClientType	SSE	0	
WebStreamClientType	RawStream	1	
WebStreamClientType	WebSocket	2	
WeldConstraintPreserve	All	0	
WeldConstraintPreserve	None	1	
WeldConstraintPreserve	Touching	2	
WhenUserFirstPlayed	Unknown	0	
WhenUserFirstPlayed	Days0To30	1	
WhenUserFirstPlayed	Days31To90	2	
WhenUserFirstPlayed	Days91To180	3	
WhenUserFirstPlayed	Days181To365	4	
WhenUserFirstPlayed	Days366Plus	5	
WhisperChatPrivacyMode	AllUsers	0	
WhisperChatPrivacyMode	NoOne	1	
WindSoundProfile	Turbulence	0	
WindSoundProfile	Whistle	1	
WindSoundProfile	Foliage	2	
WindowState	Normal	0	
WindowState	Minimized	1	
WindowState	Maximized	2	
WrapLayerAutoSkin	Disabled	0	
WrapLayerAutoSkin	EnabledPreserve	1	
WrapLayerAutoSkin	EnabledOverride	2	
WrapLayerDebugMode	None	0	
WrapLayerDebugMode	BoundCage	1	
WrapLayerDebugMode	LayerCage	2	
WrapLayerDebugMode	BoundCageAndLinks	3	
WrapLayerDebugMode	Reference	4	
WrapLayerDebugMode	Rbf	5	
WrapLayerDebugMode	OuterCage	6	
WrapLayerDebugMode	ReferenceMeshAfterMorph	7	
WrapLayerDebugMode	HSROuterDetail	8	
WrapLayerDebugMode	HSROuter	9	
WrapLayerDebugMode	HSRInner	10	
WrapLayerDebugMode	HSRInnerReverse	11	
WrapLayerDebugMode	LayerCageFittedToBase	12	
WrapLayerDebugMode	LayerCageFittedToPrev	13	
WrapLayerDebugMode	PreWrapDeformerOuterCage	14	
WrapLayerDebugMode	SkinningTransfer	15	
WrapTargetDebugMode	None	0	
WrapTargetDebugMode	TargetCageOriginal	1	
WrapTargetDebugMode	TargetCageCompressed	2	
WrapTargetDebugMode	TargetCageInterface	3	
WrapTargetDebugMode	TargetLayerCageOriginal	4	
WrapTargetDebugMode	TargetLayerCageCompressed	5	
WrapTargetDebugMode	TargetLayerInterface	6	
WrapTargetDebugMode	Rbf	7	
WrapTargetDebugMode	OuterCageDetail	8	
WrapTargetDebugMode	PreWrapDeformerCage	9	
ZIndexBehavior	Global	0	
ZIndexBehavior	Sibling	1	
