class	member	kind	type_or_signature	read	write	thread	flags
Accessory	AccessoryType	Property	AccessoryType	None	None	ReadSafe	cap=AvatarAppearance
AccessoryDescription	AccessoryType	Property	AccessoryType	None	None	ReadSafe	cap=AvatarAppearance
AccessoryDescription	AssetId	Property	int64	None	None	ReadSafe	cap=AvatarAppearance
AccessoryDescription	GetAppliedInstance	Function	() -> Instance	None	None	Unsafe	cap=AvatarAppearance
AccessoryDescription	Instance	Property	Instance	None	None	ReadSafe	cap=AvatarAppearance
AccessoryDescription	IsLayered	Property	bool	None	None	ReadSafe	cap=AvatarAppearance
AccessoryDescription	Order	Property	int	None	None	ReadSafe	cap=AvatarAppearance
AccessoryDescription	Position	Property	Vector3	None	None	ReadSafe	cap=AvatarAppearance
AccessoryDescription	Puffiness	Property	float	None	None	ReadSafe	deprecated,cap=AvatarAppearance
AccessoryDescription	Rotation	Property	Vector3	None	None	ReadSafe	cap=AvatarAppearance
AccessoryDescription	Scale	Property	Vector3	None	None	ReadSafe	cap=AvatarAppearance
AccountService	DeviceAccessTokenAvailable	Function	() -> bool	RobloxScriptSecurity	RobloxScriptSecurity	Unsafe	
AccountService	DeviceIntegrityAvailable	Function	() -> bool	RobloxScriptSecurity	RobloxScriptSecurity	Unsafe	
AccountService	GetCredentialsHeaders	Function	() -> string	RobloxScriptSecurity	RobloxScriptSecurity	Unsafe	yields
AccountService	GetDeviceAccessToken	Function	() -> string	RobloxScriptSecurity	RobloxScriptSecurity	Unsafe	yields
AccountService	GetDeviceIntegrityToken	Function	(data: string) -> string	RobloxScriptSecurity	RobloxScriptSecurity	Unsafe	
AccountService	GetDeviceIntegrityTokenYield	Function	(data: string) -> string	RobloxScriptSecurity	RobloxScriptSecurity	Unsafe	yields
AccountService	MagicLogin	Function	(data: string) -> ()	RobloxScriptSecurity	RobloxScriptSecurity	Unsafe	
AccountService	MagicLoginEvent	Event	(data: string)	RobloxScriptSecurity	RobloxScriptSecurity	Unsafe	
Accoutrement	AttachmentForward	Property	Vector3	None	None	ReadSafe	hidden,notreplicated,cap=AvatarAppearance
Accoutrement	AttachmentPoint	Property	CFrame	None	None	ReadSafe	cap=AvatarAppearance
Accoutrement	AttachmentPos	Property	Vector3	None	None	ReadSafe	hidden,notreplicated,cap=AvatarAppearance
Accoutrement	AttachmentRight	Property	Vector3	None	None	ReadSafe	hidden,notreplicated,cap=AvatarAppearance
Accoutrement	AttachmentUp	Property	Vector3	None	None	ReadSafe	hidden,notreplicated,cap=AvatarAppearance
Accoutrement	BackendAccoutrementState	Property	int	None	None	ReadSafe	hidden,notscriptable,cap=AvatarAppearance
AchievementService	GrantAchievement	Function	(achievementName: string) -> bool	RobloxScriptSecurity	RobloxScriptSecurity	Unsafe	yields
AchievementService	HasAchieved	Function	(achievementName: string) -> bool	RobloxScriptSecurity	RobloxScriptSecurity	Unsafe	yields
AchievementService	IsAvailable	Function	() -> bool	RobloxScriptSecurity	RobloxScriptSecurity	Unsafe	
ActivityHistoryEventService	WriteActivityHistoryEventFromStudio	Event	(eventType: int, resourceId: int64, metadata: string)	RobloxScriptSecurity	RobloxScriptSecurity	Unsafe	
Actor	BindToMessage	Function	(topic: string, function: Function) -> RBXScriptConnection	None	None	Safe	cap=Basic
Actor	BindToMessageParallel	Function	(topic: string, function: Function) -> RBXScriptConnection	None	None	Safe	cap=Basic
Actor	SendMessage	Function	(topic: string, message: Tuple) -> ()	None	None	Safe	cap=Basic
AdGui	AdEvent	Event	(adEventType: AdEventType)	RobloxSecurity	RobloxSecurity	Unsafe	hidden,cap=UI
AdGui	AdShape	Property	AdShape	None	None	ReadSafe	cap=UI
AdGui	EnableVideoAds	Property	bool	None	None	ReadSafe	cap=Monetization|UI
AdGui	FallbackImage	Property	ContentId	None	None	ReadSafe	cap=UI
AdGui	FallbackImageContent	Property	Content	None	None	ReadSafe	cap=UI
AdGui	GetSingleReportAdInfo	Function	() -> Map	RobloxScriptSecurity	RobloxScriptSecurity	Unsafe	cap=UI
AdGui	HandleLuaUIEvent	Function	(eventType: AdUIEventType) -> ()	RobloxScriptSecurity	RobloxScriptSecurity	Unsafe	cap=UI
AdGui	OnAdEvent	Callback	(eventInfo: Dictionary) -> bool	None	None	Unsafe	deprecated,cap=UI|Monetization
AdGui	ReportIsSubscribedToVideoCompletion	Event	()	RobloxSecurity	RobloxSecurity	Unsafe	hidden,cap=UI
AdGui	Status	Property	AdUnitStatus	None	None	ReadSafe	readonly,notreplicated,cap=Monetization|UI
AdGui	adGuiStateChanged	Event	(adUIState: Variant)	RobloxScriptSecurity	RobloxScriptSecurity	Unsafe	cap=UI
AdGui	forwardStateToLuaUI	Function	() -> ()	RobloxScriptSecurity	RobloxScriptSecurity	Unsafe	cap=UI
AdPlacement	ActivationInstance	Property	Instance	None	None	ReadSafe	cap=Monetization,undocumented
AdPlacement	AdFormat	Property	AdFormat	None	None	ReadSafe	cap=Monetization,undocumented
AdPlacement	PlacementId	Property	int64	None	None	ReadSafe	cap=Monetization,undocumented
AdPlacement	RewardId	Property	string	None	None	ReadSafe	readonly,notreplicated,cap=Monetization,undocumented
AdPlacement	RewardImageContent	Property	Content	None	None	ReadSafe	readonly,notreplicated,cap=Monetization,undocumented
AdPlacement	RewardName	Property	string	None	None	ReadSafe	readonly,notreplicated,cap=Monetization,undocumented
AdPlacement	Visible	Property	bool	None	None	ReadSafe	readonly,notreplicated,cap=Monetization,undocumented
AdPortal	PortalInvalidReason	Property	string	None	None	ReadSafe	readonly,notreplicated,notscriptable,cap=Monetization
AdPortal	PortalVersion	Property	int64	RobloxScriptSecurity	RobloxScriptSecurity	ReadSafe	hidden,readonly,notreplicated,cap=Monetization
AdPortal	Status	Property	AdUnitStatus	None	None	ReadSafe	readonly,notreplicated,cap=Monetization
AdService	AdTeleportEnded	Event	()	RobloxScriptSecurity	RobloxScriptSecurity	Unsafe	cap=Monetization
AdService	AdTeleportInitiated	Event	()	RobloxScriptSecurity	RobloxScriptSecurity	Unsafe	cap=Monetization
AdService	CampaignEligibilityResponseFailureSignalFromClient	Event	(campaignId: string, error: string)	RobloxSecurity	RobloxSecurity	Unsafe	hidden,cap=Monetization
AdService	CampaignEligibilityResponseSuccessSignalFromClient	Event	(campaignId: string, response: Dictionary)	RobloxSecurity	RobloxSecurity	Unsafe	hidden,cap=Monetization
AdService	CreateAdRewardFromDevProductId	Function	(devProductId: int64) -> AdReward	None	None	Unsafe	cap=Monetization
AdService	GetAdAvailabilityNowAsync	Function	(adFormat: AdFormat) -> Dictionary	None	None	Unsafe	yields,cap=Monetization
AdService	GetAdAvailabilityNowForUniverseAsync	Function	(adFormat: AdFormat, universeId: int64, isUniversalAppDM: bool) -> Dictionary	RobloxScriptSecurity	RobloxScriptSecurity	Unsafe	yields,cap=Monetization
AdService	GetAdTeleportInfo	Function	() -> Tuple	RobloxScriptSecurity	RobloxScriptSecurity	Unsafe	cap=Monetization
AdService	GetCampaignEligibilityAsync	Function	(campaignId: string, player: Player = nil) -> Dictionary	None	None	Unsafe	yields,cap=Monetization
AdService	GetCampaignEligibilitySignalFromServer	Event	(campaignId: string)	RobloxSecurity	RobloxSecurity	Unsafe	hidden,cap=Monetization
AdService	GetReportAdInfo	Function	() -> Array	RobloxScriptSecurity	RobloxScriptSecurity	Unsafe	cap=Monetization
AdService	GetUniversalAppAdsEligibility	Function	() -> Dictionary	RobloxScriptSecurity	RobloxScriptSecurity	Unsafe	cap=Monetization
AdService	HandleWhyThisAdClicked	Function	(advertiserName: string, payerName: string) -> ()	RobloxScriptSecurity	RobloxScriptSecurity	Unsafe	cap=Monetization
AdService	HideEudsaDisclosure	Function	() -> ()	RobloxScriptSecurity	RobloxScriptSecurity	Unsafe	cap=Monetization
AdService	IsAdLoaded	Function	(adFormat: AdFormat) -> bool	RobloxScriptSecurity	RobloxScriptSecurity	Unsafe	cap=Monetization
AdService	OnDemandVideoCompleteFromUI	Function	(result: ShowAdResult, encryptedAdTrackingData: string, encryptionMetadata: string, rewardDetails: string) -> ()	RobloxScriptSecurity	RobloxScriptSecurity	Unsafe	cap=Monetization
AdService	OnImmersiveBrandedAdDisclosureButtonActivated	Callback	(data: Dictionary) -> ()	RobloxScriptSecurity	RobloxScriptSecurity	Unsafe	noyield,cap=Monetization
AdService	RegisterAdOpportunityAsync	Function	(instance: Instance, placementId: int64?) -> ()	None	None	Unsafe	yields,cap=Monetization
AdService	RegisterDisclosureButton	Function	(disclosureButton: GuiButton, adIntegrationPlacementId: string) -> ()	None	None	Unsafe	cap=Monetization
AdService	RegisterImpressionSource	Function	(instance: Instance, adIntegrationPlacementId: string) -> ()	None	None	Unsafe	cap=Monetization,undocumented
AdService	ReportImpressionSignal	Event	(ad_instance_name: string, encrypted_ad_tracking_data: string, encryption_metadata: string)	RobloxSecurity	RobloxSecurity	Unsafe	hidden,cap=Monetization
AdService	ReportTeleportSignal	Event	(ad_instance_name: string, encrypted_ad_tracking_data: string, encryption_metadata: string, teleport_type: string, teleport_source_universe_id: int64, teleport_source_place_id: int64, teleport_dest_place_id: int64)	RobloxSecurity	RobloxSecurity	Unsafe	hidden,cap=Monetization
AdService	ReturnToPublisherExperience	Function	(adTeleportMethod: AdTeleportMethod) -> ()	RobloxScriptSecurity	RobloxScriptSecurity	Unsafe	cap=Monetization
AdService	RewardedVideoAdEnded	Event	()	RobloxScriptSecurity	RobloxScriptSecurity	Unsafe	cap=Monetization
AdService	RewardedVideoAdStarted	Event	()	RobloxScriptSecurity	RobloxScriptSecurity	Unsafe	cap=Monetization
AdService	ServeAdResponseSignal	Event	(uuid: string, response: string, isError: bool)	RobloxSecurity	RobloxSecurity	Unsafe	hidden,cap=Monetization
AdService	ServeAdSignal	Event	(uuid: string, request: string)	RobloxSecurity	RobloxSecurity	Unsafe	hidden,cap=Monetization
AdService	SetAdGuiInteractivityHandlerInitialized	Function	() -> ()	RobloxScriptSecurity	RobloxScriptSecurity	Unsafe	cap=Monetization
AdService	ShowDynamicEudsaDisclosure	Event	(advertiserName: string, payerName: string)	RobloxScriptSecurity	RobloxScriptSecurity	Unsafe	cap=Monetization
AdService	ShowReportAdPopup	Event	(adInfo: Dictionary)	RobloxScriptSecurity	RobloxScriptSecurity	Unsafe	cap=Monetization
AdService	ShowRewardedVideoAdAsync	Function	(player: Player, reward: AdReward, placementId: int64?) -> ShowAdResult	None	None	Unsafe	yields,cap=UI|Monetization
AdService	ShowRewardedVideoAdAtClientAsync	Function	(universeId: int64) -> ShowAdResult	RobloxScriptSecurity	RobloxScriptSecurity	Unsafe	yields,cap=Monetization
AdService	ShowVideoAd	Function	() -> ()	None	None	Unsafe	deprecated,cap=Monetization
AdService	SubmitAdNotification	Function	(universeId: int64, isShowAdSuccessful: bool, earnedReward: bool, rewardProductName: string, rewardProductImageAssetId: int64) -> ()	RobloxScriptSecurity	RobloxScriptSecurity	Unsafe	cap=Monetization
AdService	UnregisterAdOpportunity	Function	(instance: Instance) -> ()	None	None	Unsafe	cap=Monetization
AdService	VideoAdClosed	Event	(adShown: bool)	None	None	Unsafe	deprecated,cap=Monetization
AdService	adGuiRegisterUI	Event	(adGui: Instance)	RobloxScriptSecurity	RobloxScriptSecurity	Unsafe	cap=Monetization
AdService	onDemandVideoPlayInUI	Callback	(data: Dictionary) -> VideoFrame	RobloxScriptSecurity	RobloxScriptSecurity	Unsafe	cap=Monetization
AdService	rewardedVideoAdPlayServerToClient	Event	(rewardDetails: string)	RobloxSecurity	RobloxSecurity	Unsafe	hidden,cap=Monetization
AdService	rewardedVideoAdPlayServerToClientWithPlacement	Event	(rewardDetails: string, placementId: int64)	RobloxSecurity	RobloxSecurity	Unsafe	hidden,cap=Monetization
AdService	rewardedVideoAdResultClientToServer	Event	(result: ShowAdResult, encryptedAdTrackingData: string, encryptionMetadata: string)	RobloxSecurity	RobloxSecurity	Unsafe	hidden,cap=Monetization
AirController	BalanceMaxTorque	Property	float	None	None	ReadSafe	sim,cap=Basic
AirController	BalanceSpeed	Property	float	None	None	ReadSafe	sim,cap=Basic
AirController	LinearImpulse	Property	Vector3	None	None	ReadSafe	hidden,notreplicated,sim,cap=Basic
AirController	MaintainAngularMomentum	Property	bool	None	None	ReadSafe	sim,cap=Basic
AirController	MaintainLinearMomentum	Property	bool	None	None	ReadSafe	sim,cap=Basic
AirController	MoveMaxForce	Property	float	None	None	ReadSafe	sim,cap=Basic
AirController	TurnMaxTorque	Property	float	None	None	ReadSafe	sim,cap=Basic
AirController	TurnSpeedFactor	Property	float	None	None	ReadSafe	sim,cap=Basic
AlignOrientation	AlignType	Property	AlignType	None	None	ReadSafe	sim,cap=Physics
AlignOrientation	CFrame	Property	CFrame	None	None	ReadSafe	sim,cap=Physics
AlignOrientation	LookAtPosition	Property	Vector3	None	None	ReadSafe	notreplicated,sim,cap=Physics
AlignOrientation	MaxAngularVelocity	Property	float	None	None	ReadSafe	sim,cap=Physics
AlignOrientation	MaxTorque	Property	float	None	None	ReadSafe	sim,cap=Physics
AlignOrientation	Mode	Property	OrientationAlignmentMode	None	None	ReadSafe	sim,cap=Physics
AlignOrientation	PrimaryAxis	Property	Vector3	None	None	ReadSafe	notreplicated,sim,cap=Physics
AlignOrientation	PrimaryAxisOnly	Property	bool	None	None	ReadSafe	sim,cap=Physics
AlignOrientation	ReactionTorqueEnabled	Property	bool	None	None	ReadSafe	sim,cap=Physics
AlignOrientation	Responsiveness	Property	float	None	None	ReadSafe	sim,cap=Physics
AlignOrientation	RigidityEnabled	Property	bool	None	None	ReadSafe	sim,cap=Physics
AlignOrientation	SecondaryAxis	Property	Vector3	None	None	ReadSafe	notreplicated,sim,cap=Physics
AlignPosition	ApplyAtCenterOfMass	Property	bool	None	None	ReadSafe	sim,cap=Physics
AlignPosition	ForceLimitMode	Property	ForceLimitMode	None	None	ReadSafe	sim,cap=Physics
AlignPosition	ForceRelativeTo	Property	ActuatorRelativeTo	None	None	ReadSafe	sim,cap=Physics
AlignPosition	MaxAxesForce	Property	Vector3	None	None	ReadSafe	sim,cap=Physics
AlignPosition	MaxForce	Property	float	None	None	ReadSafe	sim,cap=Physics
AlignPosition	MaxVelocity	Property	float	None	None	ReadSafe	sim,cap=Physics
AlignPosition	Mode	Property	PositionAlignmentMode	None	None	ReadSafe	sim,cap=Physics
AlignPosition	Position	Property	Vector3	None	None	ReadSafe	sim,cap=Physics
AlignPosition	ReactionForceEnabled	Property	bool	None	None	ReadSafe	sim,cap=Physics
AlignPosition	Responsiveness	Property	float	None	None	ReadSafe	sim,cap=Physics
AlignPosition	RigidityEnabled	Property	bool	None	None	ReadSafe	sim,cap=Physics
AnalyticsService	ApiKey	Property	string	LocalUserSecurity	LocalUserSecurity	ReadSafe	deprecated,cap=Basic
AnalyticsService	FireCustomEvent	Function	(player: Instance, eventCategory: string, customData: Variant) -> ()	None	None	Unsafe	deprecated,cap=Basic
AnalyticsService	FireEvent	Function	(category: string, value: Variant) -> ()	None	None	Unsafe	deprecated,cap=Basic
AnalyticsService	FireInGameEconomyEvent	Function	(player: Instance, itemName: string, economyAction: AnalyticsEconomyAction, itemCategory: string, amount: int, currency: string, location: Variant, customData: Variant) -> ()	None	None	Unsafe	deprecated,cap=Basic
AnalyticsService	FireLogEvent	Function	(player: Instance, logLevel: AnalyticsLogLevel, message: string, debugInfo: Variant, customData: Variant) -> ()	None	None	Unsafe	deprecated,cap=Basic
AnalyticsService	FirePlayerProgressionEvent	Function	(player: Instance, category: string, progressionStatus: AnalyticsProgressionStatus, location: Variant, statistics: Variant, customData: Variant) -> ()	None	None	Unsafe	deprecated,cap=Basic
AnalyticsService	GetDurationLoggerTimestamp	Function	() -> int	None	None	Unsafe	cap=Basic|InternalTest,undocumented
AnalyticsService	GetPlayerSegmentsAsync	Function	(player: Player) -> Dictionary	None	None	Unsafe	yields,cap=Basic
AnalyticsService	LogCustomEvent	Function	(player: Player, eventName: string, value: double = 1, customFields: Dictionary = nil) -> ()	None	None	Unsafe	cap=Basic
AnalyticsService	LogEconomyEvent	Function	(player: Player, flowType: AnalyticsEconomyFlowType, currencyType: string, amount: float, endingBalance: float, transactionType: string, itemSku: string = , customFields: Dictionary = nil) -> ()	None	None	Unsafe	cap=Basic
AnalyticsService	LogFunnelStepEvent	Function	(player: Player, funnelName: string, funnelSessionId: string = , step: int = 1, stepName: string = , customFields: Dictionary = nil) -> ()	None	None	Unsafe	cap=Basic
AnalyticsService	LogJourneyEvent	Function	(player: Player, journeyName: string, nodeName: string, journeySessionId: string = , customFields: Dictionary = nil) -> ()	None	None	Unsafe	cap=Basic
AnalyticsService	LogOnboardingFunnelStepEvent	Function	(player: Player, step: int, stepName: string = , customFields: Dictionary = nil) -> ()	None	None	Unsafe	cap=Basic
AnalyticsService	LogProgressionCompleteEvent	Function	(player: Player, progressionPathName: string, level: int, levelName: string = , customFields: Dictionary = nil) -> ()	None	None	Unsafe	cap=Basic
AnalyticsService	LogProgressionEvent	Function	(player: Player, progressionPathName: string, status: AnalyticsProgressionType, level: int, levelName: string = , customFields: Dictionary = nil) -> ()	None	None	Unsafe	cap=Basic
AnalyticsService	LogProgressionFailEvent	Function	(player: Player, progressionPathName: string, level: int, levelName: string = , customFields: Dictionary = nil) -> ()	None	None	Unsafe	cap=Basic
AnalyticsService	LogProgressionStartEvent	Function	(player: Player, progressionPathName: string, level: int, levelName: string = , customFields: Dictionary = nil) -> ()	None	None	Unsafe	cap=Basic
AngularVelocity	AngularVelocity	Property	Vector3	None	None	ReadSafe	sim,cap=Physics
AngularVelocity	MaxTorque	Property	float	None	None	ReadSafe	sim,cap=Physics
AngularVelocity	ReactionTorqueEnabled	Property	bool	None	None	ReadSafe	sim,cap=Physics
AngularVelocity	RelativeTo	Property	ActuatorRelativeTo	None	None	ReadSafe	sim,cap=Physics
AnimatedImage	Content	Property	Content	RobloxScriptSecurity	RobloxScriptSecurity	ReadSafe	hidden,notreplicated,cap=UI
AnimatedImage	GetBoundTracks	Function	() -> Array	RobloxScriptSecurity	RobloxScriptSecurity	Unsafe	cap=UI
AnimatedImage	Pause	Function	() -> ()	RobloxScriptSecurity	RobloxScriptSecurity	Unsafe	cap=UI
AnimatedImage	PlaybackSpeed	Property	float	RobloxScriptSecurity	RobloxScriptSecurity	ReadSafe	hidden,notreplicated,cap=UI
AnimatedImage	Resume	Function	() -> ()	RobloxScriptSecurity	RobloxScriptSecurity	Unsafe	cap=UI
AnimatedImageService	GetFrameNames	Function	(content: Content) -> Array	RobloxScriptSecurity	RobloxScriptSecurity	Unsafe	
AnimatedImageService	GetTrack	Function	(content: Content, trackName: string) -> AnimatedImageTrack	RobloxScriptSecurity	RobloxScriptSecurity	Unsafe	
AnimatedImageService	GetTracksChanged	Function	(content: Content) -> RBXScriptSignal	RobloxScriptSecurity	RobloxScriptSecurity	Unsafe	
AnimatedImageService	Prewarm	Function	(content: Content) -> ()	RobloxScriptSecurity	RobloxScriptSecurity	Unsafe	
AnimatedImageService	UnloadTracks	Function	(content: Content) -> ()	RobloxScriptSecurity	RobloxScriptSecurity	Unsafe	
AnimatedImageTrack	Duration	Property	float	RobloxScriptSecurity	RobloxScriptSecurity	ReadSafe	hidden,readonly,notreplicated
AnimatedImageTrack	FrameCount	Property	int	RobloxScriptSecurity	RobloxScriptSecurity	ReadSafe	hidden,readonly,notreplicated
AnimatedImageTrack	GetContent	Function	() -> Content	RobloxScriptSecurity	RobloxScriptSecurity	Unsafe	
AnimatedImageTrack	GetFrameNames	Function	() -> Array	RobloxScriptSecurity	RobloxScriptSecurity	Unsafe	
AnimatedImageTrack	TrackName	Property	string	RobloxScriptSecurity	RobloxScriptSecurity	ReadSafe	hidden,readonly,notreplicated
Animation	AnimationContent	Property	Content	None	None	ReadSafe	cap=Animation
Animation	AnimationId	Property	ContentId	None	None	ReadSafe	cap=Animation
AnimationClip	Guid	Property	string	RobloxScriptSecurity	RobloxScriptSecurity	ReadSafe	hidden,notreplicated,cap=Animation
AnimationClip	GuidBinaryString	Property	BinaryString	RobloxScriptSecurity	RobloxScriptSecurity	ReadSafe	hidden,notscriptable,cap=Animation
AnimationClip	Length	Property	float	None	None	ReadSafe	readonly,notreplicated,cap=Animation
AnimationClip	Loop	Property	bool	None	None	ReadSafe	cap=Animation
AnimationClip	Priority	Property	AnimationPriority	None	None	ReadSafe	cap=Animation
AnimationClipProvider	GetAnimationClip	Function	(assetId: ContentId) -> AnimationClip	PluginSecurity	PluginSecurity	Unsafe	deprecated,prefer=GetAnimationClipAsync,cap=Animation
AnimationClipProvider	GetAnimationClipAsync	Function	(assetId: ContentId) -> AnimationClip	None	None	Unsafe	yields,cap=Animation
AnimationClipProvider	GetAnimationClipById	Function	(assetId: int64, useCache: bool) -> AnimationClip	PluginSecurity	PluginSecurity	Unsafe	deprecated,prefer=GetAnimationClipAsync,cap=Animation
AnimationClipProvider	GetAnimationNodeDefinition	Function	(type: AnimationNodeType) -> Dictionary	RobloxScriptSecurity	RobloxScriptSecurity	Unsafe	cap=Animation
AnimationClipProvider	GetAnimationNodeTypes	Function	() -> Array	RobloxScriptSecurity	RobloxScriptSecurity	Unsafe	cap=Animation
AnimationClipProvider	GetAnimationValueNodeDefinition	Function	(type: AnimationValueNodeType) -> Dictionary	RobloxScriptSecurity	RobloxScriptSecurity	Unsafe	cap=Animation
AnimationClipProvider	GetAnimationValueNodeTypes	Function	() -> Array	RobloxScriptSecurity	RobloxScriptSecurity	Unsafe	cap=Animation
AnimationClipProvider	GetAnimations	Function	(userId: User) -> Instance	None	None	Unsafe	yields,deprecated,prefer=GetAnimationsAsync,cap=Animation
AnimationClipProvider	GetAnimationsAsync	Function	(userId: User) -> Instance	None	None	Unsafe	yields,cap=Animation
AnimationClipProvider	GetClipEvaluatorAsync	Function	(assetId: ContentId) -> ClipEvaluator	None	None	Unsafe	yields,cap=Animation
AnimationClipProvider	GetMemStats	Function	() -> Dictionary	RobloxScriptSecurity	RobloxScriptSecurity	Unsafe	cap=Animation
AnimationClipProvider	RegisterActiveAnimationClip	Function	(animationClip: AnimationClip) -> ContentId	None	None	Unsafe	cap=Animation
AnimationClipProvider	RegisterAnimationClip	Function	(animationClip: AnimationClip) -> ContentId	None	None	Unsafe	cap=Animation
AnimationConstraint	AngularDamping	Property	float	None	None	ReadSafe	sim,cap=Animation|Physics
AnimationConstraint	AngularStrength	Property	float	None	None	ReadSafe	sim,cap=Animation|Physics
AnimationConstraint	C0	Property	CFrame	None	None	ReadSafe	hidden,readonly,notreplicated,deprecated,sim,cap=Animation|Physics
AnimationConstraint	C1	Property	CFrame	None	None	ReadSafe	hidden,readonly,notreplicated,deprecated,sim,cap=Animation|Physics
AnimationConstraint	EnableSkinning	Property	bool	RobloxScriptSecurity	RobloxScriptSecurity	ReadSafe	hidden,cap=Animation|Physics
AnimationConstraint	IsKinematic	Property	bool	None	None	ReadSafe	sim,cap=Animation|Physics
AnimationConstraint	LinearDamping	Property	float	None	None	ReadSafe	sim,cap=Animation|Physics
AnimationConstraint	LinearStrength	Property	float	None	None	ReadSafe	sim,cap=Animation|Physics
AnimationConstraint	MaxForce	Property	float	None	None	ReadSafe	sim,cap=Animation|Physics
AnimationConstraint	MaxTorque	Property	float	None	None	ReadSafe	sim,cap=Animation|Physics
AnimationConstraint	Part0	Property	BasePart	None	None	ReadSafe	hidden,readonly,notreplicated,deprecated,sim,cap=Animation|Physics
AnimationConstraint	Part1	Property	BasePart	None	None	ReadSafe	hidden,readonly,notreplicated,deprecated,sim,cap=Animation|Physics
AnimationConstraint	Transform	Property	CFrame	None	None	ReadSafe	sim,cap=Animation|Physics
AnimationController	AnimationPlayed	Event	(animationTrack: AnimationTrack)	None	None	Unsafe	deprecated,prefer=AnimationPlayed,cap=Animation
AnimationController	GetPlayingAnimationTracks	Function	() -> Array	None	None	Unsafe	deprecated,prefer=GetPlayingAnimationTracks,cap=Animation
AnimationController	LoadAnimation	Function	(animation: Animation) -> AnimationTrack	None	None	Unsafe	deprecated,prefer=LoadAnimation,cap=Animation
AnimationFromVideoCreatorService	CreateJob	Function	(filePath: string) -> string	RobloxScriptSecurity	RobloxScriptSecurity	Unsafe	yields
AnimationFromVideoCreatorService	DownloadJobResult	Function	(jobId: string, outputFilePath: string) -> string	RobloxScriptSecurity	RobloxScriptSecurity	Unsafe	yields
AnimationFromVideoCreatorService	FullProcess	Function	(videoFilePath: string, progressCallback: Function) -> string	RobloxScriptSecurity	RobloxScriptSecurity	Unsafe	yields
AnimationFromVideoCreatorService	GetJobStatus	Function	(jobId: string) -> string	RobloxScriptSecurity	RobloxScriptSecurity	Unsafe	yields
AnimationFromVideoCreatorStudioService	CreateAnimationByUploadingVideo	Function	(progressCallback: Function) -> string	RobloxScriptSecurity	RobloxScriptSecurity	Unsafe	yields
AnimationFromVideoCreatorStudioService	ImportVideoWithPrompt	Function	() -> string	RobloxScriptSecurity	RobloxScriptSecurity	Unsafe	yields
AnimationFromVideoCreatorStudioService	IsAgeRestricted	Function	() -> bool	RobloxScriptSecurity	RobloxScriptSecurity	Unsafe	
AnimationImportData	ForceNewVersion	Property	bool	None	None	ReadSafe	undocumented
AnimationImportData	VersionedAssetId	Property	int64	None	None	ReadSafe	undocumented
AnimationNodeDefinition	AddInputPin	Function	(pin: string) -> ()	None	None	Unsafe	cap=Animation
AnimationNodeDefinition	GetOrderedInputPinNames	Function	() -> Array	None	None	Unsafe	cap=Animation
AnimationNodeDefinition	InputPinData	Property	BinaryString	None	None	ReadSafe	hidden,notscriptable,cap=Animation
AnimationNodeDefinition	InputPinsChanged	Event	()	None	None	Unsafe	cap=Animation
AnimationNodeDefinition	NodeId	Property	string	RobloxScriptSecurity	RobloxScriptSecurity	ReadSafe	cap=Animation
AnimationNodeDefinition	NodeType	Property	AnimationNodeType	None	None	ReadSafe	cap=Animation
AnimationNodeDefinition	RemoveInputPin	Function	(pin: string) -> ()	None	None	Unsafe	cap=Animation
AnimationNodeDefinition	SetOrderedInputPinNames	Function	(pins: Array) -> ()	None	None	Unsafe	cap=Animation
AnimationRigData	Dump	Function	() -> string	RobloxScriptSecurity	RobloxScriptSecurity	Unsafe	cap=Animation
AnimationRigData	Generic	Property	BinaryString	None	None	ReadSafe	hidden,notscriptable,cap=Animation
AnimationRigData	GetLabels	Function	() -> Array	RobloxScriptSecurity	RobloxScriptSecurity	Unsafe	cap=Animation
AnimationRigData	GetNames	Function	() -> Array	RobloxScriptSecurity	RobloxScriptSecurity	Unsafe	cap=Animation
AnimationRigData	GetParents	Function	() -> Array	RobloxScriptSecurity	RobloxScriptSecurity	Unsafe	cap=Animation
AnimationRigData	GetPostTransforms	Function	() -> Array	RobloxScriptSecurity	RobloxScriptSecurity	Unsafe	cap=Animation
AnimationRigData	GetPreTransforms	Function	() -> Array	RobloxScriptSecurity	RobloxScriptSecurity	Unsafe	cap=Animation
AnimationRigData	GetTransforms	Function	() -> Array	RobloxScriptSecurity	RobloxScriptSecurity	Unsafe	cap=Animation
AnimationRigData	IsValidR15	Function	() -> bool	RobloxScriptSecurity	RobloxScriptSecurity	Unsafe	cap=Animation
AnimationRigData	IsValidR15Plus	Function	() -> bool	RobloxScriptSecurity	RobloxScriptSecurity	Unsafe	cap=Animation
AnimationRigData	LoadFromHumanoid	Function	(humanoid: Instance) -> bool	RobloxScriptSecurity	RobloxScriptSecurity	Unsafe	cap=Animation
AnimationRigData	LoadFromModel	Function	(model: Instance) -> bool	RobloxScriptSecurity	RobloxScriptSecurity	Unsafe	cap=Animation
AnimationRigData	label	Property	BinaryString	None	None	ReadSafe	hidden,notscriptable,cap=Animation
AnimationRigData	name	Property	BinaryString	None	None	ReadSafe	hidden,notscriptable,cap=Animation
AnimationRigData	parent	Property	BinaryString	None	None	ReadSafe	hidden,notscriptable,cap=Animation
AnimationRigData	postTransform	Property	BinaryString	None	None	ReadSafe	hidden,notscriptable,cap=Animation
AnimationRigData	preTransform	Property	BinaryString	None	None	ReadSafe	hidden,notscriptable,cap=Animation
AnimationRigData	transform	Property	BinaryString	None	None	ReadSafe	hidden,notscriptable,cap=Animation
AnimationStreamTrack	AdjustWeight	Function	(weight: float = 1, fadeTime: float = 0.100000001) -> ()	RobloxScriptSecurity	RobloxScriptSecurity	Unsafe	
AnimationStreamTrack	Animation	Property	TrackerStreamAnimation	None	None	ReadSafe	hidden,readonly,notreplicated
AnimationStreamTrack	FACSDataLod	Property	FACSDataLod	None	None	ReadSafe	hidden,readonly,notreplicated
AnimationStreamTrack	GetActive	Function	() -> bool	RobloxScriptSecurity	RobloxScriptSecurity	Unsafe	
AnimationStreamTrack	GetTrackerData	Function	() -> Tuple	RobloxScriptSecurity	RobloxScriptSecurity	Unsafe	
AnimationStreamTrack	IsPlaying	Property	bool	None	None	ReadSafe	hidden,readonly,notreplicated
AnimationStreamTrack	Play	Function	(fadeTime: float = 0.100000001, weight: float = 1) -> ()	RobloxScriptSecurity	RobloxScriptSecurity	Unsafe	
AnimationStreamTrack	Priority	Property	AnimationPriority	None	None	ReadSafe	hidden,notreplicated
AnimationStreamTrack	Stop	Function	(fadeTime: float = 0.100000001) -> ()	RobloxScriptSecurity	RobloxScriptSecurity	Unsafe	
AnimationStreamTrack	Stopped	Event	()	RobloxScriptSecurity	RobloxScriptSecurity	Unsafe	
AnimationStreamTrack	TogglePause	Function	(paused: bool) -> ()	RobloxScriptSecurity	RobloxScriptSecurity	Unsafe	
AnimationStreamTrack	WeightCurrent	Property	float	None	None	ReadSafe	hidden,readonly,notreplicated
AnimationStreamTrack	WeightTarget	Property	float	None	None	ReadSafe	hidden,readonly,notreplicated
AnimationTrack	AdjustSpeed	Function	(speed: float = 1) -> ()	None	None	Unsafe	customluastate,sim,cap=Animation
AnimationTrack	AdjustWeight	Function	(weight: float = 1, fadeTime: float = 0.100000001) -> ()	None	None	Unsafe	customluastate,sim,cap=Animation
AnimationTrack	Animation	Property	Animation	None	None	ReadSafe	readonly,notreplicated,cap=Animation
AnimationTrack	DidLoop	Event	()	None	None	Unsafe	cap=Animation
AnimationTrack	Ended	Event	()	None	None	Unsafe	cap=Animation
AnimationTrack	GetDebugData	Function	() -> Dictionary	RobloxScriptSecurity	RobloxScriptSecurity	Unsafe	cap=Animation
AnimationTrack	GetMarkerReachedSignal	Function	(name: string) -> RBXScriptSignal	None	None	Unsafe	cap=Animation
AnimationTrack	GetParameter	Function	(key: string) -> Variant	None	None	Unsafe	sim,cap=Animation
AnimationTrack	GetParameterDefaults	Function	() -> Dictionary	None	None	Unsafe	cap=Animation
AnimationTrack	GetTargetInstance	Function	(name: string) -> Instance	None	None	Unsafe	cap=Animation,undocumented
AnimationTrack	GetTargetNames	Function	() -> Array	None	None	Unsafe	cap=Animation,undocumented
AnimationTrack	GetTimeOfKeyframe	Function	(keyframeName: string) -> double	None	None	Unsafe	cap=Animation
AnimationTrack	IsPlaying	Property	bool	None	None	ReadSafe	readonly,notreplicated,sim,cap=Animation
AnimationTrack	KeyframeReached	Event	(keyframeName: string)	None	None	Unsafe	cap=Animation
AnimationTrack	Length	Property	float	None	None	ReadSafe	readonly,notreplicated,cap=Animation
AnimationTrack	Looped	Property	bool	None	None	ReadSafe	sim,cap=Animation
AnimationTrack	ParameterChanged	Event	(key: string, value: Variant)	RobloxScriptSecurity	RobloxScriptSecurity	Unsafe	cap=Animation
AnimationTrack	Play	Function	(fadeTime: float = 0.100000001, weight: float = 1, speed: float = 1) -> ()	None	None	Unsafe	customluastate,sim,cap=Animation
AnimationTrack	Priority	Property	AnimationPriority	None	None	ReadSafe	sim,cap=Animation
AnimationTrack	ResetGraph	Function	() -> ()	RobloxScriptSecurity	RobloxScriptSecurity	Unsafe	cap=Animation
AnimationTrack	SetParameter	Function	(key: string, value: Variant) -> ()	None	None	Unsafe	sim,cap=Animation
AnimationTrack	SetTargetInstance	Function	(name: string, target: Instance) -> ()	None	None	Unsafe	cap=Animation,undocumented
AnimationTrack	Speed	Property	float	None	None	ReadSafe	readonly,notreplicated,sim,cap=Animation
AnimationTrack	Stop	Function	(fadeTime: float = 0.100000001) -> ()	None	None	Unsafe	customluastate,sim,cap=Animation
AnimationTrack	Stopped	Event	()	None	None	Unsafe	cap=Animation
AnimationTrack	TimePosition	Property	float	None	None	ReadSafe	notreplicated,sim,cap=Animation
AnimationTrack	UpdateGraphNodeProperty	Function	(nodeId: string, propertyName: string, value: Variant, inputPinName: string = ) -> bool	RobloxScriptSecurity	RobloxScriptSecurity	Unsafe	cap=Animation
AnimationTrack	WeightCurrent	Property	float	None	None	ReadSafe	readonly,notreplicated,sim,cap=Animation
AnimationTrack	WeightTarget	Property	float	None	None	ReadSafe	readonly,notreplicated,sim,cap=Animation
AnimationValueNodeDefinition	NodeId	Property	string	RobloxScriptSecurity	RobloxScriptSecurity	ReadSafe	cap=Animation
AnimationValueNodeDefinition	NodeType	Property	AnimationValueNodeType	None	None	ReadSafe	cap=Animation,undocumented
Animator	AnimTrackMetadata0	Property	AnimTrackMetadata	RobloxSecurity	RobloxSecurity	ReadSafe	hidden,notscriptable,sim,cap=Animation
Animator	AnimTrackMetadata1	Property	AnimTrackMetadata	RobloxSecurity	RobloxSecurity	ReadSafe	hidden,notscriptable,sim,cap=Animation
Animator	AnimTrackMetadata10	Property	AnimTrackMetadata	RobloxSecurity	RobloxSecurity	ReadSafe	hidden,notscriptable,sim,cap=Animation
Animator	AnimTrackMetadata11	Property	AnimTrackMetadata	RobloxSecurity	RobloxSecurity	ReadSafe	hidden,notscriptable,sim,cap=Animation
Animator	AnimTrackMetadata12	Property	AnimTrackMetadata	RobloxSecurity	RobloxSecurity	ReadSafe	hidden,notscriptable,sim,cap=Animation
Animator	AnimTrackMetadata13	Property	AnimTrackMetadata	RobloxSecurity	RobloxSecurity	ReadSafe	hidden,notscriptable,sim,cap=Animation
Animator	AnimTrackMetadata14	Property	AnimTrackMetadata	RobloxSecurity	RobloxSecurity	ReadSafe	hidden,notscriptable,sim,cap=Animation
Animator	AnimTrackMetadata15	Property	AnimTrackMetadata	RobloxSecurity	RobloxSecurity	ReadSafe	hidden,notscriptable,sim,cap=Animation
Animator	AnimTrackMetadata2	Property	AnimTrackMetadata	RobloxSecurity	RobloxSecurity	ReadSafe	hidden,notscriptable,sim,cap=Animation
Animator	AnimTrackMetadata3	Property	AnimTrackMetadata	RobloxSecurity	RobloxSecurity	ReadSafe	hidden,notscriptable,sim,cap=Animation
Animator	AnimTrackMetadata4	Property	AnimTrackMetadata	RobloxSecurity	RobloxSecurity	ReadSafe	hidden,notscriptable,sim,cap=Animation
Animator	AnimTrackMetadata5	Property	AnimTrackMetadata	RobloxSecurity	RobloxSecurity	ReadSafe	hidden,notscriptable,sim,cap=Animation
Animator	AnimTrackMetadata6	Property	AnimTrackMetadata	RobloxSecurity	RobloxSecurity	ReadSafe	hidden,notscriptable,sim,cap=Animation
Animator	AnimTrackMetadata7	Property	AnimTrackMetadata	RobloxSecurity	RobloxSecurity	ReadSafe	hidden,notscriptable,sim,cap=Animation
Animator	AnimTrackMetadata8	Property	AnimTrackMetadata	RobloxSecurity	RobloxSecurity	ReadSafe	hidden,notscriptable,sim,cap=Animation
Animator	AnimTrackMetadata9	Property	AnimTrackMetadata	RobloxSecurity	RobloxSecurity	ReadSafe	hidden,notscriptable,sim,cap=Animation
Animator	AnimTrackPlayState0	Property	AnimTrackPlayState	RobloxSecurity	RobloxSecurity	ReadSafe	hidden,notscriptable,sim,cap=Animation
Animator	AnimTrackPlayState1	Property	AnimTrackPlayState	RobloxSecurity	RobloxSecurity	ReadSafe	hidden,notscriptable,sim,cap=Animation
Animator	AnimTrackPlayState10	Property	AnimTrackPlayState	RobloxSecurity	RobloxSecurity	ReadSafe	hidden,notscriptable,sim,cap=Animation
Animator	AnimTrackPlayState11	Property	AnimTrackPlayState	RobloxSecurity	RobloxSecurity	ReadSafe	hidden,notscriptable,sim,cap=Animation
Animator	AnimTrackPlayState12	Property	AnimTrackPlayState	RobloxSecurity	RobloxSecurity	ReadSafe	hidden,notscriptable,sim,cap=Animation
Animator	AnimTrackPlayState13	Property	AnimTrackPlayState	RobloxSecurity	RobloxSecurity	ReadSafe	hidden,notscriptable,sim,cap=Animation
Animator	AnimTrackPlayState14	Property	AnimTrackPlayState	RobloxSecurity	RobloxSecurity	ReadSafe	hidden,notscriptable,sim,cap=Animation
Animator	AnimTrackPlayState15	Property	AnimTrackPlayState	RobloxSecurity	RobloxSecurity	ReadSafe	hidden,notscriptable,sim,cap=Animation
Animator	AnimTrackPlayState2	Property	AnimTrackPlayState	RobloxSecurity	RobloxSecurity	ReadSafe	hidden,notscriptable,sim,cap=Animation
Animator	AnimTrackPlayState3	Property	AnimTrackPlayState	RobloxSecurity	RobloxSecurity	ReadSafe	hidden,notscriptable,sim,cap=Animation
Animator	AnimTrackPlayState4	Property	AnimTrackPlayState	RobloxSecurity	RobloxSecurity	ReadSafe	hidden,notscriptable,sim,cap=Animation
Animator	AnimTrackPlayState5	Property	AnimTrackPlayState	RobloxSecurity	RobloxSecurity	ReadSafe	hidden,notscriptable,sim,cap=Animation
Animator	AnimTrackPlayState6	Property	AnimTrackPlayState	RobloxSecurity	RobloxSecurity	ReadSafe	hidden,notscriptable,sim,cap=Animation
Animator	AnimTrackPlayState7	Property	AnimTrackPlayState	RobloxSecurity	RobloxSecurity	ReadSafe	hidden,notscriptable,sim,cap=Animation
Animator	AnimTrackPlayState8	Property	AnimTrackPlayState	RobloxSecurity	RobloxSecurity	ReadSafe	hidden,notscriptable,sim,cap=Animation
Animator	AnimTrackPlayState9	Property	AnimTrackPlayState	RobloxSecurity	RobloxSecurity	ReadSafe	hidden,notscriptable,sim,cap=Animation
Animator	AnimTrackWeight0	Property	AnimTrackWeight	RobloxSecurity	RobloxSecurity	ReadSafe	hidden,notscriptable,sim,cap=Animation
Animator	AnimTrackWeight1	Property	AnimTrackWeight	RobloxSecurity	RobloxSecurity	ReadSafe	hidden,notscriptable,sim,cap=Animation
Animator	AnimTrackWeight10	Property	AnimTrackWeight	RobloxSecurity	RobloxSecurity	ReadSafe	hidden,notscriptable,sim,cap=Animation
Animator	AnimTrackWeight11	Property	AnimTrackWeight	RobloxSecurity	RobloxSecurity	ReadSafe	hidden,notscriptable,sim,cap=Animation
Animator	AnimTrackWeight12	Property	AnimTrackWeight	RobloxSecurity	RobloxSecurity	ReadSafe	hidden,notscriptable,sim,cap=Animation
Animator	AnimTrackWeight13	Property	AnimTrackWeight	RobloxSecurity	RobloxSecurity	ReadSafe	hidden,notscriptable,sim,cap=Animation
Animator	AnimTrackWeight14	Property	AnimTrackWeight	RobloxSecurity	RobloxSecurity	ReadSafe	hidden,notscriptable,sim,cap=Animation
Animator	AnimTrackWeight15	Property	AnimTrackWeight	RobloxSecurity	RobloxSecurity	ReadSafe	hidden,notscriptable,sim,cap=Animation
Animator	AnimTrackWeight2	Property	AnimTrackWeight	RobloxSecurity	RobloxSecurity	ReadSafe	hidden,notscriptable,sim,cap=Animation
Animator	AnimTrackWeight3	Property	AnimTrackWeight	RobloxSecurity	RobloxSecurity	ReadSafe	hidden,notscriptable,sim,cap=Animation
Animator	AnimTrackWeight4	Property	AnimTrackWeight	RobloxSecurity	RobloxSecurity	ReadSafe	hidden,notscriptable,sim,cap=Animation
Animator	AnimTrackWeight5	Property	AnimTrackWeight	RobloxSecurity	RobloxSecurity	ReadSafe	hidden,notscriptable,sim,cap=Animation
Animator	AnimTrackWeight6	Property	AnimTrackWeight	RobloxSecurity	RobloxSecurity	ReadSafe	hidden,notscriptable,sim,cap=Animation
Animator	AnimTrackWeight7	Property	AnimTrackWeight	RobloxSecurity	RobloxSecurity	ReadSafe	hidden,notscriptable,sim,cap=Animation
Animator	AnimTrackWeight8	Property	AnimTrackWeight	RobloxSecurity	RobloxSecurity	ReadSafe	hidden,notscriptable,sim,cap=Animation
Animator	AnimTrackWeight9	Property	AnimTrackWeight	RobloxSecurity	RobloxSecurity	ReadSafe	hidden,notscriptable,sim,cap=Animation
Animator	AnimationId0	Property	int64	RobloxSecurity	RobloxSecurity	ReadSafe	hidden,notscriptable,sim,cap=Animation
Animator	AnimationId1	Property	int64	RobloxSecurity	RobloxSecurity	ReadSafe	hidden,notscriptable,sim,cap=Animation
Animator	AnimationId10	Property	int64	RobloxSecurity	RobloxSecurity	ReadSafe	hidden,notscriptable,sim,cap=Animation
Animator	AnimationId11	Property	int64	RobloxSecurity	RobloxSecurity	ReadSafe	hidden,notscriptable,sim,cap=Animation
Animator	AnimationId12	Property	int64	RobloxSecurity	RobloxSecurity	ReadSafe	hidden,notscriptable,sim,cap=Animation
Animator	AnimationId13	Property	int64	RobloxSecurity	RobloxSecurity	ReadSafe	hidden,notscriptable,sim,cap=Animation
Animator	AnimationId14	Property	int64	RobloxSecurity	RobloxSecurity	ReadSafe	hidden,notscriptable,sim,cap=Animation
Animator	AnimationId15	Property	int64	RobloxSecurity	RobloxSecurity	ReadSafe	hidden,notscriptable,sim,cap=Animation
Animator	AnimationId2	Property	int64	RobloxSecurity	RobloxSecurity	ReadSafe	hidden,notscriptable,sim,cap=Animation
Animator	AnimationId3	Property	int64	RobloxSecurity	RobloxSecurity	ReadSafe	hidden,notscriptable,sim,cap=Animation
Animator	AnimationId4	Property	int64	RobloxSecurity	RobloxSecurity	ReadSafe	hidden,notscriptable,sim,cap=Animation
Animator	AnimationId5	Property	int64	RobloxSecurity	RobloxSecurity	ReadSafe	hidden,notscriptable,sim,cap=Animation
Animator	AnimationId6	Property	int64	RobloxSecurity	RobloxSecurity	ReadSafe	hidden,notscriptable,sim,cap=Animation
Animator	AnimationId7	Property	int64	RobloxSecurity	RobloxSecurity	ReadSafe	hidden,notscriptable,sim,cap=Animation
Animator	AnimationId8	Property	int64	RobloxSecurity	RobloxSecurity	ReadSafe	hidden,notscriptable,sim,cap=Animation
Animator	AnimationId9	Property	int64	RobloxSecurity	RobloxSecurity	ReadSafe	hidden,notscriptable,sim,cap=Animation
Animator	AnimationPlayed	Event	(animationTrack: AnimationTrack)	None	None	Unsafe	cap=Animation
Animator	AnimationPlayedCoreScript	Event	(animationTrack: AnimationTrack)	RobloxScriptSecurity	RobloxScriptSecurity	Unsafe	cap=Animation
Animator	AnimationStreamTrackPlayed	Event	(animationTrack: AnimationStreamTrack)	RobloxScriptSecurity	RobloxScriptSecurity	Unsafe	cap=Animation
Animator	ApplyJointVelocities	Function	(motors: Variant) -> ()	None	None	Unsafe	cap=Animation
Animator	EvaluationThrottled	Property	bool	None	None	Safe	readonly,notreplicated,cap=Animation
Animator	FacsReplicationData	Property	FacsReplicationData	RobloxSecurity	RobloxSecurity	ReadSafe	hidden,notscriptable,cap=Animation
Animator	GetPlayingAnimationTracks	Function	() -> Array	None	None	Unsafe	sim,cap=Animation
Animator	GetPlayingAnimationTracksCoreScript	Function	() -> Array	RobloxScriptSecurity	RobloxScriptSecurity	Unsafe	cap=Animation
Animator	GetTrackByAnimationId	Function	(animationId: ContentId) -> AnimationTrack	None	None	Unsafe	sim,cap=Animation
Animator	LoadAnimation	Function	(animation: Animation) -> AnimationTrack	None	None	Unsafe	sim,cap=Animation
Animator	LoadAnimationCoreScript	Function	(animation: Animation) -> AnimationTrack	RobloxScriptSecurity	RobloxScriptSecurity	Unsafe	cap=Animation
Animator	LoadStreamAnimation	Function	(animation: TrackerStreamAnimation) -> AnimationStreamTrack	RobloxScriptSecurity	RobloxScriptSecurity	Unsafe	cap=Animation
Animator	LoadStreamAnimationForSelfieView_deprecated	Function	(animation: TrackerStreamAnimation, player: Player) -> AnimationStreamTrack	RobloxScriptSecurity	RobloxScriptSecurity	Unsafe	cap=Animation
Animator	LoadStreamAnimationV2	Function	(animation: TrackerStreamAnimation, player: Player = nil, shouldLookupPlayer: bool = true, shouldReplicate: bool = true) -> AnimationStreamTrack	RobloxScriptSecurity	RobloxScriptSecurity	Unsafe	cap=Animation
Animator	OnCombinedUpdate	Event	(animation: ContentId, playState: bool, fadeTime: float, weight: float, speed: float, timePosition: float, priority: AnimationPriority, looping: bool, valuesUpdated: int)	RobloxSecurity	RobloxSecurity	Unsafe	hidden,cap=Animation
Animator	OnGraphParameterUpdate	Event	(animation: ContentId, updatedParameters: Dictionary)	RobloxSecurity	RobloxSecurity	Unsafe	hidden,cap=Animation
Animator	OnStreamingUpdated2	Event	(fadeTime: float, weight: float, priority: AnimationPriority, maskEnabled: bool, valuesUpdated: int)	RobloxSecurity	RobloxSecurity	Unsafe	hidden,cap=Animation
Animator	PreferLodEnabled	Property	bool	None	None	ReadSafe	cap=Animation
Animator	RegisterEvaluationParallelCallback	Function	(callback: Function) -> ()	None	None	Unsafe	cap=Animation,undocumented
Animator	RootMotion	Property	CFrame	None	None	Safe	readonly,notreplicated,notbrowsable,cap=Animation,undocumented
Animator	RootMotionWeight	Property	float	None	None	Safe	readonly,notreplicated,notbrowsable,cap=Animation,undocumented
Animator	StepAnimations	Function	(deltaTime: float) -> ()	PluginSecurity	PluginSecurity	Unsafe	cap=Animation
Animator	StepAnimationsInternal	Function	(deltaTime: float, options: Dictionary) -> ()	RobloxScriptSecurity	RobloxScriptSecurity	Unsafe	cap=Animation
Animator	StreamSyncRequest	Event	(player: Player)	RobloxSecurity	RobloxSecurity	Unsafe	hidden,cap=Animation
Animator	SynchronizeWith	Function	(otherAnimator: Animator) -> ()	RobloxScriptSecurity	RobloxScriptSecurity	Unsafe	cap=Animation
Annotation	AuthorColor3	Property	Color3	RobloxScriptSecurity	RobloxScriptSecurity	ReadSafe	hidden
Annotation	AuthorId	Property	int64	RobloxScriptSecurity	RobloxScriptSecurity	ReadSafe	hidden
Annotation	ChannelId	Property	string	RobloxScriptSecurity	RobloxScriptSecurity	ReadSafe	hidden
Annotation	Contents	Property	string	RobloxScriptSecurity	RobloxScriptSecurity	ReadSafe	hidden
Annotation	CreationTimeUnix	Property	int64	RobloxScriptSecurity	RobloxScriptSecurity	ReadSafe	hidden
Annotation	GetRequests	Function	() -> Dictionary	RobloxScriptSecurity	RobloxScriptSecurity	Unsafe	
Annotation	GetStringUniqueId	Function	() -> string	RobloxScriptSecurity	RobloxScriptSecurity	Unsafe	
Annotation	IsThreadParent	Function	() -> bool	RobloxScriptSecurity	RobloxScriptSecurity	Unsafe	
Annotation	LastModifiedTimeUnix	Property	int64	RobloxScriptSecurity	RobloxScriptSecurity	ReadSafe	hidden
Annotation	LoadingReplies	Property	bool	RobloxScriptSecurity	RobloxScriptSecurity	ReadSafe	hidden
Annotation	MessageId	Property	string	RobloxSecurity	RobloxSecurity	ReadSafe	hidden,notscriptable
Annotation	ReplyCount	Property	int64	RobloxScriptSecurity	RobloxScriptSecurity	ReadSafe	hidden
Annotation	RequestCompleted	Event	(requestId: string, requestType: AnnotationRequestType, result: AnnotationRequestStatus)	RobloxScriptSecurity	RobloxScriptSecurity	Unsafe	
Annotation	RequestInitiated	Event	(requestId: string, requestType: AnnotationRequestType)	RobloxScriptSecurity	RobloxScriptSecurity	Unsafe	
Annotation	Resolved	Property	bool	RobloxScriptSecurity	RobloxScriptSecurity	ReadSafe	hidden
Annotation	TaggedUsers	Property	string	RobloxScriptSecurity	RobloxScriptSecurity	ReadSafe	hidden
AnnotationsService	AnnotationAdded	Event	(requestId: string, annotation: Annotation, channelId: string)	RobloxScriptSecurity	RobloxScriptSecurity	Unsafe	
AnnotationsService	AnnotationDeleted	Event	(requestId: string, annotation: Annotation)	RobloxScriptSecurity	RobloxScriptSecurity	Unsafe	
AnnotationsService	AnnotationEdited	Event	(requestId: string, uniqueId: string, contents: string, taggedUsers: string)	RobloxScriptSecurity	RobloxScriptSecurity	Unsafe	
AnnotationsService	AnnotationResolved	Event	(requestId: string, annotation: Annotation, resolved: bool)	RobloxScriptSecurity	RobloxScriptSecurity	Unsafe	
AnnotationsService	AnnotationsLoadingStatus	Property	AnnotationRequestStatus	RobloxScriptSecurity	RobloxScriptSecurity	ReadSafe	hidden
AnnotationsService	AnnotationsVisible	Property	bool	RobloxScriptSecurity	RobloxScriptSecurity	ReadSafe	hidden,notreplicated
AnnotationsService	CreateAnnotation	Function	(annotation: Annotation) -> ()	RobloxScriptSecurity	RobloxScriptSecurity	Unsafe	
AnnotationsService	CreateOrUpdateChannelPreferenceAsync	Function	(userId: int64, channelId: string, placeId: int64, channelContentPreference: AnnotationChannelContentPreference) -> ()	RobloxScriptSecurity	RobloxScriptSecurity	Unsafe	yields
AnnotationsService	CreateOrUpdatePlacePreference	Function	(placeId: int64, userId: int64, placeContentPreference: PlaceContentPreference) -> ()	RobloxScriptSecurity	RobloxScriptSecurity	Unsafe	
AnnotationsService	CreateOrUpdatePlacePreferenceAsync	Function	(userId: int64, placeContentPreference: AnnotationPlaceContentPreference, placeId: int64) -> ()	RobloxScriptSecurity	RobloxScriptSecurity	Unsafe	yields
AnnotationsService	DeleteAnnotation	Function	(annotation: Annotation) -> ()	RobloxScriptSecurity	RobloxScriptSecurity	Unsafe	
AnnotationsService	EditAnnotation	Function	(uniqueId: string, contents: string, taggedUsers: string) -> ()	RobloxScriptSecurity	RobloxScriptSecurity	Unsafe	
AnnotationsService	GetAnnotationThreads	Function	() -> Instances	RobloxScriptSecurity	RobloxScriptSecurity	Unsafe	
AnnotationsService	GetChannelPreferenceAsync	Function	(userId: int64, channelId: string, placeId: int64) -> AnnotationChannelContentPreference	RobloxScriptSecurity	RobloxScriptSecurity	Unsafe	yields
AnnotationsService	GetPlacePreference	Function	(placeId: int64, userId: int64) -> PlaceContentPreference	RobloxScriptSecurity	RobloxScriptSecurity	Unsafe	
AnnotationsService	GetPlacePreferenceAsync	Function	(userId: int64, placeId: int64) -> AnnotationPlaceContentPreference	RobloxScriptSecurity	RobloxScriptSecurity	Unsafe	yields
AnnotationsService	Hovered	Property	Annotation	RobloxScriptSecurity	RobloxScriptSecurity	ReadSafe	hidden,notreplicated
AnnotationsService	LoadAnnotationReplies	Function	(annotation: Annotation, reverseOrder: bool, loadAll: bool) -> ()	RobloxScriptSecurity	RobloxScriptSecurity	Unsafe	
AnnotationsService	LoadAnnotations	Function	(resolved: bool) -> ()	RobloxScriptSecurity	RobloxScriptSecurity	Unsafe	
AnnotationsService	LoadResolvedAnnotations	Function	(count: int) -> ()	RobloxScriptSecurity	RobloxScriptSecurity	Unsafe	deprecated
AnnotationsService	Mode	Property	AnnotationEditingMode	RobloxScriptSecurity	RobloxScriptSecurity	ReadSafe	hidden,notreplicated
AnnotationsService	ResolveAnnotation	Function	(annotation: Annotation, resolved: bool) -> ()	RobloxScriptSecurity	RobloxScriptSecurity	Unsafe	
AnnotationsService	ResolvedLoadingStatus	Property	AnnotationRequestStatus	RobloxScriptSecurity	RobloxScriptSecurity	ReadSafe	hidden
AnnotationsService	Selected	Property	Annotation	RobloxScriptSecurity	RobloxScriptSecurity	ReadSafe	hidden,notreplicated
AnnotationsService	ServerLoadAnnotationReplies	Event	(annotation: Annotation, reverseOrder: bool, loadAll: bool)	RobloxSecurity	RobloxSecurity	Unsafe	
AnnotationsService	ServerLoadAnnotations	Event	(resolved: bool)	RobloxSecurity	RobloxSecurity	Unsafe	
AnnotationsService	ServerLoadResolvedAnnotations	Event	(count: int)	RobloxSecurity	RobloxSecurity	Unsafe	
AppAgeSignalsService	GetAppAgeSignalsAsync	Function	() -> Dictionary	RobloxScriptSecurity	RobloxScriptSecurity	Unsafe	yields
AppAgeSignalsService	IsAvailable	Function	() -> bool	RobloxScriptSecurity	RobloxScriptSecurity	Unsafe	
AppLifecycleObserverService	GetCurrentState	Function	() -> AppLifecycleManagerState	RobloxScriptSecurity	RobloxScriptSecurity	Unsafe	
AppLifecycleObserverService	IsDidDetachSupported	Function	() -> bool	RobloxScriptSecurity	RobloxScriptSecurity	Unsafe	
AppLifecycleObserverService	OnBecomeActive	Event	()	RobloxScriptSecurity	RobloxScriptSecurity	Unsafe	
AppLifecycleObserverService	OnDetach	Event	()	RobloxScriptSecurity	RobloxScriptSecurity	Unsafe	
AppLifecycleObserverService	OnHide	Event	()	RobloxScriptSecurity	RobloxScriptSecurity	Unsafe	
AppLifecycleObserverService	OnResignActive	Event	()	RobloxScriptSecurity	RobloxScriptSecurity	Unsafe	
AppLifecycleObserverService	OnStart	Event	()	RobloxScriptSecurity	RobloxScriptSecurity	Unsafe	
AppLifecycleObserverService	OnUnhide	Event	()	RobloxScriptSecurity	RobloxScriptSecurity	Unsafe	
AppLifecycleObserverService	TriggerOnLandingPageMount	Function	() -> ()	RobloxScriptSecurity	RobloxScriptSecurity	Unsafe	
AppLifecycleObserverService	TriggerOnLuaAppInteractive	Function	() -> ()	RobloxScriptSecurity	RobloxScriptSecurity	Unsafe	
AppLifecycleObserverService	TriggerOnLuaAppReadyToRender	Function	() -> ()	RobloxScriptSecurity	RobloxScriptSecurity	Unsafe	
AppLifecycleObserverService	TriggerOnPageMilestone	Function	(page: PageType, milestone: PageMilestoneType) -> ()	RobloxScriptSecurity	RobloxScriptSecurity	Unsafe	
AppRatingPromptService	OnGameLeft	Event	(gameTime: double)	RobloxScriptSecurity	RobloxScriptSecurity	Unsafe	
AppRatingPromptService	isAppRatingPromptAvailable	Function	() -> bool	RobloxScriptSecurity	RobloxScriptSecurity	Unsafe	
AppRatingPromptService	showAppRatingPrompt	Function	() -> ()	RobloxScriptSecurity	RobloxScriptSecurity	Unsafe	
AppUpdateService	CanPerformBinaryUpdate	Function	() -> bool	RobloxScriptSecurity	RobloxScriptSecurity	Unsafe	
AppUpdateService	CheckForUpdate	Function	(handler: Function = nil) -> ()	RobloxScriptSecurity	RobloxScriptSecurity	Unsafe	
AppUpdateService	GetProtocolLaunchUpdateName	Function	() -> string	RobloxScriptSecurity	RobloxScriptSecurity	Unsafe	
AppUpdateService	GetProtocolLaunchUpdateType	Function	() -> string	RobloxScriptSecurity	RobloxScriptSecurity	Unsafe	
AppUpdateService	PerformManagedUpdate	Function	() -> bool	RobloxScriptSecurity	RobloxScriptSecurity	Unsafe	
ArcHandles	Axes	Property	Axes	None	None	ReadSafe	cap=Basic|Input|UI
ArcHandles	MouseButton1Down	Event	(axis: Axis)	None	None	Unsafe	cap=Basic|UI|Input
ArcHandles	MouseButton1DownConnectionCount	Property	int	None	None	ReadSafe	hidden,notscriptable,cap=Basic|Input|UI
ArcHandles	MouseButton1Up	Event	(axis: Axis)	None	None	Unsafe	cap=Basic|UI|Input
ArcHandles	MouseButton1UpConnectionCount	Property	int	None	None	ReadSafe	hidden,notscriptable,cap=Basic|Input|UI
ArcHandles	MouseDrag	Event	(axis: Axis, relativeAngle: float, deltaRadius: float)	None	None	Unsafe	cap=Basic|UI|Input
ArcHandles	MouseDragConnectionCount	Property	int	None	None	ReadSafe	hidden,notscriptable,cap=Basic|Input|UI
ArcHandles	MouseEnter	Event	(axis: Axis)	None	None	Unsafe	cap=Basic|UI|Input
ArcHandles	MouseEnterConnectionCount	Property	int	None	None	ReadSafe	hidden,notscriptable,cap=Basic|Input|UI
ArcHandles	MouseLeave	Event	(axis: Axis)	None	None	Unsafe	cap=Basic|UI|Input
ArcHandles	MouseLeaveConnectionCount	Property	int	None	None	ReadSafe	hidden,notscriptable,cap=Basic|Input|UI
AssetDeliveryProxy	Interface	Property	string	None	None	ReadSafe	
AssetDeliveryProxy	Port	Property	int	None	None	ReadSafe	
AssetDeliveryProxy	StartServer	Property	bool	None	None	ReadSafe	
AssetImportService	GetAllPresets	Function	() -> Dictionary	RobloxScriptSecurity	RobloxScriptSecurity	Unsafe	
AssetImportService	GetFilesInDirAsync	Function	(path: string) -> Array	RobloxScriptSecurity	RobloxScriptSecurity	Unsafe	yields
AssetImportService	GetPreset	Function	(name: string) -> Dictionary	RobloxScriptSecurity	RobloxScriptSecurity	Unsafe	
AssetImportService	PickFileWithPromptAsync	Function	() -> string	RobloxScriptSecurity	RobloxScriptSecurity	Unsafe	yields
AssetImportService	PickImageFileWithPrompt	Function	() -> string	RobloxScriptSecurity	RobloxScriptSecurity	Unsafe	yields
AssetImportService	PickMeshFileWithPrompt	Function	() -> string	RobloxScriptSecurity	RobloxScriptSecurity	Unsafe	yields
AssetImportService	PickMultipleFilesWithPrompt	Function	() -> Array	RobloxScriptSecurity	RobloxScriptSecurity	Unsafe	yields
AssetImportService	RemovePreset	Function	(name: string) -> ()	RobloxScriptSecurity	RobloxScriptSecurity	Unsafe	
AssetImportService	SavePreset	Function	(name: string, preset: Dictionary) -> bool	RobloxScriptSecurity	RobloxScriptSecurity	Unsafe	
AssetImportService	SingleFileChanged	Event	(filePath: string)	RobloxScriptSecurity	RobloxScriptSecurity	Unsafe	
AssetImportService	StartSessionWithPath	Function	(filePath: string) -> AssetImportSession	RobloxScriptSecurity	RobloxScriptSecurity	Unsafe	
AssetImportService	StartSessionWithPathAsync	Function	(filePath: string) -> AssetImportSession	RobloxScriptSecurity	RobloxScriptSecurity	Unsafe	yields
AssetImportService	StartSingleFileWatch	Function	(filePath: string) -> ()	RobloxScriptSecurity	RobloxScriptSecurity	Unsafe	
AssetImportService	StartSingleMeshImport	Event	(fileName: string, assetId: int64)	RobloxScriptSecurity	RobloxScriptSecurity	Unsafe	
AssetImportService	StopSingleFileWatch	Function	(filePath: string) -> ()	RobloxScriptSecurity	RobloxScriptSecurity	Unsafe	
AssetImportService	UploadAssetFromContentAsync	Function	(content: string, createAssetRequest: Dictionary) -> Tuple	RobloxScriptSecurity	RobloxScriptSecurity	Unsafe	yields,deprecated,prefer=UploadVersionedAssetFromContentAsync
AssetImportService	UploadAssetFromPathAsync	Function	(filepath: string, createAssetRequest: Dictionary, progressCallback: Function? = nil) -> Tuple	RobloxScriptSecurity	RobloxScriptSecurity	Unsafe	yields,deprecated,prefer=UploadVersionedAssetFromPathAsync
AssetImportService	UploadVersionedAssetFromContentAsync	Function	(content: string, createAssetRequest: Dictionary, assetId: int64 = 0) -> Tuple	RobloxScriptSecurity	RobloxScriptSecurity	Unsafe	yields
AssetImportService	UploadVersionedAssetFromPathAsync	Function	(filepath: string, createAssetRequest: Dictionary, assetId: int64 = 0) -> Tuple	RobloxScriptSecurity	RobloxScriptSecurity	Unsafe	yields
AssetImportSession	ApplyPreset	Function	(preset: Dictionary) -> ()	RobloxScriptSecurity	RobloxScriptSecurity	Unsafe	
AssetImportSession	CreatePresetFromData	Function	(importData: Instance) -> Dictionary	RobloxScriptSecurity	RobloxScriptSecurity	Unsafe	
AssetImportSession	GetImportTree	Function	() -> Instance	RobloxScriptSecurity	RobloxScriptSecurity	Unsafe	
AssetImportSession	GetKeyframeSequences	Function	() -> Instances	RobloxScriptSecurity	RobloxScriptSecurity	Unsafe	
AssetImportSession	GetKeyframeSequencesForSelectedRestPose	Function	(modelInstance: Instance, restPoseSource: RestPoseModel) -> Instances	RobloxScriptSecurity	RobloxScriptSecurity	Unsafe	
AssetImportSession	GetKeyframeSequencesForSelectedRestPoseWithClip	Function	(modelInstance: Instance, restPoseSource: RestPoseModel, animationIndex: int) -> Instances	RobloxScriptSecurity	RobloxScriptSecurity	Unsafe	
AssetImportSession	GetPlaceholderInstanceTree	Function	() -> Instance	RobloxScriptSecurity	RobloxScriptSecurity	Unsafe	
AssetImportSession	GetRigVisualization	Function	(importDataInstance: Instance) -> Instance	RobloxScriptSecurity	RobloxScriptSecurity	Unsafe	
AssetImportSession	GetUploadStatus	Function	() -> Dictionary	RobloxScriptSecurity	RobloxScriptSecurity	Unsafe	
AssetImportSession	HasAnimation	Function	() -> bool	RobloxScriptSecurity	RobloxScriptSecurity	Unsafe	
AssetImportSession	IsAvatar	Function	() -> bool	RobloxScriptSecurity	RobloxScriptSecurity	Unsafe	
AssetImportSession	IsGltf	Function	() -> bool	RobloxScriptSecurity	RobloxScriptSecurity	Unsafe	
AssetImportSession	IsR15	Function	() -> bool	RobloxScriptSecurity	RobloxScriptSecurity	Unsafe	
AssetImportSession	Reset	Function	() -> ()	RobloxScriptSecurity	RobloxScriptSecurity	Unsafe	
AssetImportSession	usesCustomRestPoseLua	Function	() -> bool	RobloxScriptSecurity	RobloxScriptSecurity	Unsafe	
AssetManagerService	AddNewPlace	Function	() -> int64	RobloxScriptSecurity	RobloxScriptSecurity	Unsafe	yields
AssetManagerService	AssetImportedSignal	Event	(assetType: AssetType, assetId: string, assetName: int64)	RobloxScriptSecurity	RobloxScriptSecurity	Unsafe	
AssetManagerService	CreateAlias	Function	(assetType: int, assetId: int64, aliasName: string) -> ()	RobloxScriptSecurity	RobloxScriptSecurity	Unsafe	yields
AssetManagerService	DeleteAlias	Function	(aliasName: string) -> ()	RobloxScriptSecurity	RobloxScriptSecurity	Unsafe	yields
AssetManagerService	GetMeshIdFromAliasName	Function	(aliasName: string) -> int64	RobloxScriptSecurity	RobloxScriptSecurity	Unsafe	
AssetManagerService	GetMeshIdFromAssetId	Function	(assetId: int64) -> int64	RobloxScriptSecurity	RobloxScriptSecurity	Unsafe	
AssetManagerService	GetTextureIdFromAliasName	Function	(aliasName: string) -> int64	RobloxScriptSecurity	RobloxScriptSecurity	Unsafe	
AssetManagerService	GetTextureIdFromAssetId	Function	(assetId: int64) -> int64	RobloxScriptSecurity	RobloxScriptSecurity	Unsafe	
AssetManagerService	ImportSessionFinished	Event	()	RobloxScriptSecurity	RobloxScriptSecurity	Unsafe	
AssetManagerService	ImportSessionStarted	Event	()	RobloxScriptSecurity	RobloxScriptSecurity	Unsafe	
AssetManagerService	InsertAudio	Function	(assetId: int64, assetName: string) -> ()	RobloxScriptSecurity	RobloxScriptSecurity	Unsafe	
AssetManagerService	InsertImage	Function	(assetId: int64) -> ()	RobloxScriptSecurity	RobloxScriptSecurity	Unsafe	
AssetManagerService	InsertImages	Function	(assetIds: Array) -> ()	RobloxScriptSecurity	RobloxScriptSecurity	Unsafe	
AssetManagerService	InsertMesh	Function	(aliasName: string, insertWithLocation: bool, sourceAssetId: int64) -> ()	RobloxScriptSecurity	RobloxScriptSecurity	Unsafe	
AssetManagerService	InsertMeshesWithLocation	Function	(aliasNames: Array, meshIds: Array) -> ()	RobloxScriptSecurity	RobloxScriptSecurity	Unsafe	
AssetManagerService	InsertModel	Function	(modelId: int64) -> ()	RobloxScriptSecurity	RobloxScriptSecurity	Unsafe	
AssetManagerService	InsertPackage	Function	(packageId: int64) -> ()	RobloxScriptSecurity	RobloxScriptSecurity	Unsafe	
AssetManagerService	InsertVideo	Function	(assetId: int64, assetName: string) -> ()	RobloxScriptSecurity	RobloxScriptSecurity	Unsafe	
AssetManagerService	OpenPlace	Function	(placeId: int64) -> ()	RobloxScriptSecurity	RobloxScriptSecurity	Unsafe	
AssetManagerService	RemovePlace	Function	(placeId: int64) -> ()	RobloxScriptSecurity	RobloxScriptSecurity	Unsafe	yields
AssetManagerService	RenameAlias	Function	(assetType: int, assetId: int64, oldAliasName: string, newAliasName: string) -> ()	RobloxScriptSecurity	RobloxScriptSecurity	Unsafe	yields
AssetManagerService	RenameModel	Function	(modelId: int64, newName: string) -> ()	RobloxScriptSecurity	RobloxScriptSecurity	Unsafe	yields
AssetManagerService	RenamePlace	Function	(placeId: int64, newName: string) -> ()	RobloxScriptSecurity	RobloxScriptSecurity	Unsafe	yields
AssetManagerService	ShowPackageDetails	Function	(packageId: int64) -> ()	RobloxScriptSecurity	RobloxScriptSecurity	Unsafe	
AssetManagerService	UpdateAllPackages	Function	(packageId: int64) -> ()	RobloxScriptSecurity	RobloxScriptSecurity	Unsafe	
AssetManagerService	ViewPackageOnWebsite	Function	(packageId: int64) -> ()	RobloxScriptSecurity	RobloxScriptSecurity	Unsafe	
AssetPatchSettings	ContentId	Property	string	None	None	ReadSafe	
AssetPatchSettings	OutputPath	Property	string	None	None	ReadSafe	
AssetPatchSettings	PatchId	Property	string	None	None	ReadSafe	
AssetQualityService	FetchAssetQualitySummaryFromGltfAsync	Function	(gltfData: string, desiredQualityChecks: Array) -> Dictionary	RobloxScriptSecurity	RobloxScriptSecurity	Unsafe	yields
AssetQualityService	FetchAssetQualitySummaryFromJobIdAsync	Function	(jobId: string, desiredQualityChecks: Array) -> Dictionary	RobloxScriptSecurity	RobloxScriptSecurity	Unsafe	yields
AssetQualityService	FetchAssetQualitySummaryFromJobIdV2Async	Function	(jobId: string, desiredQualityChecks: Array) -> Dictionary	RobloxScriptSecurity	RobloxScriptSecurity	Unsafe	yields
AssetQualityService	FetchAssetQualityValidationEntriesFromModelsAsync	Function	(models: Array, assetTypeIds: Array, settings: Dictionary) -> Dictionary	RobloxScriptSecurity	RobloxScriptSecurity	Unsafe	yields
AssetQualityService	FetchAssetQualityValidationRawFromModelsAsync	Function	(models: Array, assetTypeIds: Array, settings: Dictionary) -> Dictionary	RobloxScriptSecurity	RobloxScriptSecurity	Unsafe	yields
AssetQualityService	FetchAssetQualityVisualizationDataFromUrlAsync	Function	(visualizationUrl: string) -> Dictionary	RobloxScriptSecurity	RobloxScriptSecurity	Unsafe	yields
AssetQualityService	GenerateAssetQualityGltfFromInstanceAsync	Function	(uploadModel: Model) -> string	RobloxScriptSecurity	RobloxScriptSecurity	Unsafe	yields
AssetService	AllowInsertFreeAssets	Property	bool	RobloxScriptSecurity	RobloxScriptSecurity	ReadSafe	
AssetService	AudioMetadataFailedResponse	Event	(requestid: int64)	RobloxScriptSecurity	RobloxScriptSecurity	Unsafe	
AssetService	AudioMetadataRequest	Event	(requestid: int64, request: Array)	RobloxScriptSecurity	RobloxScriptSecurity	Unsafe	
AssetService	AudioMetadataResponse	Event	(requestid: int64, response: Array)	RobloxScriptSecurity	RobloxScriptSecurity	Unsafe	
AssetService	CachePartOperationsAsync	Function	(partOperations: Array) -> ()	RobloxScriptSecurity	RobloxScriptSecurity	Unsafe	yields
AssetService	CanEditAssetAsync	Function	(content: Content) -> bool	RobloxScriptSecurity	RobloxScriptSecurity	Unsafe	yields
AssetService	ComposeDecalAsync	Function	(decal: Decal, layers: Array) -> ()	None	None	Unsafe	yields
AssetService	CreateAssetAsync	Function	(object: Object, assetType: AssetType, requestParameters: Dictionary = nil) -> Tuple	None	None	Unsafe	yields,cap=AssetCreateUpdate
AssetService	CreateAssetVersionAsync	Function	(object: Object, assetType: AssetType, assetId: int64, requestParameters: Dictionary = nil) -> Tuple	None	None	Unsafe	yields,cap=AssetCreateUpdate
AssetService	CreateDataModelContentAsync	Function	(content: Content, options: Dictionary?) -> Tuple	None	None	Unsafe	yields,cap=DynamicGeneration
AssetService	CreateDecalAsync	Function	(content: Dictionary) -> Decal	None	None	Unsafe	yields,cap=Basic
AssetService	CreateEditableImage	Function	(editableImageOptions: Dictionary?) -> EditableImage	None	None	Unsafe	cap=DynamicGeneration
AssetService	CreateEditableImageAsync	Function	(content: Content, editableImageOptions: Dictionary?) -> EditableImage	None	None	Unsafe	yields,cap=AssetRead
AssetService	CreateEditableImageFromDownloadAsync	Function	(url: string) -> EditableImage	RobloxScriptSecurity	RobloxScriptSecurity	Unsafe	yields
AssetService	CreateEditableMesh	Function	(editableMeshOptions: Dictionary?) -> EditableMesh	None	None	Unsafe	cap=DynamicGeneration
AssetService	CreateEditableMeshAsync	Function	(content: Content, editableMeshOptions: Dictionary?) -> EditableMesh	None	None	Unsafe	yields,cap=AssetRead
AssetService	CreateMeshPartAsync	Function	(meshContent: Content, options: Dictionary = nil) -> MeshPart	None	None	Unsafe	yields,cap=Basic
AssetService	CreatePlaceAsync	Function	(placeName: string, templatePlaceID: int64, description: string = ) -> int64	None	None	Unsafe	yields,cap=AssetCreateUpdate
AssetService	CreatePlaceInPlayerInventoryAsync	Function	(player: Instance, placeName: string, templatePlaceID: int64, description: string = ) -> int64	None	None	Unsafe	yields,cap=AssetCreateUpdate
AssetService	CreateSurfaceAppearanceAsync	Function	(content: Dictionary) -> SurfaceAppearance	None	None	Unsafe	yields,cap=Basic
AssetService	CreateTextContentAsync	Function	(text: string) -> Content	RobloxScriptSecurity	RobloxScriptSecurity	Unsafe	yields
AssetService	CreateTextureAsync	Function	(content: Dictionary) -> Texture	None	None	Unsafe	yields,cap=Basic,undocumented
AssetService	DeserializeInstance	Function	(serializedInstance: string) -> Instance	RobloxScriptSecurity	RobloxScriptSecurity	Unsafe	
AssetService	GetAssetIdsForPackage	Function	(packageAssetId: int64) -> Array	None	None	Unsafe	yields,deprecated,prefer=GetAssetIdsForPackageAsync,cap=AssetRead
AssetService	GetAssetIdsForPackageAsync	Function	(packageAssetId: int64) -> Array	None	None	Unsafe	yields,cap=AssetRead
AssetService	GetAudioMetadataAsync	Function	(idList: Array) -> Array	None	None	Unsafe	yields,cap=AssetRead
AssetService	GetBundleDetailsAsync	Function	(bundleId: int64) -> Dictionary	None	None	Unsafe	yields,cap=AssetRead
AssetService	GetCreatorAssetID	Function	(creationID: int64) -> int64	None	None	Unsafe	yields,deprecated,prefer=GetProductInfo,cap=AssetRead
AssetService	GetGamePlacesAsync	Function	() -> Instance	None	None	Unsafe	yields,cap=AssetRead
AssetService	GetOpaqueContentMetadataMap	Function	(opaqueContent: Content) -> Dictionary	RobloxScriptSecurity	RobloxScriptSecurity	Unsafe	
AssetService	LoadAssetAsync	Function	(assetId: int64) -> Instance	None	None	Unsafe	yields,cap=LoadUnownedAsset
AssetService	OpenPublishResultModal	Event	(resultType: PromptCreatePlatformContentResult)	RobloxScriptSecurity	RobloxScriptSecurity	Unsafe	
AssetService	PromptCreatePlatformContentAsync	Function	(player: Player, object: Object, assetType: AssetType) -> Tuple	None	None	Unsafe	yields,cap=AssetCreateUpdate
AssetService	PromptImportAnimationClipFromVideoAsync	Function	(player: Player, progressCallback: Function) -> Tuple	None	None	Unsafe	yields,cap=AssetManagement
AssetService	ReadTextContentAsync	Function	(content: Content) -> string	RobloxScriptSecurity	RobloxScriptSecurity	Unsafe	yields
AssetService	SavePlaceAsync	Function	(requestParameters: Dictionary?) -> ()	None	None	Unsafe	yields,cap=AssetCreateUpdate
AssetService	SearchAudio	Function	(searchParameters: AudioSearchParams) -> AudioPages	None	None	Unsafe	yields,deprecated,prefer=SearchAudioAsync,cap=AssetRead
AssetService	SearchAudioAsync	Function	(searchParameters: AudioSearchParams) -> AudioPages	None	None	Unsafe	yields,cap=AssetRead
Atmosphere	Color	Property	Color3	None	None	ReadSafe	cap=Environment
Atmosphere	Decay	Property	Color3	None	None	ReadSafe	cap=Environment
Atmosphere	Density	Property	float	None	None	ReadSafe	cap=Environment
Atmosphere	Glare	Property	float	None	None	ReadSafe	cap=Environment
Atmosphere	Haze	Property	float	None	None	ReadSafe	cap=Environment
Atmosphere	Offset	Property	float	None	None	ReadSafe	cap=Environment
AtmosphereSensor	AirDensity	Property	float	None	None	ReadSafe	readonly,notreplicated,sim,cap=Basic
AtmosphereSensor	RelativeWindVelocity	Property	Vector3	None	None	ReadSafe	readonly,notreplicated,sim,cap=Basic
Attachment	Axis	Property	Vector3	None	None	ReadSafe	notreplicated,sim,cap=Basic
Attachment	CFrame	Property	CFrame	None	None	ReadSafe	sim,cap=Basic
Attachment	GetAxis	Function	() -> Vector3	None	None	Unsafe	deprecated,prefer=Axis,cap=Basic
Attachment	GetConstraints	Function	() -> Instances	None	None	Unsafe	cap=Basic
Attachment	GetSecondaryAxis	Function	() -> Vector3	None	None	Unsafe	deprecated,prefer=SecondaryAxis,cap=Basic
Attachment	Orientation	Property	Vector3	None	None	ReadSafe	hidden,notreplicated,sim,cap=Basic
Attachment	Position	Property	Vector3	None	None	ReadSafe	hidden,notreplicated,sim,cap=Basic
Attachment	Rotation	Property	Vector3	None	None	ReadSafe	hidden,notreplicated,deprecated,prefer=Orientation,sim,cap=Basic
Attachment	SecondaryAxis	Property	Vector3	None	None	ReadSafe	notreplicated,sim,cap=Basic
Attachment	SetAxis	Function	(axis: Vector3) -> ()	None	None	Unsafe	deprecated,prefer=Axis,cap=Basic
Attachment	SetSecondaryAxis	Function	(axis: Vector3) -> ()	None	None	Unsafe	deprecated,prefer=SecondaryAxis,cap=Basic
Attachment	Visible	Property	bool	None	None	ReadSafe	cap=Basic
Attachment	WorldAxis	Property	Vector3	None	None	ReadSafe	notreplicated,sim,cap=Basic
Attachment	WorldCFrame	Property	CFrame	None	None	ReadSafe	notreplicated,sim,cap=Basic
Attachment	WorldOrientation	Property	Vector3	None	None	ReadSafe	hidden,notreplicated,sim,cap=Basic
Attachment	WorldPosition	Property	Vector3	None	None	ReadSafe	hidden,notreplicated,sim,cap=Basic
Attachment	WorldRotation	Property	Vector3	None	None	ReadSafe	hidden,readonly,notreplicated,deprecated,prefer=WorldOrientation,sim,cap=Basic
Attachment	WorldSecondaryAxis	Property	Vector3	None	None	ReadSafe	notreplicated,sim,cap=Basic
AudioAnalyzer	GetConnectedWires	Function	(pin: string) -> Instances	None	None	Unsafe	cap=Audio
AudioAnalyzer	GetInputPins	Function	() -> Array	None	None	Unsafe	cap=Audio
AudioAnalyzer	GetOutputPins	Function	() -> Array	None	None	Unsafe	cap=Audio
AudioAnalyzer	GetSpectrum	Function	() -> Array	None	None	Unsafe	customluastate,cap=Audio
AudioAnalyzer	PeakLevel	Property	float	None	None	ReadSafe	readonly,notreplicated,cap=Audio
AudioAnalyzer	RmsLevel	Property	float	None	None	ReadSafe	readonly,notreplicated,cap=Audio
AudioAnalyzer	SpectrumEnabled	Property	bool	None	None	ReadSafe	cap=Audio
AudioAnalyzer	WindowSize	Property	AudioWindowSize	None	None	ReadSafe	cap=Audio
AudioAnalyzer	WiringChanged	Event	(connected: bool, pin: string, wire: Wire, instance: Instance)	None	None	Unsafe	cap=Audio
AudioChannelMixer	GetConnectedWires	Function	(pin: string) -> Instances	None	None	Unsafe	cap=Audio
AudioChannelMixer	GetInputPins	Function	() -> Array	None	None	Unsafe	cap=Audio
AudioChannelMixer	GetOutputPins	Function	() -> Array	None	None	Unsafe	cap=Audio
AudioChannelMixer	Layout	Property	AudioChannelLayout	None	None	ReadSafe	cap=Audio
AudioChannelMixer	WiringChanged	Event	(connected: bool, pin: string, wire: Wire, instance: Instance)	None	None	Unsafe	cap=Audio
AudioChannelSplitter	GetConnectedWires	Function	(pin: string) -> Instances	None	None	Unsafe	cap=Audio
AudioChannelSplitter	GetInputPins	Function	() -> Array	None	None	Unsafe	cap=Audio
AudioChannelSplitter	GetOutputPins	Function	() -> Array	None	None	Unsafe	cap=Audio
AudioChannelSplitter	Layout	Property	AudioChannelLayout	None	None	ReadSafe	cap=Audio
AudioChannelSplitter	WiringChanged	Event	(connected: bool, pin: string, wire: Wire, instance: Instance)	None	None	Unsafe	cap=Audio
AudioChorus	Bypass	Property	bool	None	None	ReadSafe	cap=Audio
AudioChorus	Depth	Property	float	None	None	ReadSafe	cap=Audio
AudioChorus	GetConnectedWires	Function	(pin: string) -> Instances	None	None	Unsafe	cap=Audio
AudioChorus	GetInputPins	Function	() -> Array	None	None	Unsafe	cap=Audio
AudioChorus	GetOutputPins	Function	() -> Array	None	None	Unsafe	cap=Audio
AudioChorus	Mix	Property	float	None	None	ReadSafe	cap=Audio
AudioChorus	Rate	Property	float	None	None	ReadSafe	cap=Audio
AudioChorus	WiringChanged	Event	(connected: bool, pin: string, wire: Wire, instance: Instance)	None	None	Unsafe	cap=Audio
AudioCompressor	Attack	Property	float	None	None	ReadSafe	cap=Audio
AudioCompressor	Bypass	Property	bool	None	None	ReadSafe	cap=Audio
AudioCompressor	Editor	Property	bool	RobloxScriptSecurity	RobloxScriptSecurity	ReadSafe	notreplicated,cap=Audio
AudioCompressor	GetConnectedWires	Function	(pin: string) -> Instances	None	None	Unsafe	cap=Audio
AudioCompressor	GetInputPins	Function	() -> Array	None	None	Unsafe	cap=Audio
AudioCompressor	GetOutputPins	Function	() -> Array	None	None	Unsafe	cap=Audio
AudioCompressor	MakeupGain	Property	float	None	None	ReadSafe	cap=Audio
AudioCompressor	Ratio	Property	float	None	None	ReadSafe	cap=Audio
AudioCompressor	Release	Property	float	None	None	ReadSafe	cap=Audio
AudioCompressor	Threshold	Property	float	None	None	ReadSafe	cap=Audio
AudioCompressor	WiringChanged	Event	(connected: bool, pin: string, wire: Wire, instance: Instance)	None	None	Unsafe	cap=Audio
AudioDeviceInput	AccessList	Property	BinaryString	RobloxSecurity	RobloxSecurity	ReadSafe	hidden,notscriptable,cap=Audio|Input
AudioDeviceInput	AccessType	Property	AccessModifierType	None	None	ReadSafe	cap=Audio|Input
AudioDeviceInput	Active	Property	bool	None	RobloxScriptSecurity	ReadSafe	cap=Audio|Input
AudioDeviceInput	DictationEnabled	Property	bool	RobloxScriptSecurity	RobloxScriptSecurity	ReadSafe	hidden,cap=Audio|Input
AudioDeviceInput	EchoCancellation	Property	bool	RobloxScriptSecurity	RobloxScriptSecurity	ReadSafe	hidden,notreplicated,cap=Audio|Input
AudioDeviceInput	GainControl	Property	bool	RobloxScriptSecurity	RobloxScriptSecurity	ReadSafe	hidden,notreplicated,cap=Audio|Input
AudioDeviceInput	GetConnectedWires	Function	(pin: string) -> Instances	None	None	Unsafe	cap=Audio|Input
AudioDeviceInput	GetInputPins	Function	() -> Array	None	None	Unsafe	cap=Audio|Input
AudioDeviceInput	GetOutputPins	Function	() -> Array	None	None	Unsafe	cap=Audio|Input
AudioDeviceInput	GetUserIdAccessList	Function	() -> Array	None	None	Unsafe	cap=Audio|Input
AudioDeviceInput	IsReady	Property	bool	RobloxScriptSecurity	RobloxScriptSecurity	ReadSafe	readonly,notreplicated,cap=Audio|Input
AudioDeviceInput	Muted	Property	bool	None	None	ReadSafe	cap=Audio|Input
AudioDeviceInput	MutedByLocalUser	Property	bool	RobloxScriptSecurity	RobloxScriptSecurity	ReadSafe	hidden,notreplicated,cap=Audio|Input
AudioDeviceInput	NoiseSuppression	Property	bool	RobloxScriptSecurity	RobloxScriptSecurity	ReadSafe	hidden,notreplicated,cap=Audio|Input
AudioDeviceInput	Player	Property	Player	None	None	ReadSafe	cap=Audio|Input|Players
AudioDeviceInput	SetUserIdAccessList	Function	(userIds: Array) -> ()	None	None	Unsafe	cap=Audio|Input
AudioDeviceInput	Volume	Property	float	None	None	ReadSafe	cap=Audio|Input
AudioDeviceInput	WiringChanged	Event	(connected: bool, pin: string, wire: Wire, instance: Instance)	None	None	Unsafe	cap=Audio|Input
AudioDeviceOutput	GetConnectedWires	Function	(pin: string) -> Instances	None	None	Unsafe	cap=Audio
AudioDeviceOutput	GetInputPins	Function	() -> Array	None	None	Unsafe	cap=Audio
AudioDeviceOutput	GetOutputPins	Function	() -> Array	None	None	Unsafe	cap=Audio
AudioDeviceOutput	Player	Property	Player	None	None	ReadSafe	cap=Audio
AudioDeviceOutput	WiringChanged	Event	(connected: bool, pin: string, wire: Wire, instance: Instance)	None	None	Unsafe	cap=Audio
AudioDistortion	Bypass	Property	bool	None	None	ReadSafe	cap=Audio
AudioDistortion	GetConnectedWires	Function	(pin: string) -> Instances	None	None	Unsafe	cap=Audio
AudioDistortion	GetInputPins	Function	() -> Array	None	None	Unsafe	cap=Audio
AudioDistortion	GetOutputPins	Function	() -> Array	None	None	Unsafe	cap=Audio
AudioDistortion	Level	Property	float	None	None	ReadSafe	cap=Audio
AudioDistortion	WiringChanged	Event	(connected: bool, pin: string, wire: Wire, instance: Instance)	None	None	Unsafe	cap=Audio
AudioEcho	Bypass	Property	bool	None	None	ReadSafe	cap=Audio
AudioEcho	DelayTime	Property	float	None	None	ReadSafe	cap=Audio
AudioEcho	DryLevel	Property	float	None	None	ReadSafe	cap=Audio
AudioEcho	Feedback	Property	float	None	None	ReadSafe	cap=Audio
AudioEcho	GetConnectedWires	Function	(pin: string) -> Instances	None	None	Unsafe	cap=Audio
AudioEcho	GetInputPins	Function	() -> Array	None	None	Unsafe	cap=Audio
AudioEcho	GetOutputPins	Function	() -> Array	None	None	Unsafe	cap=Audio
AudioEcho	RampTime	Property	float	None	None	ReadSafe	cap=Audio
AudioEcho	Reset	Function	() -> ()	RobloxScriptSecurity	RobloxScriptSecurity	Unsafe	cap=Audio
AudioEcho	WetLevel	Property	float	None	None	ReadSafe	cap=Audio
AudioEcho	WiringChanged	Event	(connected: bool, pin: string, wire: Wire, instance: Instance)	None	None	Unsafe	cap=Audio
AudioEmitter	AcousticSimulationEnabled	Property	bool	None	None	ReadSafe	cap=Audio
AudioEmitter	AngleAttenuation	Property	BinaryString	RobloxSecurity	RobloxSecurity	ReadSafe	cap=Audio
AudioEmitter	AudioInteractionGroup	Property	string	None	None	ReadSafe	cap=Audio
AudioEmitter	DiffractionEnabled	Property	SimulationMode	None	None	ReadSafe	cap=Audio,undocumented
AudioEmitter	DistanceAttenuation	Property	BinaryString	RobloxSecurity	RobloxSecurity	ReadSafe	cap=Audio
AudioEmitter	DistanceAttenuationBounds	Property	NumberRange	None	None	ReadSafe	cap=Audio
AudioEmitter	DistanceAttenuationMode	Property	DistanceAttenuationMode	None	None	ReadSafe	cap=Audio
AudioEmitter	GetAngleAttenuation	Function	() -> Dictionary	None	None	Unsafe	customluastate,cap=Audio
AudioEmitter	GetAudibilityFor	Function	(listener: AudioListener) -> float	None	None	Unsafe	cap=Audio
AudioEmitter	GetConnectedWires	Function	(pin: string) -> Instances	None	None	Unsafe	cap=Audio
AudioEmitter	GetDistanceAttenuation	Function	() -> Dictionary	None	None	Unsafe	customluastate,cap=Audio
AudioEmitter	GetInputPins	Function	() -> Array	None	None	Unsafe	cap=Audio
AudioEmitter	GetInteractingListeners	Function	() -> Instances	None	None	Unsafe	cap=Audio
AudioEmitter	GetOutputPins	Function	() -> Array	None	None	Unsafe	cap=Audio
AudioEmitter	OcclusionEnabled	Property	SimulationMode	None	None	ReadSafe	cap=Audio,undocumented
AudioEmitter	PositionInstance	Property	Instance	None	None	ReadSafe	cap=Audio
AudioEmitter	PositionType	Property	EmitterPositionType	None	None	ReadSafe	cap=Audio
AudioEmitter	ReverbEnabled	Property	SimulationMode	None	None	ReadSafe	cap=Audio,undocumented
AudioEmitter	SetAngleAttenuation	Function	(curve: Dictionary) -> ()	None	None	Unsafe	customluastate,cap=Audio
AudioEmitter	SetDistanceAttenuation	Function	(curve: Dictionary) -> ()	None	None	Unsafe	customluastate,cap=Audio
AudioEmitter	SimulationFidelity	Property	AudioSimulationFidelity	None	None	ReadSafe	deprecated,prefer=AcousticSimulationEnabled,cap=Audio
AudioEmitter	WiringChanged	Event	(connected: bool, pin: string, wire: Wire, instance: Instance)	None	None	Unsafe	cap=Audio
AudioEqualizer	Bypass	Property	bool	None	None	ReadSafe	cap=Audio
AudioEqualizer	Editor	Property	bool	RobloxScriptSecurity	RobloxScriptSecurity	ReadSafe	notreplicated,cap=Audio
AudioEqualizer	GetConnectedWires	Function	(pin: string) -> Instances	None	None	Unsafe	cap=Audio
AudioEqualizer	GetInputPins	Function	() -> Array	None	None	Unsafe	cap=Audio
AudioEqualizer	GetOutputPins	Function	() -> Array	None	None	Unsafe	cap=Audio
AudioEqualizer	HighGain	Property	float	None	None	ReadSafe	cap=Audio
AudioEqualizer	LowGain	Property	float	None	None	ReadSafe	cap=Audio
AudioEqualizer	MidGain	Property	float	None	None	ReadSafe	cap=Audio
AudioEqualizer	MidRange	Property	NumberRange	None	None	ReadSafe	cap=Audio
AudioEqualizer	WiringChanged	Event	(connected: bool, pin: string, wire: Wire, instance: Instance)	None	None	Unsafe	cap=Audio
AudioFader	Bypass	Property	bool	None	None	ReadSafe	cap=Audio
AudioFader	GetConnectedWires	Function	(pin: string) -> Instances	None	None	Unsafe	cap=Audio
AudioFader	GetInputPins	Function	() -> Array	None	None	Unsafe	cap=Audio
AudioFader	GetOutputPins	Function	() -> Array	None	None	Unsafe	cap=Audio
AudioFader	Volume	Property	float	None	None	ReadSafe	cap=Audio
AudioFader	WiringChanged	Event	(connected: bool, pin: string, wire: Wire, instance: Instance)	None	None	Unsafe	cap=Audio
AudioFilter	Bypass	Property	bool	None	None	ReadSafe	cap=Audio
AudioFilter	Editor	Property	bool	RobloxScriptSecurity	RobloxScriptSecurity	ReadSafe	notreplicated,cap=Audio
AudioFilter	FilterType	Property	AudioFilterType	None	None	ReadSafe	cap=Audio
AudioFilter	Frequency	Property	float	None	None	ReadSafe	cap=Audio
AudioFilter	Gain	Property	float	None	None	ReadSafe	cap=Audio
AudioFilter	GetConnectedWires	Function	(pin: string) -> Instances	None	None	Unsafe	cap=Audio
AudioFilter	GetGainAt	Function	(frequency: float) -> float	None	None	Unsafe	cap=Audio
AudioFilter	GetInputPins	Function	() -> Array	None	None	Unsafe	cap=Audio
AudioFilter	GetOutputPins	Function	() -> Array	None	None	Unsafe	cap=Audio
AudioFilter	Q	Property	float	None	None	ReadSafe	cap=Audio
AudioFilter	WiringChanged	Event	(connected: bool, pin: string, wire: Wire, instance: Instance)	None	None	Unsafe	cap=Audio
AudioFlanger	Bypass	Property	bool	None	None	ReadSafe	cap=Audio
AudioFlanger	Depth	Property	float	None	None	ReadSafe	cap=Audio
AudioFlanger	GetConnectedWires	Function	(pin: string) -> Instances	None	None	Unsafe	cap=Audio
AudioFlanger	GetInputPins	Function	() -> Array	None	None	Unsafe	cap=Audio
AudioFlanger	GetOutputPins	Function	() -> Array	None	None	Unsafe	cap=Audio
AudioFlanger	Mix	Property	float	None	None	ReadSafe	cap=Audio
AudioFlanger	Rate	Property	float	None	None	ReadSafe	cap=Audio
AudioFlanger	WiringChanged	Event	(connected: bool, pin: string, wire: Wire, instance: Instance)	None	None	Unsafe	cap=Audio
AudioFocusService	AcquireFocus	Function	(contextId: int) -> bool	RobloxScriptSecurity	RobloxScriptSecurity	Unsafe	
AudioFocusService	GetFocusedContextId	Function	() -> int	RobloxScriptSecurity	RobloxScriptSecurity	Unsafe	
AudioFocusService	GetRegisteredContexts	Function	() -> Array	RobloxScriptSecurity	RobloxScriptSecurity	Unsafe	
AudioFocusService	OnContextRegistered	Event	(contextId: int)	RobloxScriptSecurity	RobloxScriptSecurity	Unsafe	
AudioFocusService	OnContextUnregistered	Event	(contextId: int)	RobloxScriptSecurity	RobloxScriptSecurity	Unsafe	
AudioFocusService	OnDeafenVoiceAudio	Event	(contextId: int)	RobloxScriptSecurity	RobloxScriptSecurity	Unsafe	
AudioFocusService	OnUndeafenVoiceAudio	Event	(contextId: int)	RobloxScriptSecurity	RobloxScriptSecurity	Unsafe	
AudioFocusService	RegisterContextIdFromLua	Function	(contextId: int) -> ()	RobloxScriptSecurity	RobloxScriptSecurity	Unsafe	
AudioFocusService	RequestFocus	Function	(contextId: int, priority: int) -> bool	RobloxScriptSecurity	RobloxScriptSecurity	Unsafe	
AudioGate	Attack	Property	float	None	None	ReadSafe	cap=Audio
AudioGate	Bypass	Property	bool	None	None	ReadSafe	cap=Audio
AudioGate	GetConnectedWires	Function	(pin: string) -> Instances	None	None	Unsafe	cap=Audio
AudioGate	GetInputPins	Function	() -> Array	None	None	Unsafe	cap=Audio
AudioGate	GetOutputPins	Function	() -> Array	None	None	Unsafe	cap=Audio
AudioGate	Release	Property	float	None	None	ReadSafe	cap=Audio
AudioGate	Reset	Function	() -> ()	RobloxScriptSecurity	RobloxScriptSecurity	Unsafe	cap=Audio
AudioGate	Threshold	Property	NumberRange	None	None	ReadSafe	cap=Audio
AudioGate	WiringChanged	Event	(connected: bool, pin: string, wire: Wire, instance: Instance)	None	None	Unsafe	cap=Audio
AudioLimiter	Bypass	Property	bool	None	None	ReadSafe	cap=Audio
AudioLimiter	Editor	Property	bool	RobloxScriptSecurity	RobloxScriptSecurity	ReadSafe	notreplicated,cap=Audio
AudioLimiter	GetConnectedWires	Function	(pin: string) -> Instances	None	None	Unsafe	cap=Audio
AudioLimiter	GetInputPins	Function	() -> Array	None	None	Unsafe	cap=Audio
AudioLimiter	GetOutputPins	Function	() -> Array	None	None	Unsafe	cap=Audio
AudioLimiter	MaxLevel	Property	float	None	None	ReadSafe	cap=Audio
AudioLimiter	Release	Property	float	None	None	ReadSafe	cap=Audio
AudioLimiter	WiringChanged	Event	(connected: bool, pin: string, wire: Wire, instance: Instance)	None	None	Unsafe	cap=Audio
AudioListener	AcousticSimulationEnabled	Property	bool	None	None	ReadSafe	cap=Audio
AudioListener	AngleAttenuation	Property	BinaryString	RobloxSecurity	RobloxSecurity	ReadSafe	cap=Audio
AudioListener	AudioInteractionGroup	Property	string	None	None	ReadSafe	cap=Audio
AudioListener	DiffractionEnabled	Property	SimulationMode	None	None	ReadSafe	cap=Audio,undocumented
AudioListener	DistanceAttenuation	Property	BinaryString	RobloxSecurity	RobloxSecurity	ReadSafe	cap=Audio
AudioListener	GetAngleAttenuation	Function	() -> Dictionary	None	None	Unsafe	customluastate,cap=Audio
AudioListener	GetAudibilityFor	Function	(emitter: AudioEmitter) -> float	None	None	Unsafe	cap=Audio
AudioListener	GetConnectedWires	Function	(pin: string) -> Instances	None	None	Unsafe	cap=Audio
AudioListener	GetDistanceAttenuation	Function	() -> Dictionary	None	None	Unsafe	customluastate,cap=Audio
AudioListener	GetInputPins	Function	() -> Array	None	None	Unsafe	cap=Audio
AudioListener	GetInteractingEmitters	Function	() -> Instances	None	None	Unsafe	cap=Audio
AudioListener	GetOutputPins	Function	() -> Array	None	None	Unsafe	cap=Audio
AudioListener	OcclusionEnabled	Property	SimulationMode	None	None	ReadSafe	cap=Audio,undocumented
AudioListener	PositionInstance	Property	Instance	None	None	ReadSafe	cap=Audio
AudioListener	PositionType	Property	ListenerPositionType	None	None	ReadSafe	cap=Audio
AudioListener	Reset	Function	() -> ()	RobloxScriptSecurity	RobloxScriptSecurity	Unsafe	cap=Audio
AudioListener	ReverbEnabled	Property	SimulationMode	None	None	ReadSafe	cap=Audio,undocumented
AudioListener	SetAngleAttenuation	Function	(curve: Dictionary) -> ()	None	None	Unsafe	customluastate,cap=Audio
AudioListener	SetDistanceAttenuation	Function	(curve: Dictionary) -> ()	None	None	Unsafe	customluastate,cap=Audio
AudioListener	SimulationFidelity	Property	AudioSimulationFidelity	None	None	ReadSafe	deprecated,prefer=AcousticSimulationEnabled,cap=Audio
AudioListener	WiringChanged	Event	(connected: bool, pin: string, wire: Wire, instance: Instance)	None	None	Unsafe	cap=Audio
AudioPitchShifter	Bypass	Property	bool	None	None	ReadSafe	cap=Audio
AudioPitchShifter	GetConnectedWires	Function	(pin: string) -> Instances	None	None	Unsafe	cap=Audio
AudioPitchShifter	GetInputPins	Function	() -> Array	None	None	Unsafe	cap=Audio
AudioPitchShifter	GetOutputPins	Function	() -> Array	None	None	Unsafe	cap=Audio
AudioPitchShifter	Pitch	Property	float	None	None	ReadSafe	cap=Audio
AudioPitchShifter	WindowSize	Property	AudioWindowSize	None	None	ReadSafe	cap=Audio
AudioPitchShifter	WiringChanged	Event	(connected: bool, pin: string, wire: Wire, instance: Instance)	None	None	Unsafe	cap=Audio
AudioPlayer	Asset	Property	ContentId	None	None	ReadSafe	cap=Audio
AudioPlayer	AssetId	Property	string	None	None	ReadSafe	hidden,notreplicated,deprecated,prefer=Asset,cap=Audio
AudioPlayer	AssetRepresentation	Property	AssetRepresentation	RobloxScriptSecurity	RobloxScriptSecurity	ReadSafe	hidden,notreplicated,cap=Audio
AudioPlayer	AudioContent	Property	Content	None	None	ReadSafe	hidden,cap=Audio
AudioPlayer	AutoLoad	Property	bool	None	None	ReadSafe	cap=Audio
AudioPlayer	AutoPlay	Property	bool	None	None	ReadSafe	cap=Audio
AudioPlayer	Cancel	Function	(actionId: int64?) -> bool	None	None	Unsafe	cap=Audio
AudioPlayer	Ended	Event	()	None	None	Unsafe	cap=Audio
AudioPlayer	GetConnectedWires	Function	(pin: string) -> Instances	None	None	Unsafe	cap=Audio
AudioPlayer	GetInputPins	Function	() -> Array	None	None	Unsafe	cap=Audio
AudioPlayer	GetOutputPins	Function	() -> Array	None	None	Unsafe	cap=Audio
AudioPlayer	GetWaveformAsync	Function	(timeRange: NumberRange, samples: int) -> Array	None	None	Unsafe	yields,cap=Audio
AudioPlayer	IsPlaying	Property	bool	None	RobloxSecurity	ReadSafe	cap=Audio
AudioPlayer	IsReady	Property	bool	None	None	ReadSafe	readonly,notreplicated,cap=Audio
AudioPlayer	LoopRegion	Property	NumberRange	None	None	ReadSafe	cap=Audio
AudioPlayer	Looped	Event	()	None	None	Unsafe	cap=Audio
AudioPlayer	Looping	Property	bool	None	None	ReadSafe	cap=Audio
AudioPlayer	Play	Function	(atTime: double?) -> int64?	None	None	Unsafe	cap=Audio
AudioPlayer	PlaybackRegion	Property	NumberRange	None	None	ReadSafe	cap=Audio
AudioPlayer	PlaybackSpeed	Property	double	None	None	ReadSafe	cap=Audio
AudioPlayer	Stop	Function	(atTime: double?) -> int64?	None	None	Unsafe	cap=Audio
AudioPlayer	TimeLength	Property	double	None	None	ReadSafe	readonly,notreplicated,cap=Audio
AudioPlayer	TimePosition	Property	double	None	None	ReadSafe	cap=Audio
AudioPlayer	Volume	Property	float	None	None	ReadSafe	cap=Audio
AudioPlayer	WiringChanged	Event	(connected: bool, pin: string, wire: Wire, instance: Instance)	None	None	Unsafe	cap=Audio
AudioRecorder	CanRecordAsync	Function	() -> bool	None	None	Unsafe	yields,cap=Audio
AudioRecorder	Clear	Function	() -> ()	None	None	Unsafe	cap=Audio
AudioRecorder	GetConnectedWires	Function	(pin: string) -> Instances	None	None	Unsafe	cap=Audio
AudioRecorder	GetInputPins	Function	() -> Array	None	None	Unsafe	cap=Audio
AudioRecorder	GetOutputPins	Function	() -> Array	None	None	Unsafe	cap=Audio
AudioRecorder	GetTemporaryContent	Function	() -> Content	None	None	Unsafe	cap=Audio
AudioRecorder	GetUnrecordableInstancesAsync	Function	() -> Instances	None	None	Unsafe	yields,cap=Audio
AudioRecorder	IsRecording	Property	bool	None	RobloxSecurity	ReadSafe	cap=Audio
AudioRecorder	RecordAsync	Function	() -> ()	None	None	Unsafe	yields,cap=Audio
AudioRecorder	Stop	Function	() -> ()	None	None	Unsafe	cap=Audio
AudioRecorder	TimeLength	Property	double	None	None	ReadSafe	readonly,notreplicated,cap=Audio
AudioRecorder	WiringChanged	Event	(connected: bool, pin: string, wire: Wire, instance: Instance)	None	None	Unsafe	cap=Audio
AudioReverb	Bypass	Property	bool	None	None	ReadSafe	cap=Audio
AudioReverb	DecayRatio	Property	float	None	None	ReadSafe	cap=Audio
AudioReverb	DecayTime	Property	float	None	None	ReadSafe	cap=Audio
AudioReverb	Density	Property	float	None	None	ReadSafe	cap=Audio
AudioReverb	Diffusion	Property	float	None	None	ReadSafe	cap=Audio
AudioReverb	DryLevel	Property	float	None	None	ReadSafe	cap=Audio
AudioReverb	EarlyDelayTime	Property	float	None	None	ReadSafe	cap=Audio
AudioReverb	GetConnectedWires	Function	(pin: string) -> Instances	None	None	Unsafe	cap=Audio
AudioReverb	GetInputPins	Function	() -> Array	None	None	Unsafe	cap=Audio
AudioReverb	GetOutputPins	Function	() -> Array	None	None	Unsafe	cap=Audio
AudioReverb	HighCutFrequency	Property	float	None	None	ReadSafe	cap=Audio
AudioReverb	LateDelayTime	Property	float	None	None	ReadSafe	cap=Audio
AudioReverb	LowShelfFrequency	Property	float	None	None	ReadSafe	cap=Audio
AudioReverb	LowShelfGain	Property	float	None	None	ReadSafe	cap=Audio
AudioReverb	ReferenceFrequency	Property	float	None	None	ReadSafe	cap=Audio
AudioReverb	Reset	Function	() -> ()	RobloxScriptSecurity	RobloxScriptSecurity	Unsafe	cap=Audio
AudioReverb	WetLevel	Property	float	None	None	ReadSafe	cap=Audio
AudioReverb	WiringChanged	Event	(connected: bool, pin: string, wire: Wire, instance: Instance)	None	None	Unsafe	cap=Audio
AudioSearchParams	Album	Property	string	None	None	ReadSafe	cap=AssetRead
AudioSearchParams	Artist	Property	string	None	None	ReadSafe	cap=AssetRead
AudioSearchParams	AudioSubType	Property	AudioSubType	None	None	ReadSafe	cap=AssetRead
AudioSearchParams	AudioSubtype	Property	AudioSubType	None	None	ReadSafe	notreplicated,deprecated,prefer=AudioSubType,cap=AssetRead
AudioSearchParams	MaxDuration	Property	int	None	None	ReadSafe	cap=AssetRead
AudioSearchParams	MinDuration	Property	int	None	None	ReadSafe	cap=AssetRead
AudioSearchParams	SearchKeyword	Property	string	None	None	ReadSafe	cap=AssetRead
AudioSearchParams	Tag	Property	string	None	None	ReadSafe	cap=AssetRead
AudioSearchParams	Title	Property	string	None	None	ReadSafe	cap=AssetRead
AudioSpeechToText	DictationEnabled	Property	bool	RobloxScriptSecurity	RobloxScriptSecurity	ReadSafe	hidden,cap=Audio
AudioSpeechToText	DisableVoiceDetection	Property	bool	RobloxScriptSecurity	RobloxScriptSecurity	ReadSafe	hidden,cap=Audio
AudioSpeechToText	EnableVolumeCheck	Property	bool	RobloxScriptSecurity	RobloxScriptSecurity	ReadSafe	hidden,cap=Audio
AudioSpeechToText	Enabled	Property	bool	None	None	ReadSafe	cap=Audio
AudioSpeechToText	GetConnectedWires	Function	(pin: string) -> Instances	None	None	Unsafe	cap=Audio
AudioSpeechToText	GetInputPins	Function	() -> Array	None	None	Unsafe	cap=Audio
AudioSpeechToText	GetOutputPins	Function	() -> Array	None	None	Unsafe	cap=Audio
AudioSpeechToText	Locale	Property	string	RobloxScriptSecurity	RobloxScriptSecurity	ReadSafe	hidden,cap=Audio
AudioSpeechToText	Text	Property	string	None	None	ReadSafe	cap=Audio
AudioSpeechToText	VoiceDetected	Property	bool	None	None	ReadSafe	readonly,notreplicated,cap=Audio
AudioSpeechToText	VoiceDetectedOverride	Property	bool	RobloxScriptSecurity	RobloxScriptSecurity	ReadSafe	hidden,cap=Audio
AudioSpeechToText	WiringChanged	Event	(connected: bool, pin: string, wire: Wire, instance: Instance)	None	None	Unsafe	cap=Audio
AudioTextToSpeech	AutoLocalize	Property	bool	None	None	ReadSafe	cap=Audio,undocumented
AudioTextToSpeech	Ended	Event	()	None	None	Unsafe	cap=Audio
AudioTextToSpeech	GetConnectedWires	Function	(pin: string) -> Instances	None	None	Unsafe	cap=Audio
AudioTextToSpeech	GetInputPins	Function	() -> Array	None	None	Unsafe	cap=Audio
AudioTextToSpeech	GetOutputPins	Function	() -> Array	None	None	Unsafe	cap=Audio
AudioTextToSpeech	GetWaveformAsync	Function	(timeRange: NumberRange, samples: int) -> Array	None	None	Unsafe	yields,cap=Audio
AudioTextToSpeech	IsLoaded	Property	bool	None	None	ReadSafe	readonly,notreplicated,cap=Audio
AudioTextToSpeech	IsPlaying	Property	bool	None	RobloxSecurity	ReadSafe	cap=Audio
AudioTextToSpeech	LoadAsync	Function	() -> AssetFetchStatus	None	None	Unsafe	yields,cap=Audio
AudioTextToSpeech	LoadPlatformAsync	Function	() -> AssetFetchStatus	RobloxScriptSecurity	RobloxScriptSecurity	Unsafe	yields,cap=Audio
AudioTextToSpeech	Looped	Event	()	None	None	Unsafe	cap=Audio
AudioTextToSpeech	Looping	Property	bool	None	None	ReadSafe	cap=Audio
AudioTextToSpeech	Pause	Function	() -> ()	None	None	Unsafe	cap=Audio
AudioTextToSpeech	Pitch	Property	float	None	None	ReadSafe	cap=Audio
AudioTextToSpeech	Play	Function	() -> ()	None	None	Unsafe	cap=Audio
AudioTextToSpeech	PlaybackSpeed	Property	float	None	None	ReadSafe	cap=Audio
AudioTextToSpeech	Speed	Property	float	None	None	ReadSafe	cap=Audio
AudioTextToSpeech	Text	Property	string	None	None	ReadSafe	cap=Audio
AudioTextToSpeech	TimeLength	Property	double	None	None	ReadSafe	readonly,notreplicated,cap=Audio
AudioTextToSpeech	TimePosition	Property	double	None	None	ReadSafe	cap=Audio
AudioTextToSpeech	Unload	Function	() -> ()	None	None	Unsafe	cap=Audio
AudioTextToSpeech	VoiceId	Property	string	None	None	ReadSafe	cap=Audio
AudioTextToSpeech	Volume	Property	float	None	None	ReadSafe	cap=Audio
AudioTextToSpeech	WiringChanged	Event	(connected: bool, pin: string, wire: Wire, instance: Instance)	None	None	Unsafe	cap=Audio
AudioTremolo	Bypass	Property	bool	None	None	ReadSafe	cap=Audio
AudioTremolo	Depth	Property	float	None	None	ReadSafe	cap=Audio
AudioTremolo	Duty	Property	float	None	None	ReadSafe	cap=Audio
AudioTremolo	Frequency	Property	float	None	None	ReadSafe	cap=Audio
AudioTremolo	GetConnectedWires	Function	(pin: string) -> Instances	None	None	Unsafe	cap=Audio
AudioTremolo	GetInputPins	Function	() -> Array	None	None	Unsafe	cap=Audio
AudioTremolo	GetOutputPins	Function	() -> Array	None	None	Unsafe	cap=Audio
AudioTremolo	Shape	Property	float	None	None	ReadSafe	cap=Audio
AudioTremolo	Skew	Property	float	None	None	ReadSafe	cap=Audio
AudioTremolo	Square	Property	float	None	None	ReadSafe	cap=Audio
AudioTremolo	WiringChanged	Event	(connected: bool, pin: string, wire: Wire, instance: Instance)	None	None	Unsafe	cap=Audio
AudioWindSynthesizer	Enabled	Property	bool	None	None	ReadSafe	cap=Audio,undocumented
AudioWindSynthesizer	GetConnectedWires	Function	(pin: string) -> Instances	None	None	Unsafe	cap=Audio,undocumented
AudioWindSynthesizer	GetInputPins	Function	() -> Array	None	None	Unsafe	cap=Audio,undocumented
AudioWindSynthesizer	GetOutputPins	Function	() -> Array	None	None	Unsafe	cap=Audio,undocumented
AudioWindSynthesizer	PositionInstance	Property	Instance	None	None	ReadSafe	cap=Audio,undocumented
AudioWindSynthesizer	PositionType	Property	AudioPositionType	None	None	ReadSafe	cap=Audio,undocumented
AudioWindSynthesizer	Profile	Property	WindSoundProfile	None	None	ReadSafe	cap=Audio,undocumented
AudioWindSynthesizer	Volume	Property	float	None	None	ReadSafe	cap=Audio,undocumented
AudioWindSynthesizer	WiringChanged	Event	(connected: bool, pin: string, wire: Wire, instance: Instance)	None	None	Unsafe	cap=Audio,undocumented
AuroraScript	AddTo	Function	(instance: Instance, parameters: Dictionary?) -> ()	None	None	Unsafe	cap=Basic,undocumented
AuroraScript	AuroraScriptBindingsSerialize	Property	BinaryString	RobloxSecurity	RobloxSecurity	ReadSafe	hidden,notreplicated,notscriptable,cap=Basic
AuroraScript	ChangedThisFrame	Event	()	RobloxScriptSecurity	RobloxScriptSecurity	Unsafe	cap=Basic
AuroraScript	EnableCulling	Property	bool	None	None	ReadSafe	read:plugin-only,write:plugin-only,cap=Basic,undocumented
AuroraScript	EnableLOD	Property	bool	None	None	ReadSafe	read:plugin-only,write:plugin-only,cap=Basic,undocumented
AuroraScript	GetSchema	Function	() -> Dictionary	RobloxScriptSecurity	RobloxScriptSecurity	Safe	cap=Basic
AuroraScript	IsOnInstance	Function	(instance: Instance) -> bool	None	None	Unsafe	cap=Basic,undocumented
AuroraScript	LODCriticality	Property	int	None	None	ReadSafe	read:plugin-only,write:plugin-only,cap=Basic,undocumented
AuroraScript	Priority	Property	int	None	None	ReadSafe	read:plugin-only,write:plugin-only,cap=Basic,undocumented
AuroraScript	RemoveFrom	Function	(instance: Instance) -> ()	None	None	Unsafe	cap=Basic,undocumented
AuroraScript	SignalFired	Function	(instance: Instance, topic: string) -> RBXScriptSignal	None	None	Unsafe	cap=Basic,undocumented
AuroraScript	Source	Property	ProtectedString	None	None	ReadSafe	read:plugin-only,write:plugin-only,cap=Basic,undocumented
AuroraScript	SynchronizeState	Event	(frameId: int, instance: Instance, state: Dictionary, ingressHeaders: string, ingressArgs: Array, egressHeaders: string, egressArgs: Array, lodLevel: int, priorInvocationFrame: int)	RobloxSecurity	RobloxSecurity	Unsafe	hidden,cap=Basic
AuroraScriptObject	BehaviorWeak	Property	AuroraScript	RobloxSecurity	RobloxSecurity	ReadSafe	
AuroraScriptObject	BoundInstanceWeak	Property	Instance	RobloxSecurity	RobloxSecurity	ReadSafe	
AuroraScriptObject	FrameId	Property	int	None	None	ReadSafe	undocumented
AuroraScriptObject	GetCurrentState	Function	() -> Dictionary	RobloxScriptSecurity	RobloxScriptSecurity	Safe	
AuroraScriptObject	LODLevel	Property	int	None	None	ReadSafe	undocumented
AuroraScriptObject	MaxFrequency	Property	int	None	None	ReadSafe	hidden,notscriptable
AuroraScriptObject	PriorFrameInvoked	Property	int	None	None	ReadSafe	undocumented
AuroraScriptObject	SetStateFieldValue	Function	(fieldName: string, value: Variant) -> ()	RobloxScriptSecurity	RobloxScriptSecurity	Safe	
AuroraScriptService	FindBinding	Function	(instance: Instance, scriptName: string) -> Object	None	None	Safe	customluastate,cap=Basic,undocumented
AuroraScriptService	FindBindings	Function	(instance: Instance) -> Dictionary	None	None	Safe	customluastate,cap=Basic,undocumented
AuroraScriptService	GetAllCollections	Function	() -> Array	None	None	Unsafe	cap=Basic,undocumented
AuroraScriptService	GetLocalFrameId	Function	() -> int	None	None	Safe	cap=Basic,undocumented
AuroraScriptService	SendMessage	Function	(instance: Instance, behaviorName: string, functionName: string, args: Tuple) -> ()	None	None	Safe	cap=Basic,undocumented
AuroraScriptService	getBehaviorObjects	Function	() -> Instances	RobloxScriptSecurity	RobloxScriptSecurity	Unsafe	cap=Basic
AuroraScriptService	getBehaviors	Function	() -> Instances	None	None	Unsafe	cap=Basic,undocumented
AuroraScriptService	getBehaviorsForInstance	Function	(instance: Instance) -> Instances	None	None	Unsafe	cap=Basic,undocumented
AuroraScriptService	getInstancesForBehavior	Function	(behavior: AuroraScript) -> Instances	None	None	Unsafe	cap=Basic,undocumented
AuroraService	BufferFullInputCount	Property	int	RobloxSecurity	RobloxSecurity	ReadSafe	hidden,notscriptable
AuroraService	FixedRateTick	Event	(deltaTime: double, worldStepId: int)	None	None	Unsafe	undocumented
AuroraService	GetPredictedInstances	Function	() -> Array	None	None	Unsafe	undocumented
AuroraService	GetRemoteWorldStepId	Function	() -> int	None	None	Unsafe	undocumented
AuroraService	GetServerView	Function	(target: Instance) -> Instance	None	None	Unsafe	undocumented
AuroraService	GetWorldStepId	Function	() -> int	None	None	Unsafe	undocumented
AuroraService	HashRoundingPoint	Property	double	None	None	ReadSafe	undocumented
AuroraService	IgnoreRotation	Property	bool	None	None	ReadSafe	undocumented
AuroraService	InputDropRate	Property	float	RobloxSecurity	RobloxSecurity	ReadSafe	hidden,notscriptable
AuroraService	IsInstancePredicted	Function	(target: Instance) -> bool	None	None	Unsafe	undocumented
AuroraService	LockStepIdOffset	Property	bool	None	None	ReadSafe	undocumented
AuroraService	OutOfOrderInputCount	Property	int	RobloxSecurity	RobloxSecurity	ReadSafe	hidden,notscriptable
AuroraService	PlayInputRecording	Function	() -> ()	None	None	Unsafe	undocumented
AuroraService	RCCHeartbeatFPS	Property	double	RobloxSecurity	RobloxSecurity	ReadSafe	hidden,notscriptable
AuroraService	RollbackOffset	Property	int	None	None	ReadSafe	undocumented
AuroraService	SetReplicationLag	Function	(seconds: float) -> ()	None	None	Unsafe	undocumented
AuroraService	ShowDebugVisualizer	Function	(state: bool) -> ()	None	None	Unsafe	undocumented
AuroraService	StartInputRecording	Function	() -> ()	None	None	Unsafe	undocumented
AuroraService	StartPrediction	Function	(target: Instance) -> ()	None	None	Unsafe	undocumented
AuroraService	Step	Event	()	None	None	Unsafe	undocumented
AuroraService	StepPhysics	Function	(worldSteps: int, parts: Instances = {}) -> ()	None	None	Unsafe	undocumented
AuroraService	StopInputRecording	Function	() -> ()	None	None	Unsafe	undocumented
AuroraService	StopPrediction	Function	(target: Instance) -> ()	None	None	Unsafe	undocumented
AuroraService	TooOldInputCount	Property	int	RobloxSecurity	RobloxSecurity	ReadSafe	hidden,notscriptable
AuroraService	UpdateProperties	Function	(target: Instance) -> ()	None	None	Unsafe	undocumented
AvatarAbilityRules	CharacterControllerMode	Property	AvatarSettingsCharacterControllerMode	RobloxScriptSecurity	RobloxScriptSecurity	ReadSafe	
AvatarAbilityRules	EnableClimbing	Property	bool	RobloxScriptSecurity	RobloxScriptSecurity	ReadSafe	
AvatarAbilityRules	EnableCrouching	Property	bool	RobloxScriptSecurity	RobloxScriptSecurity	ReadSafe	
AvatarAbilityRules	EnableFallingDown	Property	bool	RobloxScriptSecurity	RobloxScriptSecurity	ReadSafe	
AvatarAbilityRules	EnableGettingUp	Property	bool	RobloxScriptSecurity	RobloxScriptSecurity	ReadSafe	
AvatarAbilityRules	EnableHolding	Property	bool	RobloxScriptSecurity	RobloxScriptSecurity	ReadSafe	
AvatarAbilityRules	EnableJumping	Property	bool	RobloxScriptSecurity	RobloxScriptSecurity	ReadSafe	
AvatarAbilityRules	EnableReaching	Property	bool	RobloxScriptSecurity	RobloxScriptSecurity	ReadSafe	
AvatarAbilityRules	EnableRunning	Property	bool	RobloxScriptSecurity	RobloxScriptSecurity	ReadSafe	
AvatarAbilityRules	EnableSitting	Property	bool	RobloxScriptSecurity	RobloxScriptSecurity	ReadSafe	
AvatarAbilityRules	EnableSprinting	Property	bool	RobloxScriptSecurity	RobloxScriptSecurity	ReadSafe	
AvatarAbilityRules	EnableSwimming	Property	bool	RobloxScriptSecurity	RobloxScriptSecurity	ReadSafe	
AvatarAbilityRules	EnableTurning	Property	bool	RobloxScriptSecurity	RobloxScriptSecurity	ReadSafe	
AvatarAccessoryRules	AccessoryMode	Property	AvatarSettingsAccessoryMode	RobloxScriptSecurity	RobloxScriptSecurity	ReadSafe	
AvatarAccessoryRules	CustomAccessoryMode	Property	AvatarSettingsCustomAccessoryMode	RobloxScriptSecurity	RobloxScriptSecurity	ReadSafe	
AvatarAccessoryRules	CustomBackAccessoryEnabled	Property	bool	RobloxScriptSecurity	RobloxScriptSecurity	ReadSafe	
AvatarAccessoryRules	CustomBackAccessoryId	Property	int64	RobloxScriptSecurity	RobloxScriptSecurity	ReadSafe	
AvatarAccessoryRules	CustomFaceAccessoryEnabled	Property	bool	RobloxScriptSecurity	RobloxScriptSecurity	ReadSafe	
AvatarAccessoryRules	CustomFaceAccessoryId	Property	int64	RobloxScriptSecurity	RobloxScriptSecurity	ReadSafe	
AvatarAccessoryRules	CustomFrontAccessoryEnabled	Property	bool	RobloxScriptSecurity	RobloxScriptSecurity	ReadSafe	
AvatarAccessoryRules	CustomFrontAccessoryId	Property	int64	RobloxScriptSecurity	RobloxScriptSecurity	ReadSafe	
AvatarAccessoryRules	CustomHairAccessoryEnabled	Property	bool	RobloxScriptSecurity	RobloxScriptSecurity	ReadSafe	
AvatarAccessoryRules	CustomHairAccessoryId	Property	int64	RobloxScriptSecurity	RobloxScriptSecurity	ReadSafe	
AvatarAccessoryRules	CustomHeadAccessoryEnabled	Property	bool	RobloxScriptSecurity	RobloxScriptSecurity	ReadSafe	
AvatarAccessoryRules	CustomHeadAccessoryId	Property	int64	RobloxScriptSecurity	RobloxScriptSecurity	ReadSafe	
AvatarAccessoryRules	CustomNeckAccessoryEnabled	Property	bool	RobloxScriptSecurity	RobloxScriptSecurity	ReadSafe	
AvatarAccessoryRules	CustomNeckAccessoryId	Property	int64	RobloxScriptSecurity	RobloxScriptSecurity	ReadSafe	
AvatarAccessoryRules	CustomShoulderAccessoryEnabled	Property	bool	RobloxScriptSecurity	RobloxScriptSecurity	ReadSafe	
AvatarAccessoryRules	CustomShoulderAccessoryId	Property	int64	RobloxScriptSecurity	RobloxScriptSecurity	ReadSafe	
AvatarAccessoryRules	CustomWaistAccessoryEnabled	Property	bool	RobloxScriptSecurity	RobloxScriptSecurity	ReadSafe	
AvatarAccessoryRules	CustomWaistAccessoryId	Property	int64	RobloxScriptSecurity	RobloxScriptSecurity	ReadSafe	
AvatarAccessoryRules	EnableEmissives	Property	bool	RobloxScriptSecurity	RobloxScriptSecurity	ReadSafe	
AvatarAccessoryRules	EnableSound	Property	bool	RobloxScriptSecurity	RobloxScriptSecurity	ReadSafe	
AvatarAccessoryRules	EnableVFX	Property	bool	RobloxScriptSecurity	RobloxScriptSecurity	ReadSafe	
AvatarAccessoryRules	LimitBounds	Property	Vector3	RobloxScriptSecurity	RobloxScriptSecurity	ReadSafe	
AvatarAccessoryRules	LimitMethod	Property	AvatarSettingsAccessoryLimitMethod	RobloxScriptSecurity	RobloxScriptSecurity	ReadSafe	
AvatarAccessoryRules	willRemoveAccessory	Function	(humanoid: Humanoid, accessory: Accoutrement) -> bool	RobloxScriptSecurity	RobloxScriptSecurity	Unsafe	
AvatarAnimationRules	AnimationClipsMode	Property	AvatarSettingsAnimationClipsMode	RobloxScriptSecurity	RobloxScriptSecurity	ReadSafe	
AvatarAnimationRules	AnimationPacksMode	Property	AvatarSettingsAnimationPacksMode	RobloxScriptSecurity	RobloxScriptSecurity	ReadSafe	
AvatarAnimationRules	CustomClimbAnimationEnabled	Property	bool	RobloxScriptSecurity	RobloxScriptSecurity	ReadSafe	
AvatarAnimationRules	CustomClimbAnimationId	Property	int64	RobloxScriptSecurity	RobloxScriptSecurity	ReadSafe	
AvatarAnimationRules	CustomFallAnimationEnabled	Property	bool	RobloxScriptSecurity	RobloxScriptSecurity	ReadSafe	
AvatarAnimationRules	CustomFallAnimationId	Property	int64	RobloxScriptSecurity	RobloxScriptSecurity	ReadSafe	
AvatarAnimationRules	CustomIdleAlt1AnimationEnabled	Property	bool	RobloxScriptSecurity	RobloxScriptSecurity	ReadSafe	
AvatarAnimationRules	CustomIdleAlt1AnimationId	Property	int64	RobloxScriptSecurity	RobloxScriptSecurity	ReadSafe	
AvatarAnimationRules	CustomIdleAlt2AnimationEnabled	Property	bool	RobloxScriptSecurity	RobloxScriptSecurity	ReadSafe	
AvatarAnimationRules	CustomIdleAlt2AnimationId	Property	int64	RobloxScriptSecurity	RobloxScriptSecurity	ReadSafe	
AvatarAnimationRules	CustomIdleAnimationEnabled	Property	bool	RobloxScriptSecurity	RobloxScriptSecurity	ReadSafe	
AvatarAnimationRules	CustomIdleAnimationId	Property	int64	RobloxScriptSecurity	RobloxScriptSecurity	ReadSafe	
AvatarAnimationRules	CustomJumpAnimationEnabled	Property	bool	RobloxScriptSecurity	RobloxScriptSecurity	ReadSafe	
AvatarAnimationRules	CustomJumpAnimationId	Property	int64	RobloxScriptSecurity	RobloxScriptSecurity	ReadSafe	
AvatarAnimationRules	CustomRunAnimationEnabled	Property	bool	RobloxScriptSecurity	RobloxScriptSecurity	ReadSafe	
AvatarAnimationRules	CustomRunAnimationId	Property	int64	RobloxScriptSecurity	RobloxScriptSecurity	ReadSafe	
AvatarAnimationRules	CustomSwimAnimationEnabled	Property	bool	RobloxScriptSecurity	RobloxScriptSecurity	ReadSafe	
AvatarAnimationRules	CustomSwimAnimationId	Property	int64	RobloxScriptSecurity	RobloxScriptSecurity	ReadSafe	
AvatarAnimationRules	CustomSwimIdleAnimationEnabled	Property	bool	RobloxScriptSecurity	RobloxScriptSecurity	ReadSafe	
AvatarAnimationRules	CustomSwimIdleAnimationId	Property	int64	RobloxScriptSecurity	RobloxScriptSecurity	ReadSafe	
AvatarAnimationRules	CustomWalkAnimationEnabled	Property	bool	RobloxScriptSecurity	RobloxScriptSecurity	ReadSafe	
AvatarAnimationRules	CustomWalkAnimationId	Property	int64	RobloxScriptSecurity	RobloxScriptSecurity	ReadSafe	
AvatarBodyRules	AppearanceMode	Property	AvatarSettingsAppearanceMode	RobloxScriptSecurity	RobloxScriptSecurity	ReadSafe	
AvatarBodyRules	BuildMode	Property	AvatarSettingsBuildMode	RobloxScriptSecurity	RobloxScriptSecurity	ReadSafe	
AvatarBodyRules	CustomBodyBundleId	Property	int64	RobloxScriptSecurity	RobloxScriptSecurity	ReadSafe	
AvatarBodyRules	CustomBodyType	Property	AvatarSettingsCustomBodyType	RobloxScriptSecurity	RobloxScriptSecurity	ReadSafe	
AvatarBodyRules	CustomBodyTypeScale	Property	NumberRange	RobloxScriptSecurity	RobloxScriptSecurity	ReadSafe	
AvatarBodyRules	CustomEyebrowEnabled	Property	bool	RobloxScriptSecurity	RobloxScriptSecurity	ReadSafe	
AvatarBodyRules	CustomEyebrowId	Property	int64	RobloxScriptSecurity	RobloxScriptSecurity	ReadSafe	
AvatarBodyRules	CustomEyelashEnabled	Property	bool	RobloxScriptSecurity	RobloxScriptSecurity	ReadSafe	
AvatarBodyRules	CustomEyelashId	Property	int64	RobloxScriptSecurity	RobloxScriptSecurity	ReadSafe	
AvatarBodyRules	CustomFaceEnabled	Property	bool	RobloxScriptSecurity	RobloxScriptSecurity	ReadSafe	
AvatarBodyRules	CustomFaceId	Property	int64	RobloxScriptSecurity	RobloxScriptSecurity	ReadSafe	
AvatarBodyRules	CustomHeadEnabled	Property	bool	RobloxScriptSecurity	RobloxScriptSecurity	ReadSafe	
AvatarBodyRules	CustomHeadId	Property	int64	RobloxScriptSecurity	RobloxScriptSecurity	ReadSafe	
AvatarBodyRules	CustomHeadScale	Property	NumberRange	RobloxScriptSecurity	RobloxScriptSecurity	ReadSafe	
AvatarBodyRules	CustomHeight	Property	NumberRange	RobloxScriptSecurity	RobloxScriptSecurity	ReadSafe	
AvatarBodyRules	CustomHeightScale	Property	NumberRange	RobloxScriptSecurity	RobloxScriptSecurity	ReadSafe	
AvatarBodyRules	CustomLeftArmEnabled	Property	bool	RobloxScriptSecurity	RobloxScriptSecurity	ReadSafe	
AvatarBodyRules	CustomLeftArmId	Property	int64	RobloxScriptSecurity	RobloxScriptSecurity	ReadSafe	
AvatarBodyRules	CustomLeftLegEnabled	Property	bool	RobloxScriptSecurity	RobloxScriptSecurity	ReadSafe	
AvatarBodyRules	CustomLeftLegId	Property	int64	RobloxScriptSecurity	RobloxScriptSecurity	ReadSafe	
AvatarBodyRules	CustomMoodEnabled	Property	bool	RobloxScriptSecurity	RobloxScriptSecurity	ReadSafe	
AvatarBodyRules	CustomMoodId	Property	int64	RobloxScriptSecurity	RobloxScriptSecurity	ReadSafe	
AvatarBodyRules	CustomProportionsScale	Property	NumberRange	RobloxScriptSecurity	RobloxScriptSecurity	ReadSafe	
AvatarBodyRules	CustomRightArmEnabled	Property	bool	RobloxScriptSecurity	RobloxScriptSecurity	ReadSafe	
AvatarBodyRules	CustomRightArmId	Property	int64	RobloxScriptSecurity	RobloxScriptSecurity	ReadSafe	
AvatarBodyRules	CustomRightLegEnabled	Property	bool	RobloxScriptSecurity	RobloxScriptSecurity	ReadSafe	
AvatarBodyRules	CustomRightLegId	Property	int64	RobloxScriptSecurity	RobloxScriptSecurity	ReadSafe	
AvatarBodyRules	CustomTorsoEnabled	Property	bool	RobloxScriptSecurity	RobloxScriptSecurity	ReadSafe	
AvatarBodyRules	CustomTorsoId	Property	int64	RobloxScriptSecurity	RobloxScriptSecurity	ReadSafe	
AvatarBodyRules	CustomWidthScale	Property	NumberRange	RobloxScriptSecurity	RobloxScriptSecurity	ReadSafe	
AvatarBodyRules	KeepPlayerHead	Property	bool	RobloxScriptSecurity	RobloxScriptSecurity	ReadSafe	
AvatarBodyRules	ScaleMode	Property	AvatarSettingsScaleMode	RobloxScriptSecurity	RobloxScriptSecurity	ReadSafe	
AvatarChatService	ClientFeatures	Property	int	RobloxScriptSecurity	RobloxScriptSecurity	ReadSafe	hidden,readonly,notreplicated
AvatarChatService	ClientFeaturesInitialized	Property	bool	RobloxScriptSecurity	RobloxScriptSecurity	ReadSafe	hidden,readonly,notreplicated
AvatarChatService	DebugCounterGet	Function	(label: string, playerId: int64) -> int64	RobloxScriptSecurity	RobloxScriptSecurity	Unsafe	
AvatarChatService	EnableVoice	Function	() -> bool	RobloxScriptSecurity	RobloxScriptSecurity	Unsafe	
AvatarChatService	GetClientFeaturesAsync	Function	() -> int	RobloxScriptSecurity	RobloxScriptSecurity	Unsafe	yields
AvatarChatService	GetServerFeaturesAsync	Function	() -> int	RobloxScriptSecurity	RobloxScriptSecurity	Unsafe	yields
AvatarChatService	IsEnabled	Function	(mask: int, feature: AvatarChatServiceFeature) -> bool	RobloxScriptSecurity	RobloxScriptSecurity	Unsafe	
AvatarChatService	IsPlaceEnabled	Function	() -> bool	RobloxScriptSecurity	RobloxScriptSecurity	Unsafe	
AvatarChatService	IsUniverseEnabled	Function	() -> bool	RobloxScriptSecurity	RobloxScriptSecurity	Unsafe	
AvatarChatService	OnClientFeatures	Event	(features: int)	RobloxSecurity	RobloxSecurity	Unsafe	hidden
AvatarChatService	PollClientFeatures	Function	() -> int	RobloxScriptSecurity	RobloxScriptSecurity	Unsafe	
AvatarChatService	PollServerFeatures	Function	() -> int	RobloxScriptSecurity	RobloxScriptSecurity	Unsafe	
AvatarChatService	RefreshClientFeatures	Event	()	RobloxSecurity	RobloxSecurity	Unsafe	hidden
AvatarChatService	ServerFeatures	Property	int	RobloxScriptSecurity	RobloxSecurity	ReadSafe	hidden
AvatarChatService	deviceMeetsRequirementsForFeature	Function	(feature: DeviceFeatureType) -> bool	RobloxScriptSecurity	RobloxScriptSecurity	Unsafe	
AvatarClothingRules	ClothingMode	Property	AvatarSettingsClothingMode	RobloxScriptSecurity	RobloxScriptSecurity	ReadSafe	
AvatarClothingRules	CustomClassicPantsAccessoryEnabled	Property	bool	RobloxScriptSecurity	RobloxScriptSecurity	ReadSafe	
AvatarClothingRules	CustomClassicPantsAccessoryId	Property	int64	RobloxScriptSecurity	RobloxScriptSecurity	ReadSafe	
AvatarClothingRules	CustomClassicShirtsAccessoryEnabled	Property	bool	RobloxScriptSecurity	RobloxScriptSecurity	ReadSafe	
AvatarClothingRules	CustomClassicShirtsAccessoryId	Property	int64	RobloxScriptSecurity	RobloxScriptSecurity	ReadSafe	
AvatarClothingRules	CustomClassicTShirtsAccessoryEnabled	Property	bool	RobloxScriptSecurity	RobloxScriptSecurity	ReadSafe	
AvatarClothingRules	CustomClassicTShirtsAccessoryId	Property	int64	RobloxScriptSecurity	RobloxScriptSecurity	ReadSafe	
AvatarClothingRules	CustomClothingMode	Property	AvatarSettingsCustomClothingMode	RobloxScriptSecurity	RobloxScriptSecurity	ReadSafe	
AvatarClothingRules	CustomDressSkirtAccessoryEnabled	Property	bool	RobloxScriptSecurity	RobloxScriptSecurity	ReadSafe	
AvatarClothingRules	CustomDressSkirtAccessoryId	Property	int64	RobloxScriptSecurity	RobloxScriptSecurity	ReadSafe	
AvatarClothingRules	CustomJacketAccessoryEnabled	Property	bool	RobloxScriptSecurity	RobloxScriptSecurity	ReadSafe	
AvatarClothingRules	CustomJacketAccessoryId	Property	int64	RobloxScriptSecurity	RobloxScriptSecurity	ReadSafe	
AvatarClothingRules	CustomLeftShoesAccessoryEnabled	Property	bool	RobloxScriptSecurity	RobloxScriptSecurity	ReadSafe	
AvatarClothingRules	CustomLeftShoesAccessoryId	Property	int64	RobloxScriptSecurity	RobloxScriptSecurity	ReadSafe	
AvatarClothingRules	CustomPantsAccessoryEnabled	Property	bool	RobloxScriptSecurity	RobloxScriptSecurity	ReadSafe	
AvatarClothingRules	CustomPantsAccessoryId	Property	int64	RobloxScriptSecurity	RobloxScriptSecurity	ReadSafe	
AvatarClothingRules	CustomRightShoesAccessoryEnabled	Property	bool	RobloxScriptSecurity	RobloxScriptSecurity	ReadSafe	
AvatarClothingRules	CustomRightShoesAccessoryId	Property	int64	RobloxScriptSecurity	RobloxScriptSecurity	ReadSafe	
AvatarClothingRules	CustomShirtAccessoryEnabled	Property	bool	RobloxScriptSecurity	RobloxScriptSecurity	ReadSafe	
AvatarClothingRules	CustomShirtAccessoryId	Property	int64	RobloxScriptSecurity	RobloxScriptSecurity	ReadSafe	
AvatarClothingRules	CustomShortsAccessoryEnabled	Property	bool	RobloxScriptSecurity	RobloxScriptSecurity	ReadSafe	
AvatarClothingRules	CustomShortsAccessoryId	Property	int64	RobloxScriptSecurity	RobloxScriptSecurity	ReadSafe	
AvatarClothingRules	CustomSweaterAccessoryEnabled	Property	bool	RobloxScriptSecurity	RobloxScriptSecurity	ReadSafe	
AvatarClothingRules	CustomSweaterAccessoryId	Property	int64	RobloxScriptSecurity	RobloxScriptSecurity	ReadSafe	
AvatarClothingRules	CustomTShirtAccessoryEnabled	Property	bool	RobloxScriptSecurity	RobloxScriptSecurity	ReadSafe	
AvatarClothingRules	CustomTShirtAccessoryId	Property	int64	RobloxScriptSecurity	RobloxScriptSecurity	ReadSafe	
AvatarClothingRules	LimitBounds	Property	Vector3	RobloxScriptSecurity	RobloxScriptSecurity	ReadSafe	
AvatarClothingRules	WillLimitLayeredAccessoryAsync	Function	(humanoid: Humanoid, accessory: Accoutrement) -> bool	RobloxScriptSecurity	RobloxScriptSecurity	Unsafe	yields
AvatarCollisionRules	CollisionMode	Property	AvatarSettingsCollisionMode	RobloxScriptSecurity	RobloxScriptSecurity	ReadSafe	
AvatarCollisionRules	HitAndTouchDetectionMode	Property	AvatarSettingsHitAndTouchDetectionMode	RobloxScriptSecurity	RobloxScriptSecurity	ReadSafe	
AvatarCollisionRules	LegacyCollisionMode	Property	AvatarSettingsLegacyCollisionMode	RobloxScriptSecurity	RobloxScriptSecurity	ReadSafe	
AvatarCollisionRules	SingleColliderSize	Property	Vector3	RobloxScriptSecurity	RobloxScriptSecurity	ReadSafe	
AvatarCreationService	AutoSetupAvatarAsync	Function	(player: Player, autoSetupParams: Dictionary, progressCallback: Function?) -> string	None	None	Unsafe	yields,cap=DynamicGeneration
AvatarCreationService	AvatarAssetModerationCompleted	Event	(assetId: int64, moderationStatus: ModerationStatus)	None	None	Unsafe	cap=DynamicGeneration
AvatarCreationService	AvatarModerationCompleted	Event	(outfitId: int64, moderationStatus: ModerationStatus)	None	None	Unsafe	cap=DynamicGeneration
AvatarCreationService	AvatarOutfitModerationCompleted	Event	(outfitId: int64, moderationStatus: ModerationStatus, outfitType: OutfitType)	None	None	Unsafe	cap=DynamicGeneration
AvatarCreationService	CreateCageMeshPartsWithScaleForExportAsync	Function	(model: Model) -> Folder	RobloxScriptSecurity	RobloxScriptSecurity	Unsafe	yields
AvatarCreationService	DeserializeAvatarModel	Function	(serializedModel: string) -> Instance	RobloxScriptSecurity	RobloxScriptSecurity	Unsafe	
AvatarCreationService	GenerateAvatar2DPreviewAsync	Function	(avatarGeneration2dPreviewParams: Dictionary, progressCallback: Function?) -> string	None	None	Unsafe	yields,cap=DynamicGeneration
AvatarCreationService	GenerateAvatarAsync	Function	(avatarGenerationParams: Dictionary, progressCallback: Function?) -> string	None	None	Unsafe	yields,cap=DynamicGeneration
AvatarCreationService	GetBatchTokenDetailsAsync	Function	(tokenIds: Array) -> Array	None	None	Unsafe	yields,cap=Monetization
AvatarCreationService	GetValidationRules	Function	() -> Dictionary	None	None	Unsafe	customluastate
AvatarCreationService	HandleSelfieConsentResult	Function	(consentAccepted: bool) -> ()	RobloxScriptSecurity	RobloxScriptSecurity	Unsafe	
AvatarCreationService	HandleSelfieQRResult	Function	(success: bool, resultString: string) -> ()	RobloxScriptSecurity	RobloxScriptSecurity	Unsafe	
AvatarCreationService	LoadAvatar2DPreviewAsync	Function	(previewId: string) -> EditableImage	None	None	Unsafe	yields,cap=DynamicGeneration
AvatarCreationService	LoadGeneratedAvatarAsync	Function	(generationId: string) -> HumanoidDescription	None	None	Unsafe	yields,cap=DynamicGeneration
AvatarCreationService	OpenSelfieConsent	Event	()	RobloxScriptSecurity	RobloxScriptSecurity	Unsafe	
AvatarCreationService	OpenSelfieQRCode	Event	(url: string, jobId: string)	RobloxScriptSecurity	RobloxScriptSecurity	Unsafe	
AvatarCreationService	PrepareAvatarForPreviewAsync	Function	(humanoidModel: Model) -> ()	None	None	Unsafe	yields,cap=AvatarAppearance
AvatarCreationService	PromptCreateAvatarAssetAsync	Function	(tokenId: string, player: Player, assetInstance: Instance, assetType: AvatarAssetType) -> Tuple	None	None	Unsafe	yields
AvatarCreationService	PromptCreateAvatarAsync	Function	(tokenId: string, player: Player, humanoidDescription: HumanoidDescription) -> Tuple	None	None	Unsafe	yields,cap=AssetCreateUpdate|Monetization
AvatarCreationService	PromptCreateMakeupAsync	Function	(player: Player, makeupAssetEntries: Array, thumbnailHeadColor: Color3? = nil) -> Tuple	None	None	Unsafe	yields,cap=AssetCreateUpdate|Monetization,undocumented
AvatarCreationService	PromptSelectAvatarGenerationImageAsync	Function	(player: Player) -> string	None	None	Unsafe	yields,cap=SensitiveInput
AvatarCreationService	ReplicateAvatarGenerationImageIdWithErrorType	Event	(fileId: string, errorType: int, errorMsg: string)	RobloxSecurity	RobloxSecurity	Unsafe	hidden
AvatarCreationService	ReplicateAvatarModel	Event	(id: string, success: bool, serializedModel: string, bufferTable: Dictionary)	RobloxSecurity	RobloxSecurity	Unsafe	hidden
AvatarCreationService	ReplicateAvatarPreviewUrl	Event	(id: string, downloadUrl: string)	RobloxSecurity	RobloxSecurity	Unsafe	hidden
AvatarCreationService	RequestAvatarGenerationImage	Event	()	RobloxSecurity	RobloxSecurity	Unsafe	hidden
AvatarCreationService	RequestAvatarGenerationSessionAsync	Function	(player: Player, callback: Function) -> Tuple	None	None	Unsafe	yields,cap=DynamicGeneration
AvatarCreationService	RequestAvatarModel	Event	(id: string)	RobloxSecurity	RobloxSecurity	Unsafe	hidden
AvatarCreationService	RequestAvatarPreviewUrl	Event	(id: string)	RobloxSecurity	RobloxSecurity	Unsafe	hidden
AvatarCreationService	UgcValidationFailure	Event	(guid: string, errorMessage: string)	RobloxScriptSecurity	RobloxScriptSecurity	Unsafe	
AvatarCreationService	UgcValidationSuccess	Event	(guid: string, serializedModel: string, price: int64)	RobloxScriptSecurity	RobloxScriptSecurity	Unsafe	
AvatarCreationService	ValidateUGCAccessoryAsync	Function	(player: Player, accessory: Instance, accessoryType: AccessoryType) -> Tuple	None	None	Unsafe	yields
AvatarCreationService	ValidateUGCBodyPartAsync	Function	(player: Player, instance: Instance, bodyPart: BodyPart) -> Tuple	None	None	Unsafe	yields
AvatarCreationService	ValidateUGCFullBodyAsync	Function	(player: Player, humanoidDescription: HumanoidDescription) -> Tuple	None	None	Unsafe	yields
AvatarEditorService	BustAvatarFetchCache	Function	() -> ()	RobloxScriptSecurity	RobloxScriptSecurity	Unsafe	
AvatarEditorService	CheckApplyDefaultClothing	Function	(humanoidDescription: HumanoidDescription) -> HumanoidDescription	None	None	Unsafe	yields,deprecated,prefer=CheckApplyDefaultClothingAsync,cap=AvatarAppearance
AvatarEditorService	CheckApplyDefaultClothingAsync	Function	(humanoidDescription: HumanoidDescription) -> HumanoidDescription	None	None	Unsafe	yields,cap=AvatarAppearance
AvatarEditorService	ConformToAvatarRules	Function	(humanoidDescription: HumanoidDescription) -> HumanoidDescription	None	None	Unsafe	yields,deprecated,prefer=ConformToAvatarRulesAsync,cap=AvatarAppearance
AvatarEditorService	ConformToAvatarRulesAsync	Function	(humanoidDescription: HumanoidDescription) -> HumanoidDescription	None	None	Unsafe	yields,cap=AvatarAppearance
AvatarEditorService	GetAccessoryType	Function	(avatarAssetType: AvatarAssetType) -> AccessoryType	None	None	Unsafe	
AvatarEditorService	GetAvatarRules	Function	() -> Dictionary	None	None	Unsafe	yields,deprecated,prefer=GetAvatarRulesAsync
AvatarEditorService	GetAvatarRulesAsync	Function	() -> Dictionary	None	None	Unsafe	yields
AvatarEditorService	GetBatchItemDetails	Function	(itemIds: Array, itemType: AvatarItemType) -> Array	None	None	Unsafe	yields,deprecated,prefer=GetBatchItemDetailsAsync,cap=AssetRead
AvatarEditorService	GetBatchItemDetailsAsync	Function	(itemIds: Array, itemType: AvatarItemType) -> Array	None	None	Unsafe	yields,cap=AssetRead
AvatarEditorService	GetBundlesByAssetIdAsync	Function	(assetId: int64, limit: int64 = 10) -> CatalogPages	None	None	Unsafe	yields,cap=AssetRead
AvatarEditorService	GetFavorite	Function	(itemId: int64, itemType: AvatarItemType) -> bool	None	None	Unsafe	yields,deprecated,prefer=GetFavoriteAsync,cap=Players|AssetRead
AvatarEditorService	GetFavoriteAsync	Function	(itemId: int64, itemType: AvatarItemType) -> bool	None	None	Unsafe	yields,cap=Players|AssetRead
AvatarEditorService	GetHeadShapesAsync	Function	() -> Array	None	None	Unsafe	yields,cap=Players|AssetRead
AvatarEditorService	GetInventory	Function	(assetTypes: Array) -> InventoryPages	None	None	Unsafe	yields,deprecated,prefer=GetInventoryAsync,cap=Players|AssetRead
AvatarEditorService	GetInventoryAsync	Function	(assetTypes: Array) -> InventoryPages	None	None	Unsafe	yields,cap=Players|AssetRead
AvatarEditorService	GetItemDetails	Function	(itemId: int64, itemType: AvatarItemType) -> Dictionary	None	None	Unsafe	yields,deprecated,prefer=GetItemDetailsAsync,cap=AssetRead
AvatarEditorService	GetItemDetailsAsync	Function	(itemId: int64, itemType: AvatarItemType) -> Dictionary	None	None	Unsafe	yields,cap=AssetRead
AvatarEditorService	GetOutfitDetails	Function	(outfitId: int64) -> Dictionary	None	None	Unsafe	yields,deprecated,prefer=GetOutfitDetailsAsync,cap=AssetRead
AvatarEditorService	GetOutfitDetailsAsync	Function	(outfitId: int64) -> Dictionary	None	None	Unsafe	yields,cap=AssetRead
AvatarEditorService	GetOutfits	Function	(outfitSource: OutfitSource = All, outfitType: OutfitType = All) -> OutfitPages	None	None	Unsafe	yields,deprecated,prefer=GetOutfitsAsync,cap=Players|AssetRead
AvatarEditorService	GetOutfitsAsync	Function	(outfitSource: OutfitSource = All, outfitType: OutfitType = All) -> OutfitPages	None	None	Unsafe	yields,cap=Players|AssetRead
AvatarEditorService	GetRecommendedAssets	Function	(assetType: AvatarAssetType, contextAssetId: int64 = 0) -> Array	None	None	Unsafe	yields,deprecated,prefer=GetRecommendedAssetsAsync,cap=AssetRead
AvatarEditorService	GetRecommendedAssetsAsync	Function	(assetType: AvatarAssetType, contextAssetId: int64 = 0) -> Array	None	None	Unsafe	yields,cap=AssetRead
AvatarEditorService	GetRecommendedBundles	Function	(bundleId: int64) -> Array	None	None	Unsafe	yields,deprecated,prefer=GetRecommendedBundlesAsync,cap=AssetRead
AvatarEditorService	GetRecommendedBundlesAsync	Function	(bundleId: int64) -> Array	None	None	Unsafe	yields,cap=AssetRead
AvatarEditorService	NoPromptApplyProfileConfiguration	Function	(profileConfiguration: Dictionary) -> bool	RobloxScriptSecurity	RobloxScriptSecurity	Unsafe	
AvatarEditorService	NoPromptCreateOutfit	Function	(humanoidDescription: HumanoidDescription, rigType: HumanoidRigType, name: string, gearAssetId: int64 = 0, outfitOptions: Dictionary = nil, outfitType: Variant) -> bool	RobloxScriptSecurity	RobloxScriptSecurity	Unsafe	
AvatarEditorService	NoPromptDeleteOutfit	Function	(outfitId: int64) -> bool	RobloxScriptSecurity	RobloxScriptSecurity	Unsafe	
AvatarEditorService	NoPromptRenameOutfit	Function	(outfitId: int64, name: string) -> bool	RobloxScriptSecurity	RobloxScriptSecurity	Unsafe	
AvatarEditorService	NoPromptSaveAvatar	Function	(humanoidDescription: HumanoidDescription, rigType: HumanoidRigType, saveDict: Dictionary, gearAssetId: int64 = 0, profileConfiguration: Dictionary = nil) -> bool	RobloxScriptSecurity	RobloxScriptSecurity	Unsafe	
AvatarEditorService	NoPromptSaveAvatarThumbnailCustomization	Function	(thumbnailType: AvatarThumbnailCustomizationType, emoteAssetId: int64, cameraDistanceScale: float, yRotDeg: float, fieldOfViewDeg: float = 0) -> bool	RobloxScriptSecurity	RobloxScriptSecurity	Unsafe	
AvatarEditorService	NoPromptSetFavorite	Function	(itemId: int64, itemType: AvatarItemType, shouldFavorite: bool) -> bool	RobloxScriptSecurity	RobloxScriptSecurity	Unsafe	
AvatarEditorService	NoPromptUpdateOutfit	Function	(outfitId: int64, humanoidDescription: HumanoidDescription, rigType: HumanoidRigType, gearAssetId: int64 = 0, outfitOptions: Dictionary = nil) -> bool	RobloxScriptSecurity	RobloxScriptSecurity	Unsafe	
AvatarEditorService	NotifyBustAvatarFetchCache	Event	()	RobloxSecurity	RobloxSecurity	Unsafe	hidden
AvatarEditorService	OpenAllowInventoryReadAccess	Event	()	RobloxScriptSecurity	RobloxScriptSecurity	Unsafe	
AvatarEditorService	OpenPromptCreateOufit	Event	(humanoidDescription: HumanoidDescription, rigType: HumanoidRigType)	RobloxScriptSecurity	RobloxScriptSecurity	Unsafe	
AvatarEditorService	OpenPromptDeleteOutfit	Event	(outfitId: int64)	RobloxScriptSecurity	RobloxScriptSecurity	Unsafe	
AvatarEditorService	OpenPromptRenameOutfit	Event	(outfitId: int64)	RobloxScriptSecurity	RobloxScriptSecurity	Unsafe	
AvatarEditorService	OpenPromptSaveAvatar	Event	(humanoidDescription: HumanoidDescription, rigType: HumanoidRigType)	RobloxScriptSecurity	RobloxScriptSecurity	Unsafe	
AvatarEditorService	OpenPromptSetFavorite	Event	(itemId: int64, itemType: AvatarItemType, shouldFavorite: bool)	RobloxScriptSecurity	RobloxScriptSecurity	Unsafe	
AvatarEditorService	OpenPromptUpdateOutfit	Event	(outfitId: int64, humanoidDescription: HumanoidDescription, rigType: HumanoidRigType)	RobloxScriptSecurity	RobloxScriptSecurity	Unsafe	
AvatarEditorService	PerformCreateOutfitWithDescription	Function	(humanoidDescription: HumanoidDescription, name: string, profileConfiguration: Dictionary = nil) -> ()	RobloxScriptSecurity	RobloxScriptSecurity	Unsafe	
AvatarEditorService	PerformDeleteOutfit	Function	() -> ()	RobloxScriptSecurity	RobloxScriptSecurity	Unsafe	
AvatarEditorService	PerformRenameOutfit	Function	(name: string) -> ()	RobloxScriptSecurity	RobloxScriptSecurity	Unsafe	
AvatarEditorService	PerformSaveAvatarWithDescription	Function	(humanoidDescription: HumanoidDescription, addedAssets: Array, removedAssets: Array) -> ()	RobloxScriptSecurity	RobloxScriptSecurity	Unsafe	
AvatarEditorService	PerformSetFavorite	Function	() -> ()	RobloxScriptSecurity	RobloxScriptSecurity	Unsafe	
AvatarEditorService	PerformUpdateOutfit	Function	(humanoidDescription: HumanoidDescription, profileConfiguration: Dictionary = nil) -> ()	RobloxScriptSecurity	RobloxScriptSecurity	Unsafe	
AvatarEditorService	PromptAllowInventoryReadAccess	Function	() -> ()	None	None	Unsafe	cap=Players|AssetRead
AvatarEditorService	PromptAllowInventoryReadAccessCompleted	Event	(result: AvatarPromptResult)	None	None	Unsafe	cap=Players|AssetRead
AvatarEditorService	PromptApplyProfileConfigurationCompleted	Event	(result: AvatarPromptResult)	RobloxScriptSecurity	RobloxScriptSecurity	Unsafe	
AvatarEditorService	PromptCreateOutfit	Function	(outfit: HumanoidDescription, rigType: HumanoidRigType, outfitOptions: Dictionary = nil, outfitType: Variant) -> ()	None	None	Unsafe	cap=Players|PlatformAvatarEditing
AvatarEditorService	PromptCreateOutfitCompleted	Event	(result: AvatarPromptResult, failureType: Variant)	None	None	Unsafe	cap=Players|PlatformAvatarEditing
AvatarEditorService	PromptDeleteOutfit	Function	(outfitId: int64) -> ()	None	None	Unsafe	cap=Players|PlatformAvatarEditing
AvatarEditorService	PromptDeleteOutfitCompleted	Event	(result: AvatarPromptResult)	None	None	Unsafe	cap=Players|PlatformAvatarEditing
AvatarEditorService	PromptRenameOutfit	Function	(outfitId: int64) -> ()	None	None	Unsafe	cap=Players|PlatformAvatarEditing
AvatarEditorService	PromptRenameOutfitCompleted	Event	(result: AvatarPromptResult)	None	None	Unsafe	cap=Players|PlatformAvatarEditing
AvatarEditorService	PromptSaveAvatar	Function	(humanoidDescription: HumanoidDescription, rigType: HumanoidRigType) -> ()	None	None	Unsafe	cap=Players|PlatformAvatarEditing
AvatarEditorService	PromptSaveAvatarCompleted	Event	(result: AvatarPromptResult, humanoidDescription: HumanoidDescription)	None	None	Unsafe	cap=Players|PlatformAvatarEditing
AvatarEditorService	PromptSaveAvatarThumbnailCustomizationCompleted	Event	(result: AvatarPromptResult, failureType: Variant)	RobloxScriptSecurity	RobloxScriptSecurity	Unsafe	
AvatarEditorService	PromptSetFavorite	Function	(itemId: int64, itemType: AvatarItemType, shouldFavorite: bool) -> ()	None	None	Unsafe	cap=Players|PlatformAvatarEditing
AvatarEditorService	PromptSetFavoriteCompleted	Event	(result: AvatarPromptResult)	None	None	Unsafe	cap=Players|PlatformAvatarEditing
AvatarEditorService	PromptUpdateOutfit	Function	(outfitId: int64, updatedOutfit: HumanoidDescription, rigType: HumanoidRigType) -> ()	None	None	Unsafe	cap=Players|PlatformAvatarEditing
AvatarEditorService	PromptUpdateOutfitCompleted	Event	(result: AvatarPromptResult)	None	None	Unsafe	cap=Players|PlatformAvatarEditing
AvatarEditorService	SearchCatalog	Function	(searchParameters: CatalogSearchParams) -> CatalogPages	None	None	Unsafe	yields,deprecated,prefer=SearchCatalogAsync,cap=AssetRead
AvatarEditorService	SearchCatalogAsync	Function	(searchParameters: CatalogSearchParams) -> CatalogPages	None	None	Unsafe	yields,cap=AssetRead
AvatarEditorService	SetAllowInventoryReadAccess	Function	(inventoryReadAccessGranted: bool) -> ()	RobloxScriptSecurity	RobloxScriptSecurity	Unsafe	
AvatarEditorService	SignalCreateOutfitFailed	Function	() -> ()	RobloxScriptSecurity	RobloxScriptSecurity	Unsafe	
AvatarEditorService	SignalCreateOutfitPermissionDenied	Function	() -> ()	RobloxScriptSecurity	RobloxScriptSecurity	Unsafe	
AvatarEditorService	SignalDeleteOutfitFailed	Function	() -> ()	RobloxScriptSecurity	RobloxScriptSecurity	Unsafe	
AvatarEditorService	SignalDeleteOutfitPermissionDenied	Function	() -> ()	RobloxScriptSecurity	RobloxScriptSecurity	Unsafe	
AvatarEditorService	SignalRenameOutfitFailed	Function	() -> ()	RobloxScriptSecurity	RobloxScriptSecurity	Unsafe	
AvatarEditorService	SignalRenameOutfitPermissionDenied	Function	() -> ()	RobloxScriptSecurity	RobloxScriptSecurity	Unsafe	
AvatarEditorService	SignalSaveAvatarFailed	Function	() -> ()	RobloxScriptSecurity	RobloxScriptSecurity	Unsafe	
AvatarEditorService	SignalSaveAvatarPermissionDenied	Function	() -> ()	RobloxScriptSecurity	RobloxScriptSecurity	Unsafe	
AvatarEditorService	SignalSetFavoriteFailed	Function	() -> ()	RobloxScriptSecurity	RobloxScriptSecurity	Unsafe	
AvatarEditorService	SignalSetFavoritePermissionDenied	Function	() -> ()	RobloxScriptSecurity	RobloxScriptSecurity	Unsafe	
AvatarEditorService	SignalUpdateOutfitFailed	Function	() -> ()	RobloxScriptSecurity	RobloxScriptSecurity	Unsafe	
AvatarEditorService	SignalUpdateOutfitPermissionDenied	Function	() -> ()	RobloxScriptSecurity	RobloxScriptSecurity	Unsafe	
AvatarEditorService	refreshAvatarThumbnails	Function	(thumbnailTypes: Array) -> ()	RobloxScriptSecurity	RobloxScriptSecurity	Unsafe	
AvatarImportService	ImportFBXAnimationFromFilePathUserMayChooseModel	Function	(fbxFilePath: string, selectedRig: Instance, userChooseModelThenImportCB: Function) -> Instance	RobloxScriptSecurity	RobloxScriptSecurity	Unsafe	yields
AvatarImportService	ImportFBXAnimationUserMayChooseModel	Function	(selectedRig: Instance, userChooseModelThenImportCB: Function) -> Instance	RobloxScriptSecurity	RobloxScriptSecurity	Unsafe	yields
AvatarImportService	ImportFbxRigWithoutSceneLoad	Function	(isR15: bool = true) -> Instance	RobloxScriptSecurity	RobloxScriptSecurity	Unsafe	yields
AvatarImportService	ImportLoadedFBXAnimation	Function	(useFBXModel: bool) -> Instance	RobloxScriptSecurity	RobloxScriptSecurity	Unsafe	yields
AvatarImportService	LoadRigAndDetectType	Function	(promptR15Callback: Function) -> Instance	RobloxScriptSecurity	RobloxScriptSecurity	Unsafe	yields
AvatarRules	AvatarType	Property	GameAvatarType	RobloxScriptSecurity	RobloxScriptSecurity	ReadSafe	
AvatarSettings	Discard	Function	() -> ()	RobloxScriptSecurity	RobloxScriptSecurity	Unsafe	
AvatarSettings	DiscardRequested	Event	()	RobloxSecurity	RobloxSecurity	Unsafe	hidden
AvatarSettings	Loaded	Property	bool	RobloxScriptSecurity	NotAccessibleSecurity	ReadSafe	
AvatarSettings	Publish	Function	() -> ()	RobloxScriptSecurity	RobloxScriptSecurity	Unsafe	
AvatarSettings	RefreshPluginState	Event	()	RobloxScriptSecurity	RobloxScriptSecurity	Unsafe	
BackpackItem	TextureContent	Property	Content	None	None	ReadSafe	
BackpackItem	TextureId	Property	ContentId	None	None	ReadSafe	
BadgeService	AwardBadge	Function	(userId: User, badgeId: int64) -> bool	None	None	Unsafe	yields,deprecated,prefer=AwardBadgeAsync,cap=AssetManagement
BadgeService	AwardBadgeAsync	Function	(userId: User, badgeId: int64) -> bool	None	None	Unsafe	yields,cap=AssetManagement
BadgeService	BadgeAwarded	Event	(message: string, userId: int64, badgeId: int64)	RobloxScriptSecurity	RobloxScriptSecurity	Unsafe	cap=AssetManagement
BadgeService	CheckUserBadgesAsync	Function	(userId: User, badgeIds: Array) -> Array	None	None	Unsafe	yields,cap=AssetManagement
BadgeService	GetBadgeInfoAsync	Function	(badgeId: int64) -> Dictionary	None	None	Unsafe	yields,cap=AssetManagement
BadgeService	GetUserBadgesAsync	Function	(userId: User, badgeIds: Array) -> Array	None	None	Unsafe	yields,cap=AssetManagement
BadgeService	IsDisabled	Function	(badgeId: int64) -> bool	None	None	Unsafe	yields,deprecated,cap=AssetManagement
BadgeService	IsLegal	Function	(badgeId: int64) -> bool	None	None	Unsafe	yields,deprecated,cap=AssetManagement
BadgeService	OnBadgeAwarded	Event	(userId: int64, creatorId: int64, badgeId: int64)	RobloxScriptSecurity	RobloxScriptSecurity	Unsafe	cap=AssetManagement
BadgeService	UserHasBadge	Function	(userId: User, badgeId: int64) -> bool	None	None	Unsafe	yields,deprecated,cap=AssetManagement
BadgeService	UserHasBadgeAsync	Function	(userId: User, badgeId: int64) -> bool	None	None	Unsafe	yields,cap=AssetManagement
BallSocketConstraint	EnableSkinning	Property	bool	RobloxScriptSecurity	RobloxScriptSecurity	ReadSafe	hidden,cap=Physics
BallSocketConstraint	LimitsEnabled	Property	bool	None	None	ReadSafe	sim,cap=Physics
BallSocketConstraint	MaxFrictionTorque	Property	float	None	None	ReadSafe	sim,cap=Physics
BallSocketConstraint	MaxFrictionTorqueXml	Property	float	None	None	ReadSafe	hidden,notreplicated,notscriptable,sim,cap=Physics
BallSocketConstraint	Radius	Property	float	None	None	ReadSafe	sim,cap=Physics
BallSocketConstraint	Restitution	Property	float	None	None	ReadSafe	sim,cap=Physics
BallSocketConstraint	TwistLimitsEnabled	Property	bool	None	None	ReadSafe	sim,cap=Physics
BallSocketConstraint	TwistLowerAngle	Property	float	None	None	ReadSafe	sim,cap=Physics
BallSocketConstraint	TwistUpperAngle	Property	float	None	None	ReadSafe	sim,cap=Physics
BallSocketConstraint	UpperAngle	Property	float	None	None	ReadSafe	sim,cap=Physics
BaseCoreGuiConfiguration	Enabled	Property	bool	None	None	ReadSafe	
BaseImportData	CreatePresetFromData	Function	() -> Dictionary	RobloxScriptSecurity	RobloxScriptSecurity	Unsafe	
BaseImportData	GetPreview	Function	() -> Instance	RobloxScriptSecurity	RobloxScriptSecurity	Unsafe	
BaseImportData	GetStatuses	Function	() -> Dictionary	RobloxScriptSecurity	RobloxScriptSecurity	Unsafe	
BaseImportData	Id	Property	string	None	None	ReadSafe	readonly,notreplicated,undocumented
BaseImportData	ImportName	Property	string	None	None	ReadSafe	undocumented
BaseImportData	ShouldImport	Property	bool	None	None	ReadSafe	undocumented
BaseImportData	StatusRemoved	Event	(status: Dictionary)	None	None	Unsafe	undocumented
BaseImportData	StatusReported	Event	(status: Dictionary)	None	None	Unsafe	undocumented
BasePart	Anchored	Property	bool	None	None	ReadSafe	sim
BasePart	AngularAccelerationToTorque	Function	(angAcceleration: Vector3, angVelocity: Vector3 = 0, 0, 0) -> Vector3	None	None	Unsafe	sim
BasePart	ApplyAngularImpulse	Function	(impulse: Vector3) -> ()	None	None	Unsafe	sim
BasePart	ApplyImpulse	Function	(impulse: Vector3) -> ()	None	None	Unsafe	sim
BasePart	ApplyImpulseAtPosition	Function	(impulse: Vector3, position: Vector3) -> ()	None	None	Unsafe	sim
BasePart	AssemblyAngularVelocity	Property	Vector3	None	None	ReadSafe	notreplicated,sim
BasePart	AssemblyCenterOfMass	Property	Vector3	None	None	ReadSafe	readonly,notreplicated,sim
BasePart	AssemblyLinearVelocity	Property	Vector3	None	None	ReadSafe	notreplicated,sim
BasePart	AssemblyMass	Property	float	None	None	ReadSafe	readonly,notreplicated,sim
BasePart	AssemblyRootPart	Property	BasePart	None	None	ReadSafe	readonly,notreplicated,sim
BasePart	AudioCanCollide	Property	bool	None	None	ReadSafe	sim
BasePart	BackParamA	Property	float	None	None	ReadSafe	hidden,deprecated
BasePart	BackParamB	Property	float	None	None	ReadSafe	hidden,deprecated
BasePart	BackSurface	Property	SurfaceType	None	None	ReadSafe	
BasePart	BackSurfaceInput	Property	InputType	None	None	ReadSafe	hidden,deprecated
BasePart	BindToCollisionSummaries	Function	(callback: Function) -> RBXScriptConnection	None	None	Unsafe	cap=Basic,undocumented
BasePart	BottomParamA	Property	float	None	None	ReadSafe	hidden,deprecated
BasePart	BottomParamB	Property	float	None	None	ReadSafe	hidden,deprecated
BasePart	BottomSurface	Property	SurfaceType	None	None	ReadSafe	
BasePart	BottomSurfaceInput	Property	InputType	None	None	ReadSafe	hidden,deprecated
BasePart	BreakJoints	Function	() -> ()	None	None	Unsafe	deprecated,sim
BasePart	BrickColor	Property	BrickColor	None	None	ReadSafe	notreplicated
BasePart	CFrame	Property	CFrame	None	None	ReadSafe	sim
BasePart	CanCollide	Property	bool	None	None	ReadSafe	sim
BasePart	CanCollideWith	Function	(part: BasePart) -> bool	None	None	Safe	sim
BasePart	CanQuery	Property	bool	None	None	ReadSafe	sim
BasePart	CanSetNetworkOwnership	Function	() -> Tuple	None	None	Unsafe	sim
BasePart	CanTouch	Property	bool	None	None	ReadSafe	sim
BasePart	CastShadow	Property	bool	None	None	ReadSafe	
BasePart	CenterOfMass	Property	Vector3	None	None	ReadSafe	readonly,notreplicated,sim
BasePart	CollisionGroup	Property	string	None	None	ReadSafe	notreplicated,sim
BasePart	CollisionGroupId	Property	int	None	None	ReadSafe	notreplicated,deprecated,prefer=CollisionGroup,sim
BasePart	CollisionGroupReplicate	Property	string	RobloxScriptSecurity	RobloxScriptSecurity	ReadSafe	hidden,notscriptable
BasePart	Color	Property	Color3	None	None	ReadSafe	notreplicated
BasePart	Color3uint8	Property	Color3uint8	None	None	ReadSafe	hidden,notscriptable
BasePart	CurrentPhysicalProperties	Property	PhysicalProperties	None	None	ReadSafe	readonly,notreplicated
BasePart	CustomPhysicalProperties	Property	PhysicalProperties	None	None	ReadSafe	sim
BasePart	DraggingV1	Property	bool	None	None	ReadSafe	hidden,notscriptable
BasePart	Elasticity	Property	float	None	None	ReadSafe	hidden,notreplicated,deprecated
BasePart	EnableFluidForces	Property	bool	None	None	ReadSafe	sim
BasePart	ExtentsCFrame	Property	CFrame	None	None	ReadSafe	readonly,notreplicated,sim
BasePart	ExtentsSize	Property	Vector3	None	None	ReadSafe	readonly,notreplicated,sim
BasePart	Friction	Property	float	None	None	ReadSafe	hidden,notreplicated,deprecated
BasePart	FrontParamA	Property	float	None	None	ReadSafe	hidden,deprecated
BasePart	FrontParamB	Property	float	None	None	ReadSafe	hidden,deprecated
BasePart	FrontSurface	Property	SurfaceType	None	None	ReadSafe	
BasePart	FrontSurfaceInput	Property	InputType	None	None	ReadSafe	hidden,deprecated
BasePart	GetClosestPointOnSurface	Function	(position: Vector3) -> Vector3	None	None	Unsafe	sim
BasePart	GetConnectedParts	Function	(recursive: bool = false) -> Instances	None	None	Safe	
BasePart	GetJoints	Function	() -> Instances	None	None	Safe	sim
BasePart	GetMass	Function	() -> float	None	None	Safe	sim
BasePart	GetNetworkOwner	Function	() -> Instance	None	None	Safe	sim
BasePart	GetNetworkOwnershipAuto	Function	() -> bool	None	None	Safe	sim
BasePart	GetNoCollisionConstraints	Function	() -> Instances	None	None	Unsafe	sim
BasePart	GetPhysicsCost	Function	() -> float	RobloxScriptSecurity	RobloxScriptSecurity	Safe	
BasePart	GetRenderCFrame	Function	() -> CFrame	None	None	Unsafe	deprecated
BasePart	GetRootPart	Function	() -> Instance	None	None	Safe	deprecated,prefer=AssemblyRootPart,sim
BasePart	GetTouchingParts	Function	() -> Instances	None	None	Unsafe	sim
BasePart	GetVelocityAtPosition	Function	(position: Vector3) -> Vector3	None	None	Safe	sim
BasePart	IntersectAsync	Function	(parts: Instances, collisionfidelity: CollisionFidelity = Default, renderFidelity: RenderFidelity = Automatic) -> Instance	None	None	Unsafe	yields,cap=CSG
BasePart	IsGrounded	Function	() -> bool	None	None	Safe	sim
BasePart	LeftParamA	Property	float	None	None	ReadSafe	hidden,deprecated
BasePart	LeftParamB	Property	float	None	None	ReadSafe	hidden,deprecated
BasePart	LeftSurface	Property	SurfaceType	None	None	ReadSafe	
BasePart	LeftSurfaceInput	Property	InputType	None	None	ReadSafe	hidden,deprecated
BasePart	LocalSimulationTouched	Event	(part: BasePart)	None	None	Unsafe	deprecated
BasePart	LocalTransparencyModifier	Property	float	None	None	ReadSafe	hidden,notreplicated
BasePart	Locked	Property	bool	None	None	ReadSafe	sim
BasePart	MakeJoints	Function	() -> ()	None	None	Unsafe	deprecated
BasePart	Mass	Property	float	None	None	ReadSafe	readonly,notreplicated,sim
BasePart	Massless	Property	bool	None	None	ReadSafe	sim
BasePart	Material	Property	Material	None	None	ReadSafe	sim
BasePart	MaterialVariant	Property	string	None	None	ReadSafe	notreplicated,sim
BasePart	MaterialVariantSerialized	Property	string	None	None	ReadSafe	hidden,notscriptable
BasePart	NetworkIsSleeping	Property	bool	None	None	ReadSafe	hidden,notscriptable
BasePart	NetworkOwnerChanged	Event	(systemAddress: SystemAddress)	LocalUserSecurity	LocalUserSecurity	Unsafe	hidden
BasePart	NetworkOwnerV3	Property	SystemAddress	None	None	ReadSafe	hidden,notscriptable
BasePart	NetworkOwnershipRule	Property	NetworkOwnership	None	None	ReadSafe	hidden,notscriptable
BasePart	Orientation	Property	Vector3	None	None	ReadSafe	hidden,notreplicated,sim
BasePart	OutfitChanged	Event	()	None	None	Unsafe	deprecated
BasePart	PhysicsRepRootPart	Property	BasePart	RobloxSecurity	RobloxSecurity	ReadSafe	hidden,notscriptable
BasePart	PhysicsRepRootRef	Property	InstanceRef	RobloxSecurity	RobloxSecurity	ReadSafe	hidden,notscriptable
BasePart	PivotOffset	Property	CFrame	None	None	ReadSafe	sim
BasePart	Position	Property	Vector3	None	None	ReadSafe	hidden,notreplicated,sim
BasePart	ReceiveAge	Property	float	None	None	ReadSafe	hidden,readonly,notreplicated
BasePart	Reflectance	Property	float	None	None	ReadSafe	
BasePart	ReplicationPV	Property	ReplicationPV	RobloxSecurity	RobloxSecurity	ReadSafe	hidden,notscriptable
BasePart	Resize	Function	(normalId: NormalId, deltaAmount: int) -> bool	None	None	Unsafe	sim
BasePart	ResizeIncrement	Property	int	None	None	ReadSafe	readonly,notreplicated
BasePart	ResizeableFaces	Property	Faces	None	None	ReadSafe	readonly,notreplicated
BasePart	RightParamA	Property	float	None	None	ReadSafe	hidden,deprecated
BasePart	RightParamB	Property	float	None	None	ReadSafe	hidden,deprecated
BasePart	RightSurface	Property	SurfaceType	None	None	ReadSafe	
BasePart	RightSurfaceInput	Property	InputType	None	None	ReadSafe	hidden,deprecated
BasePart	RootPriority	Property	int	None	None	ReadSafe	
BasePart	RotVelocity	Property	Vector3	None	None	ReadSafe	hidden,deprecated,prefer=AssemblyAngularVelocity,sim
BasePart	Rotation	Property	Vector3	None	None	ReadSafe	notreplicated,sim
BasePart	SetNetworkOwner	Function	(playerInstance: Player = nil) -> ()	None	None	Unsafe	sim
BasePart	SetNetworkOwnershipAuto	Function	() -> ()	None	None	Unsafe	sim
BasePart	Size	Property	Vector3	None	None	ReadSafe	notreplicated,sim
BasePart	SpecificGravity	Property	float	None	None	ReadSafe	readonly,notreplicated,deprecated,prefer=SpecificGravity
BasePart	StoppedTouching	Event	(otherPart: BasePart)	None	None	Unsafe	deprecated,prefer=TouchEnded
BasePart	SubtractAsync	Function	(parts: Instances, collisionfidelity: CollisionFidelity = Default, renderFidelity: RenderFidelity = Automatic) -> Instance	None	None	Unsafe	yields,cap=CSG
BasePart	TopParamA	Property	float	None	None	ReadSafe	hidden,deprecated
BasePart	TopParamB	Property	float	None	None	ReadSafe	hidden,deprecated
BasePart	TopSurface	Property	SurfaceType	None	None	ReadSafe	
BasePart	TopSurfaceInput	Property	InputType	None	None	ReadSafe	hidden,deprecated
BasePart	TorqueToAngularAcceleration	Function	(torque: Vector3, angVelocity: Vector3 = 0, 0, 0) -> Vector3	None	None	Unsafe	sim
BasePart	TouchEnded	Event	(otherPart: BasePart)	None	None	Unsafe	
BasePart	Touched	Event	(otherPart: BasePart)	None	None	Unsafe	
BasePart	Transparency	Property	float	None	None	ReadSafe	
BasePart	UnionAsync	Function	(parts: Instances, collisionfidelity: CollisionFidelity = Default, renderFidelity: RenderFidelity = Automatic) -> Instance	None	None	Unsafe	yields,cap=CSG
BasePart	Velocity	Property	Vector3	None	None	ReadSafe	hidden,deprecated,prefer=AssemblyLinearVelocity,sim
BasePart	breakJoints	Function	() -> ()	None	None	Unsafe	deprecated,prefer=BreakJoints
BasePart	brickColor	Property	BrickColor	None	None	ReadSafe	notreplicated,deprecated,prefer=BrickColor
BasePart	getMass	Function	() -> float	None	None	Unsafe	deprecated,prefer=GetMass
BasePart	makeJoints	Function	() -> ()	None	None	Unsafe	deprecated
BasePart	resize	Function	(normalId: NormalId, deltaAmount: int) -> bool	None	None	Unsafe	deprecated,prefer=Resize
BasePart	siz	Property	Vector3	None	None	ReadSafe	hidden,writeonly,notreplicated,notscriptable
BasePart	size	Property	Vector3	None	None	ReadSafe	hidden,notscriptable
BasePlayerGui	GetGuiObjectsAtPosition	Function	(x: int, y: int) -> Instances	None	None	Unsafe	cap=UI
BasePlayerGui	GetGuiObjectsInCircle	Function	(position: Vector2, radius: float) -> Instances	RobloxScriptSecurity	RobloxScriptSecurity	Unsafe	cap=UI
BaseScript	Disabled	Property	bool	None	None	ReadSafe	
BaseScript	Enabled	Property	bool	None	None	ReadSafe	notreplicated
BaseScript	LinkedSource	Property	ContentId	None	None	ReadSafe	deprecated,cap=LoadUnownedAsset
BaseScript	RunContext	Property	RunContext	None	PluginSecurity	ReadSafe	
BaseWrap	CageMeshContent	Property	Content	None	PluginSecurity	ReadSafe	cap=AvatarAppearance
BaseWrap	CageMeshId	Property	ContentId	None	PluginSecurity	ReadSafe	cap=AvatarAppearance
BaseWrap	CageOrigin	Property	CFrame	None	PluginSecurity	ReadSafe	cap=AvatarAppearance
BaseWrap	CageOriginWorld	Property	CFrame	None	None	ReadSafe	readonly,notreplicated,cap=AvatarAppearance
BaseWrap	GetCageOffset	Function	() -> Vector3	RobloxScriptSecurity	RobloxScriptSecurity	Unsafe	cap=AvatarAppearance
BaseWrap	GetFaces	Function	(cageType: CageType) -> Array	RobloxScriptSecurity	RobloxScriptSecurity	Unsafe	cap=AvatarAppearance
BaseWrap	GetUVs	Function	(cageType: CageType) -> Array	RobloxScriptSecurity	RobloxScriptSecurity	Unsafe	cap=AvatarAppearance
BaseWrap	GetVertices	Function	(cageType: CageType) -> Array	RobloxScriptSecurity	RobloxScriptSecurity	Unsafe	cap=AvatarAppearance
BaseWrap	HSRAssetId	Property	ContentId	RobloxScriptSecurity	RobloxSecurity	ReadSafe	cap=AvatarAppearance
BaseWrap	HSRContent	Property	Content	RobloxScriptSecurity	RobloxSecurity	ReadSafe	cap=AvatarAppearance
BaseWrap	HSRData	Property	SharedString	RobloxSecurity	RobloxSecurity	ReadSafe	hidden,notscriptable,cap=AvatarAppearance
BaseWrap	HSRMeshIdData	Property	SharedString	RobloxSecurity	RobloxSecurity	ReadSafe	hidden,notscriptable,cap=AvatarAppearance
BaseWrap	ImportInProcess	Property	bool	None	RobloxScriptSecurity	ReadSafe	hidden,notscriptable,cap=AvatarAppearance
BaseWrap	ImportOrigin	Property	CFrame	None	PluginSecurity	ReadSafe	cap=AvatarAppearance
BaseWrap	ImportOriginWorld	Property	CFrame	None	None	ReadSafe	readonly,notreplicated,cap=AvatarAppearance
BaseWrap	IsHSRReady	Function	() -> bool	RobloxScriptSecurity	RobloxScriptSecurity	Unsafe	cap=AvatarAppearance
BaseWrap	ModifyVertices	Function	(cageType: CageType, vertices: Array) -> ()	RobloxScriptSecurity	RobloxScriptSecurity	Unsafe	cap=AvatarAppearance
BaseWrap	TemporaryCageMeshContent	Property	Content	RobloxSecurity	RobloxSecurity	ReadSafe	hidden,notscriptable,cap=AvatarAppearance
BaseWrap	TemporaryCageMeshId	Property	ContentId	RobloxSecurity	RobloxSecurity	ReadSafe	hidden,notscriptable,cap=AvatarAppearance
BaseWrap	VerticesModified	Event	(vertices: Array)	RobloxScriptSecurity	RobloxScriptSecurity	Unsafe	cap=AvatarAppearance
Beam	Attachment0	Property	Attachment	None	None	ReadSafe	cap=Basic
Beam	Attachment1	Property	Attachment	None	None	ReadSafe	cap=Basic
Beam	Brightness	Property	float	None	None	ReadSafe	cap=Basic
Beam	Color	Property	ColorSequence	None	None	ReadSafe	cap=Basic
Beam	CurveSize0	Property	float	None	None	ReadSafe	cap=Basic
Beam	CurveSize1	Property	float	None	None	ReadSafe	cap=Basic
Beam	Enabled	Property	bool	None	None	ReadSafe	cap=Basic
Beam	FaceCamera	Property	bool	None	None	ReadSafe	cap=Basic
Beam	LightEmission	Property	float	None	None	ReadSafe	cap=Basic
Beam	LightInfluence	Property	float	None	None	ReadSafe	cap=Basic
Beam	LocalTransparencyModifier	Property	float	None	None	ReadSafe	hidden,notreplicated,cap=Basic
Beam	Segments	Property	int	None	None	ReadSafe	cap=Basic
Beam	SetTextureOffset	Function	(offset: float = 0) -> ()	None	None	Unsafe	cap=Basic
Beam	Texture	Property	ContentId	None	None	ReadSafe	cap=Basic
Beam	TextureContent	Property	Content	None	None	ReadSafe	cap=Basic
Beam	TextureLength	Property	float	None	None	ReadSafe	cap=Basic
Beam	TextureMode	Property	TextureMode	None	None	ReadSafe	cap=Basic
Beam	TextureSpeed	Property	float	None	None	ReadSafe	cap=Basic
Beam	Transparency	Property	NumberSequence	None	None	ReadSafe	cap=Basic
Beam	Width0	Property	float	None	None	ReadSafe	cap=Basic
Beam	Width1	Property	float	None	None	ReadSafe	cap=Basic
Beam	ZOffset	Property	float	None	None	ReadSafe	cap=Basic
BevelMesh	Bevel	Property	float	None	None	ReadSafe	hidden,notscriptable,cap=Basic
BevelMesh	Bevel Roundness	Property	float	None	None	ReadSafe	hidden,notscriptable,cap=Basic
BevelMesh	Bulge	Property	float	None	None	ReadSafe	hidden,notscriptable,cap=Basic
BillboardGui	Active	Property	bool	None	None	ReadSafe	cap=UI
BillboardGui	Adornee	Property	Instance	None	None	ReadSafe	cap=UI
BillboardGui	AlwaysOnTop	Property	bool	None	None	ReadSafe	cap=UI
BillboardGui	Brightness	Property	float	None	None	ReadSafe	cap=UI
BillboardGui	ClipsDescendants	Property	bool	None	None	ReadSafe	cap=UI
BillboardGui	CurrentDistance	Property	float	None	None	ReadSafe	readonly,notreplicated,cap=UI
BillboardGui	DistanceLowerLimit	Property	float	None	None	ReadSafe	deprecated,cap=UI
BillboardGui	DistanceStep	Property	float	None	None	ReadSafe	notreplicated,cap=UI
BillboardGui	DistanceUpperLimit	Property	float	None	None	ReadSafe	deprecated,cap=UI
BillboardGui	ExtentsOffset	Property	Vector3	None	None	ReadSafe	cap=UI
BillboardGui	ExtentsOffsetWorldSpace	Property	Vector3	None	None	ReadSafe	cap=UI
BillboardGui	GetScreenSpaceBounds	Function	() -> Variant	RobloxScriptSecurity	RobloxScriptSecurity	Unsafe	cap=UI
BillboardGui	LightInfluence	Property	float	None	None	ReadSafe	cap=UI
BillboardGui	MaxDistance	Property	float	None	None	ReadSafe	cap=UI
BillboardGui	PlayerToHideFrom	Property	Instance	None	None	ReadSafe	cap=UI
BillboardGui	Size	Property	UDim2	None	None	ReadSafe	cap=UI
BillboardGui	SizeOffset	Property	Vector2	None	None	ReadSafe	cap=UI
BillboardGui	StudsOffset	Property	Vector3	None	None	ReadSafe	cap=UI
BillboardGui	StudsOffsetWorldSpace	Property	Vector3	None	None	ReadSafe	cap=UI
BinaryStringValue	Changed	Event	(value: BinaryString)	None	None	Unsafe	
BinaryStringValue	Value	Property	BinaryString	None	None	ReadSafe	hidden,notscriptable,sim
BindableEvent	Event	Event	(arguments: Tuple)	None	None	Unsafe	
BindableEvent	Fire	Function	(arguments: Tuple) -> ()	None	None	Safe	
BindableFunction	Invoke	Function	(arguments: Tuple) -> Tuple	None	None	Unsafe	yields
BindableFunction	OnInvoke	Callback	(arguments: Tuple) -> Tuple	None	None	Unsafe	
BloomEffect	Intensity	Property	float	None	None	ReadSafe	cap=Environment
BloomEffect	Size	Property	float	None	None	ReadSafe	cap=Environment
BloomEffect	Threshold	Property	float	None	None	ReadSafe	cap=Environment
BlurEffect	Size	Property	float	None	None	ReadSafe	cap=Environment
BodyAngularVelocity	AngularVelocity	Property	Vector3	None	None	ReadSafe	cap=Physics
BodyAngularVelocity	MaxTorque	Property	Vector3	None	None	ReadSafe	cap=Physics
BodyAngularVelocity	P	Property	float	None	None	ReadSafe	cap=Physics
BodyAngularVelocity	angularvelocity	Property	Vector3	None	None	ReadSafe	notreplicated,deprecated,prefer=AngularVelocity,cap=Physics
BodyAngularVelocity	maxTorque	Property	Vector3	None	None	ReadSafe	notreplicated,deprecated,prefer=MaxTorque,cap=Physics
BodyColors	HeadColor	Property	BrickColor	None	None	ReadSafe	cap=AvatarAppearance
BodyColors	HeadColor3	Property	Color3	None	None	ReadSafe	cap=AvatarAppearance
BodyColors	LeftArmColor	Property	BrickColor	None	None	ReadSafe	cap=AvatarAppearance
BodyColors	LeftArmColor3	Property	Color3	None	None	ReadSafe	cap=AvatarAppearance
BodyColors	LeftLegColor	Property	BrickColor	None	None	ReadSafe	cap=AvatarAppearance
BodyColors	LeftLegColor3	Property	Color3	None	None	ReadSafe	cap=AvatarAppearance
BodyColors	RightArmColor	Property	BrickColor	None	None	ReadSafe	cap=AvatarAppearance
BodyColors	RightArmColor3	Property	Color3	None	None	ReadSafe	cap=AvatarAppearance
BodyColors	RightLegColor	Property	BrickColor	None	None	ReadSafe	cap=AvatarAppearance
BodyColors	RightLegColor3	Property	Color3	None	None	ReadSafe	cap=AvatarAppearance
BodyColors	TorsoColor	Property	BrickColor	None	None	ReadSafe	cap=AvatarAppearance
BodyColors	TorsoColor3	Property	Color3	None	None	ReadSafe	cap=AvatarAppearance
BodyForce	Force	Property	Vector3	None	None	ReadSafe	cap=Physics
BodyForce	force	Property	Vector3	None	None	ReadSafe	notreplicated,deprecated,prefer=Force,cap=Physics
BodyGyro	CFrame	Property	CFrame	None	None	ReadSafe	cap=Physics
BodyGyro	D	Property	float	None	None	ReadSafe	cap=Physics
BodyGyro	MaxTorque	Property	Vector3	None	None	ReadSafe	cap=Physics
BodyGyro	P	Property	float	None	None	ReadSafe	cap=Physics
BodyGyro	cframe	Property	CFrame	None	None	ReadSafe	notreplicated,deprecated,prefer=CFrame,cap=Physics
BodyGyro	maxTorque	Property	Vector3	None	None	ReadSafe	notreplicated,deprecated,prefer=MaxTorque,cap=Physics
BodyPartDescription	AssetId	Property	int64	None	None	ReadSafe	cap=AvatarAppearance
BodyPartDescription	BodyPart	Property	BodyPart	None	None	ReadSafe	cap=AvatarAppearance
BodyPartDescription	Color	Property	Color3	None	None	ReadSafe	cap=AvatarAppearance
BodyPartDescription	HeadShape	Property	string	None	None	ReadSafe	cap=AvatarAppearance
BodyPartDescription	Instance	Property	Instance	None	None	ReadSafe	cap=AvatarAppearance
BodyPosition	D	Property	float	None	None	ReadSafe	cap=Physics
BodyPosition	GetLastForce	Function	() -> Vector3	None	None	Unsafe	cap=Physics
BodyPosition	MaxForce	Property	Vector3	None	None	ReadSafe	cap=Physics
BodyPosition	P	Property	float	None	None	ReadSafe	cap=Physics
BodyPosition	Position	Property	Vector3	None	None	ReadSafe	cap=Physics
BodyPosition	ReachedTarget	Event	()	None	None	Unsafe	cap=Physics
BodyPosition	lastForce	Function	() -> Vector3	None	None	Unsafe	deprecated,prefer=GetLastForce,cap=Physics
BodyPosition	maxForce	Property	Vector3	None	None	ReadSafe	notreplicated,deprecated,prefer=MaxForce,cap=Physics
BodyPosition	position	Property	Vector3	None	None	ReadSafe	notreplicated,deprecated,prefer=Position,cap=Physics
BodyThrust	Force	Property	Vector3	None	None	ReadSafe	cap=Physics
BodyThrust	Location	Property	Vector3	None	None	ReadSafe	cap=Physics
BodyThrust	force	Property	Vector3	None	None	ReadSafe	notreplicated,deprecated,prefer=Force,cap=Physics
BodyThrust	location	Property	Vector3	None	None	ReadSafe	notreplicated,deprecated,prefer=Location,cap=Physics
BodyVelocity	GetLastForce	Function	() -> Vector3	None	None	Unsafe	cap=Physics
BodyVelocity	MaxForce	Property	Vector3	None	None	ReadSafe	cap=Physics
BodyVelocity	P	Property	float	None	None	ReadSafe	cap=Physics
BodyVelocity	Velocity	Property	Vector3	None	None	ReadSafe	cap=Physics
BodyVelocity	lastForce	Function	() -> Vector3	None	None	Unsafe	cap=Physics
BodyVelocity	maxForce	Property	Vector3	None	None	ReadSafe	notreplicated,deprecated,prefer=MaxForce,cap=Physics
BodyVelocity	velocity	Property	Vector3	None	None	ReadSafe	notreplicated,deprecated,prefer=Velocity,cap=Physics
Bone	Transform	Property	CFrame	None	None	ReadSafe	notreplicated,cap=Animation|Basic
Bone	TransformedCFrame	Property	CFrame	None	None	ReadSafe	hidden,readonly,notreplicated,cap=Animation|Basic
Bone	TransformedWorldCFrame	Property	CFrame	None	None	Unsafe	readonly,notreplicated,cap=Animation|Basic
BoolValue	Changed	Event	(value: bool)	None	None	Unsafe	
BoolValue	Value	Property	bool	None	None	ReadSafe	sim
BoolValue	changed	Event	(value: bool)	None	None	Unsafe	deprecated,prefer=Changed
BoxHandleAdornment	Shading	Property	AdornShading	None	None	ReadSafe	cap=Basic|UI
BoxHandleAdornment	Size	Property	Vector3	None	None	ReadSafe	cap=Basic|UI
BranchService	ArchiveBranchAsync	Function	(branchPlaceId: int64) -> ()	RobloxScriptSecurity	RobloxScriptSecurity	Unsafe	yields
BranchService	CompleteMerge	Function	() -> ()	RobloxScriptSecurity	RobloxScriptSecurity	Unsafe	
BranchService	CreateBranchAsync	Function	(sourcePlaceId: int64, sourceVersionNumber: int64, name: string) -> Dictionary	RobloxScriptSecurity	RobloxScriptSecurity	Unsafe	yields
BranchService	GetBranchesAsync	Function	(placeId: int64, archived: bool) -> Dictionary	RobloxScriptSecurity	RobloxScriptSecurity	Unsafe	yields
BranchService	GetDiffAsync	Function	(placeId: int64, baseVersion: int64, targetVersion: int64) -> DataModelDiff	RobloxScriptSecurity	RobloxScriptSecurity	Unsafe	yields
BranchService	GetInstanceConflicts	Function	() -> Array	RobloxScriptSecurity	RobloxScriptSecurity	Unsafe	
BranchService	GetMergeChanges	Function	() -> DataModelDiff	RobloxScriptSecurity	RobloxScriptSecurity	Unsafe	
BranchService	GetMergeResolution	Function	(identity: ScopedInstanceIdentity, propName: string?) -> MergeResolution	RobloxScriptSecurity	RobloxScriptSecurity	Unsafe	
BranchService	GetMergeStatus	Function	() -> MergeStatus	RobloxScriptSecurity	RobloxScriptSecurity	Unsafe	
BranchService	MergeStateChanged	Event	(identity: ScopedInstanceIdentity)	RobloxScriptSecurity	RobloxScriptSecurity	Unsafe	
BranchService	MergeStateCleared	Event	(identity: ScopedInstanceIdentity)	RobloxScriptSecurity	RobloxScriptSecurity	Unsafe	
BranchService	MergeStatusChanged	Event	(status: MergeStatus)	RobloxScriptSecurity	RobloxScriptSecurity	Unsafe	
BranchService	RestoreBranchAsync	Function	(branchPlaceId: int64) -> ()	RobloxScriptSecurity	RobloxScriptSecurity	Unsafe	yields
BranchService	SetMergeResolution	Function	(identity: ScopedInstanceIdentity, propName: string?, resolution: MergeResolution) -> ()	RobloxScriptSecurity	RobloxScriptSecurity	Unsafe	
BranchService	StartMergeAsync	Function	(sourcePlaceId: int64, ancestorVersion: int64) -> ()	RobloxScriptSecurity	RobloxScriptSecurity	Unsafe	yields
BranchService	UpdateBranchAsync	Function	(branchPlaceId: int64, status: BranchStatus, name: string) -> Dictionary	RobloxScriptSecurity	RobloxScriptSecurity	Unsafe	yields
Breakpoint	Condition	Property	string	RobloxScriptSecurity	RobloxScriptSecurity	ReadSafe	hidden,notreplicated
Breakpoint	ContinueExecution	Property	bool	RobloxScriptSecurity	RobloxScriptSecurity	ReadSafe	hidden,notreplicated
Breakpoint	Enabled	Property	bool	RobloxScriptSecurity	RobloxScriptSecurity	ReadSafe	hidden,notreplicated
Breakpoint	Id	Property	int	RobloxScriptSecurity	RobloxScriptSecurity	ReadSafe	hidden,readonly,notreplicated
Breakpoint	Line	Property	int	RobloxScriptSecurity	RobloxScriptSecurity	ReadSafe	hidden,readonly,notreplicated
Breakpoint	LogMessage	Property	string	RobloxScriptSecurity	RobloxScriptSecurity	ReadSafe	hidden,notreplicated
Breakpoint	MetaBreakpointId	Property	int	RobloxScriptSecurity	RobloxScriptSecurity	ReadSafe	hidden,readonly,notreplicated
Breakpoint	RemoveOnHit	Property	bool	RobloxScriptSecurity	RobloxScriptSecurity	ReadSafe	hidden,notreplicated
Breakpoint	Script	Property	string	RobloxScriptSecurity	RobloxScriptSecurity	ReadSafe	hidden,readonly,notreplicated
Breakpoint	Valid	Property	bool	RobloxScriptSecurity	RobloxScriptSecurity	ReadSafe	hidden,readonly,notreplicated
Breakpoint	Verified	Property	bool	RobloxScriptSecurity	RobloxScriptSecurity	ReadSafe	hidden,readonly,notreplicated
BrickColorValue	Changed	Event	(value: BrickColor)	None	None	Unsafe	
BrickColorValue	Value	Property	BrickColor	None	None	ReadSafe	sim
BrickColorValue	changed	Event	(value: BrickColor)	None	None	Unsafe	deprecated,prefer=Changed
BrowserService	AuthCookieCopiedToEngine	Event	()	RobloxScriptSecurity	RobloxScriptSecurity	Unsafe	
BrowserService	BrowserWindowClosed	Event	()	RobloxScriptSecurity	RobloxScriptSecurity	Unsafe	
BrowserService	BrowserWindowWillNavigate	Event	(url: string)	RobloxScriptSecurity	RobloxScriptSecurity	Unsafe	
BrowserService	CloseBrowserWindow	Function	() -> ()	RobloxScriptSecurity	RobloxScriptSecurity	Unsafe	
BrowserService	CopyAuthCookieFromBrowserToEngine	Function	() -> ()	RobloxScriptSecurity	RobloxScriptSecurity	Unsafe	
BrowserService	EmitHybridEvent	Function	(moduleName: string, eventName: string, params: string) -> ()	RobloxScriptSecurity	RobloxScriptSecurity	Unsafe	
BrowserService	ExecuteJavaScript	Function	(javascript: string) -> ()	RobloxScriptSecurity	RobloxScriptSecurity	Unsafe	
BrowserService	JavaScriptCallback	Event	(content: string)	RobloxScriptSecurity	RobloxScriptSecurity	Unsafe	
BrowserService	OpenBrowserWindow	Function	(url: string) -> ()	RobloxScriptSecurity	RobloxScriptSecurity	Unsafe	
BrowserService	OpenNativeOverlay	Function	(title: string, url: string) -> ()	RobloxScriptSecurity	RobloxScriptSecurity	Unsafe	
BrowserService	OpenWeChatAuthWindow	Function	() -> ()	RobloxScriptSecurity	RobloxScriptSecurity	Unsafe	
BrowserService	ReturnToJavaScript	Function	(callbackId: string, success: bool, params: string) -> ()	RobloxScriptSecurity	RobloxScriptSecurity	Unsafe	
BrowserService	SendCommand	Function	(command: string) -> ()	RobloxScriptSecurity	RobloxScriptSecurity	Unsafe	
BubbleChatConfiguration	AdorneeName	Property	string	None	None	ReadSafe	cap=Chat
BubbleChatConfiguration	BackgroundColor3	Property	Color3	None	None	ReadSafe	cap=Chat
BubbleChatConfiguration	BackgroundTransparency	Property	double	None	None	ReadSafe	cap=Chat
BubbleChatConfiguration	BubbleDuration	Property	float	None	None	ReadSafe	cap=Chat
BubbleChatConfiguration	BubblesSpacing	Property	float	None	None	ReadSafe	cap=Chat
BubbleChatConfiguration	Enabled	Property	bool	None	None	ReadSafe	cap=Chat
BubbleChatConfiguration	Font	Property	Font	None	None	ReadSafe	hidden,cap=Chat
BubbleChatConfiguration	FontFace	Property	Font	None	None	ReadSafe	cap=Chat
BubbleChatConfiguration	LocalPlayerStudsOffset	Property	Vector3	None	None	ReadSafe	cap=Chat
BubbleChatConfiguration	MaxBubbles	Property	float	None	None	ReadSafe	cap=Chat
BubbleChatConfiguration	MaxDistance	Property	float	None	None	ReadSafe	cap=Chat
BubbleChatConfiguration	MinimizeDistance	Property	float	None	None	ReadSafe	cap=Chat
BubbleChatConfiguration	TailVisible	Property	bool	None	None	ReadSafe	cap=Chat
BubbleChatConfiguration	TextColor3	Property	Color3	None	None	ReadSafe	cap=Chat
BubbleChatConfiguration	TextSize	Property	int64	None	None	ReadSafe	cap=Chat
BubbleChatConfiguration	VerticalStudsOffset	Property	float	None	None	ReadSafe	cap=Chat
BubbleChatMessageProperties	BackgroundColor3	Property	Color3	None	None	ReadSafe	cap=Chat
BubbleChatMessageProperties	BackgroundTransparency	Property	double	None	None	ReadSafe	cap=Chat
BubbleChatMessageProperties	FontFace	Property	Font	None	None	ReadSafe	cap=Chat
BubbleChatMessageProperties	TailVisible	Property	bool	None	None	ReadSafe	cap=Chat
BubbleChatMessageProperties	TextColor3	Property	Color3	None	None	ReadSafe	cap=Chat
BubbleChatMessageProperties	TextSize	Property	int64	None	None	ReadSafe	cap=Chat
BugReporterService	BugReportRequested	Event	(trigger: string)	RobloxScriptSecurity	RobloxScriptSecurity	Unsafe	
BugReporterService	IsAvailable	Function	() -> bool	RobloxScriptSecurity	RobloxScriptSecurity	Unsafe	yields
BulkImportService	AssetImported	Event	(assetType: AssetType, name: string, id: int64)	RobloxScriptSecurity	RobloxScriptSecurity	Unsafe	
BulkImportService	BulkImportFinished	Event	(state: int)	RobloxScriptSecurity	RobloxScriptSecurity	Unsafe	
BulkImportService	BulkImportStarted	Event	()	RobloxScriptSecurity	RobloxScriptSecurity	Unsafe	
BulkImportService	LaunchBulkImport	Function	(assetTypeToImport: int) -> ()	RobloxScriptSecurity	RobloxScriptSecurity	Unsafe	
BulkImportService	ShowBulkImportView	Function	() -> ()	RobloxScriptSecurity	RobloxScriptSecurity	Unsafe	
BuoyancySensor	FullySubmerged	Property	bool	None	None	ReadSafe	sim,cap=Basic
BuoyancySensor	TouchingSurface	Property	bool	None	None	ReadSafe	sim,cap=Basic
CFrameValue	Changed	Event	(value: CFrame)	None	None	Unsafe	
CFrameValue	Value	Property	CFrame	None	None	ReadSafe	sim
CFrameValue	changed	Event	(value: CFrame)	None	None	Unsafe	deprecated,prefer=Changed
CallingService	AnswerIncomingCall	Function	(callId: string) -> ()	RobloxScriptSecurity	RobloxScriptSecurity	Unsafe	
CallingService	CreateCallAsync	Function	(participantIds: Array = {}, chatChannelId: string = ) -> Dictionary	RobloxScriptSecurity	RobloxScriptSecurity	Unsafe	yields
CallingService	EndCall	Function	(callId: string, reason: string) -> ()	RobloxScriptSecurity	RobloxScriptSecurity	Unsafe	
CallingService	GetCallingState	Function	(callId: string) -> Dictionary	RobloxScriptSecurity	RobloxScriptSecurity	Unsafe	
CallingService	OnCallingRemoved	Event	(callId: string)	RobloxScriptSecurity	RobloxScriptSecurity	Unsafe	
CallingService	OnCallingStateChange	Event	(callingState: Dictionary)	RobloxScriptSecurity	RobloxScriptSecurity	Unsafe	
CalloutService	AttachCallout	Function	(definitionId: string, locationId: string, target: Instance) -> ()	RobloxScriptSecurity	RobloxScriptSecurity	Unsafe	
CalloutService	DefineCallout	Function	(definitionId: string, title: string, description: string, learnMoreURL: string) -> ()	RobloxScriptSecurity	RobloxScriptSecurity	Unsafe	
CalloutService	DetachCalloutsByDefinitionId	Function	(definitionId: string) -> ()	RobloxScriptSecurity	RobloxScriptSecurity	Unsafe	
Camera	CFrame	Property	CFrame	None	None	ReadSafe	sim,cap=Basic
Camera	CameraSubject	Property	Instance	None	None	ReadSafe	cap=Basic
Camera	CameraType	Property	CameraType	None	None	ReadSafe	cap=Basic
Camera	CoordinateFrame	Property	CFrame	None	None	ReadSafe	hidden,notreplicated,deprecated,prefer=CFrame,sim,cap=Basic
Camera	DiagonalFieldOfView	Property	float	None	None	ReadSafe	notreplicated,cap=Basic
Camera	FieldOfView	Property	float	None	None	ReadSafe	cap=Basic
Camera	FieldOfViewMode	Property	FieldOfViewMode	None	None	ReadSafe	cap=Basic
Camera	FirstPersonTransition	Event	(entering: bool)	LocalUserSecurity	LocalUserSecurity	Unsafe	cap=Basic
Camera	Focus	Property	CFrame	None	None	ReadSafe	sim,cap=Basic
Camera	GetLargestCutoffDistance	Function	(ignoreList: Instances) -> float	None	None	Unsafe	deprecated,cap=Basic
Camera	GetPanSpeed	Function	() -> float	None	None	Unsafe	deprecated,cap=Basic
Camera	GetPartsObscuringTarget	Function	(castPoints: Array, ignoreList: Instances) -> Instances	None	None	Unsafe	cap=Basic
Camera	GetRenderCFrame	Function	() -> CFrame	None	None	Unsafe	cap=Basic
Camera	GetRoll	Function	() -> float	None	None	Unsafe	cap=Basic
Camera	GetTiltSpeed	Function	() -> float	None	None	Unsafe	deprecated,cap=Basic
Camera	HeadLocked	Property	bool	None	None	ReadSafe	cap=Basic
Camera	HeadScale	Property	float	None	None	ReadSafe	cap=Basic
Camera	Interpolate	Function	(endPos: CFrame, endFocus: CFrame, duration: float) -> ()	None	None	Unsafe	deprecated,cap=Basic
Camera	InterpolationFinished	Event	()	None	None	Unsafe	cap=Basic
Camera	MaxAxisFieldOfView	Property	float	None	None	ReadSafe	notreplicated,cap=Basic
Camera	NearPlaneZ	Property	float	None	None	ReadSafe	readonly,notreplicated,cap=Basic
Camera	PanUnits	Function	(units: int) -> ()	None	None	Unsafe	deprecated,cap=Basic
Camera	ScreenPointToRay	Function	(x: float, y: float, depth: float = 0) -> Ray	None	None	Safe	cap=Basic
Camera	SetCameraPanMode	Function	(mode: CameraPanMode = Classic) -> ()	None	None	Unsafe	deprecated,cap=Basic
Camera	SetImageServerView	Function	(modelCoord: CFrame) -> ()	RobloxScriptSecurity	RobloxScriptSecurity	Unsafe	cap=Basic
Camera	SetRoll	Function	(rollAngle: float) -> ()	None	None	Unsafe	cap=Basic
Camera	TiltUnits	Function	(units: int) -> bool	None	None	Unsafe	deprecated,cap=Basic
Camera	VRTiltAndRollEnabled	Property	bool	None	None	ReadSafe	cap=Basic
Camera	ViewportPointToRay	Function	(x: float, y: float, depth: float = 0) -> Ray	None	None	Safe	cap=Basic
Camera	ViewportSize	Property	Vector2	None	None	ReadSafe	readonly,notreplicated,cap=Basic
Camera	WorldToScreenPoint	Function	(worldPoint: Vector3) -> Tuple	None	None	Safe	cap=Basic
Camera	WorldToViewportPoint	Function	(worldPoint: Vector3) -> Tuple	None	None	Safe	cap=Basic
Camera	Zoom	Function	(distance: float) -> bool	RobloxScriptSecurity	RobloxScriptSecurity	Unsafe	cap=Basic
Camera	ZoomToExtents	Function	(boundingBoxCFrame: CFrame, boundingBoxSize: Vector3) -> ()	None	None	Unsafe	cap=Basic
Camera	focus	Property	CFrame	None	None	ReadSafe	notreplicated,deprecated,prefer=Focus,cap=Basic
CanvasGroup	GroupColor3	Property	Color3	None	None	ReadSafe	cap=UI
CanvasGroup	GroupTransparency	Property	float	None	None	ReadSafe	cap=UI
CanvasGroup	ResolutionScale	Property	float	RobloxScriptSecurity	RobloxScriptSecurity	ReadSafe	hidden,notreplicated,cap=UI
Capture	CaptureTime	Property	DateTime	None	None	ReadSafe	readonly,notreplicated,cap=Capture
Capture	CaptureType	Property	CaptureType	None	None	ReadSafe	readonly,notreplicated,cap=Capture
Capture	FilePathString	Property	string	RobloxScriptSecurity	RobloxScriptSecurity	ReadSafe	readonly,notreplicated,cap=Capture
Capture	LocalId	Property	string	None	None	ReadSafe	readonly,notreplicated,cap=Capture
Capture	SourcePlaceId	Property	int64	None	None	ReadSafe	readonly,notreplicated,cap=Capture
Capture	SourceUniverseId	Property	int64	None	None	ReadSafe	readonly,notreplicated,cap=Capture
CaptureService	CanCaptureVideo	Function	() -> bool	RobloxScriptSecurity	RobloxScriptSecurity	Unsafe	cap=Capture
CaptureService	CaptureBegan	Event	(captureType: CaptureType)	None	None	Unsafe	cap=Capture
CaptureService	CaptureEnded	Event	(captureType: CaptureType)	None	None	Unsafe	cap=Capture
CaptureService	CaptureObjectSavedInternal	Event	(capture: Capture, triggerSource: string)	RobloxScriptSecurity	RobloxScriptSecurity	Unsafe	cap=Capture
CaptureService	CaptureSaved	Event	(captureInfo: Dictionary)	None	None	Unsafe	deprecated,prefer=UserCaptureSaved,cap=Capture
CaptureService	CaptureSavedInternal	Event	(captureInfo: Dictionary, triggerSource: string)	RobloxScriptSecurity	RobloxScriptSecurity	Unsafe	cap=Capture
CaptureService	CaptureScreenshot	Function	(onCaptureReady: Function) -> ()	None	None	Unsafe	cap=Capture
CaptureService	CheckMomentTextStatusAsync	Function	(token: string) -> Tuple	RobloxScriptSecurity	RobloxScriptSecurity	Unsafe	yields,cap=Capture
CaptureService	CheckUploadCaptureStatusAsync	Function	(token: string) -> Tuple	None	None	Unsafe	yields,cap=Capture
CaptureService	CheckUploadCaptureStatusForSupportTicketAsync	Function	(operationId: string) -> Tuple	RobloxScriptSecurity	RobloxScriptSecurity	Unsafe	yields,cap=Capture
CaptureService	CreatePostAsync	Function	(pathArr: Array, caption: string) -> Dictionary	RobloxScriptSecurity	RobloxScriptSecurity	Unsafe	yields,cap=Capture
CaptureService	DeleteCapture	Function	(capturePath: string) -> ()	RobloxScriptSecurity	RobloxScriptSecurity	Unsafe	cap=Capture
CaptureService	DeleteCapturesAsync	Function	(pathArr: Array) -> int64	RobloxScriptSecurity	RobloxScriptSecurity	Unsafe	yields,cap=Capture
CaptureService	DeleteVideoCapture	Function	(videoCapture: VideoCapture) -> ()	RobloxScriptSecurity	RobloxScriptSecurity	Unsafe	cap=Capture
CaptureService	DeleteVideoCaptureAsync	Function	(videoCapture: VideoCapture) -> bool	RobloxScriptSecurity	RobloxScriptSecurity	Unsafe	yields,cap=Capture
CaptureService	GenerateMomentTextAsync	Function	(capture: Capture, tone: string = ) -> Tuple	RobloxScriptSecurity	RobloxScriptSecurity	Unsafe	yields,cap=Capture
CaptureService	GetCaptureFilePathAsync	Function	(captureContent: Content) -> string	RobloxScriptSecurity	RobloxScriptSecurity	Unsafe	yields,cap=Capture
CaptureService	GetCaptureSizeAsync	Function	(captureContent: Content) -> Vector2	RobloxScriptSecurity	RobloxScriptSecurity	Unsafe	yields,cap=Capture
CaptureService	GetCaptureStorageSizeAsync	Function	(pathArr: Array) -> int64	RobloxScriptSecurity	RobloxScriptSecurity	Unsafe	yields,cap=Capture
CaptureService	GetCaptureUploadDataAsync	Function	(capturePath: string) -> Dictionary	RobloxScriptSecurity	RobloxScriptSecurity	Unsafe	yields,cap=Capture
CaptureService	GetDeviceInfo	Function	() -> Dictionary	None	None	Unsafe	cap=Capture|InternalTest,undocumented
CaptureService	GetScreenshotCaptureObject	Function	(capturePath: string) -> Capture	RobloxScriptSecurity	RobloxScriptSecurity	Unsafe	cap=Capture
CaptureService	InternalCheckPlayabilityAsync	Function	(universeId: int64) -> bool	None	None	Unsafe	yields,cap=Capture|InternalTest,undocumented
CaptureService	InternalGetStartPlaceIdAsync	Function	(universeId: int64) -> int64	None	None	Unsafe	yields,cap=Capture|InternalTest,undocumented
CaptureService	IsCapturingVideo	Function	() -> bool	RobloxScriptSecurity	RobloxScriptSecurity	Unsafe	cap=Capture
CaptureService	OnCaptureAndMetadataSignatureResult	Event	(content: string, captureSignature: string, captureSignatureVersion: int, metadataSignature: string, metadataSignatureVersion: int)	RobloxSecurity	RobloxSecurity	Unsafe	hidden,cap=Capture
CaptureService	OnCaptureBegan	Function	() -> ()	RobloxScriptSecurity	RobloxScriptSecurity	Unsafe	cap=Capture
CaptureService	OnCaptureEnded	Function	() -> ()	RobloxScriptSecurity	RobloxScriptSecurity	Unsafe	cap=Capture
CaptureService	OnCaptureObjectShared	Function	(capture: Capture) -> ()	RobloxScriptSecurity	RobloxScriptSecurity	Unsafe	cap=Capture
CaptureService	OnCapturePermissionsPromptFinished	Function	(promptId: int64, wasAccepted: bool) -> ()	RobloxScriptSecurity	RobloxScriptSecurity	Unsafe	cap=Capture
CaptureService	OnCaptureShared	Function	(capturePath: string) -> ()	RobloxScriptSecurity	RobloxScriptSecurity	Unsafe	cap=Capture
CaptureService	OnSavePromptFinished	Function	(promptId: int64, results: Dictionary) -> ()	RobloxScriptSecurity	RobloxScriptSecurity	Unsafe	customluastate,cap=Capture
CaptureService	OnSharePromptFinished	Function	(promptId: int64, accepted: bool) -> ()	RobloxScriptSecurity	RobloxScriptSecurity	Unsafe	cap=Capture
CaptureService	OnVideoCaptureShared	Function	(videoCapture: VideoCapture) -> ()	RobloxScriptSecurity	RobloxScriptSecurity	Unsafe	cap=Capture
CaptureService	OpenCapturePermissionsPrompt	Event	(promptId: int64, captureGalleryPermission: CaptureGalleryPermission)	RobloxScriptSecurity	RobloxScriptSecurity	Unsafe	cap=Capture
CaptureService	OpenSaveCapturesPrompt	Event	(promptId: int64, captures: Array)	RobloxScriptSecurity	RobloxScriptSecurity	Unsafe	cap=Capture
CaptureService	OpenShareCapturePrompt	Event	(promptId: int64, captureContent: Variant, launchData: string)	RobloxScriptSecurity	RobloxScriptSecurity	Unsafe	cap=Capture
CaptureService	PreCaptureShared	Function	(capture: Capture) -> string	RobloxScriptSecurity	RobloxScriptSecurity	Unsafe	cap=Capture
CaptureService	PreVideoCaptureShared	Function	(videoCapture: VideoCapture) -> string	RobloxScriptSecurity	RobloxScriptSecurity	Unsafe	cap=Capture
CaptureService	PromptCaptureGalleryPermissionAsync	Function	(captureGalleryPermission: CaptureGalleryPermission) -> bool	None	None	Unsafe	yields,cap=Capture
CaptureService	PromptSaveCapturesToGallery	Function	(captures: Array, resultCallback: Function) -> ()	None	None	Unsafe	cap=Capture
CaptureService	PromptShareCapture	Function	(captureContent: Content, launchData: string, onAcceptedCallback: Function, onDeniedCallback: Function) -> ()	None	None	Unsafe	cap=Capture
CaptureService	ReadCapturesFromGalleryAsync	Function	(captureTypeFilters: Array = {}, readFromAllEligibleExperiences: bool = false) -> Tuple	None	None	Unsafe	yields,cap=Capture
CaptureService	RequestCaptureAndMetadataSignature	Event	(content: string, audioAssetIds: string)	RobloxSecurity	RobloxSecurity	Unsafe	hidden,cap=Capture
CaptureService	RetrieveCaptures	Function	() -> Array	RobloxScriptSecurity	RobloxScriptSecurity	Unsafe	cap=Capture
CaptureService	SaveCaptureObjectToExternalStorage	Function	(capture: Capture) -> ()	RobloxScriptSecurity	RobloxScriptSecurity	Unsafe	cap=Capture
CaptureService	SaveCaptureToExternalStorage	Function	(capturePath: string) -> ()	RobloxScriptSecurity	RobloxScriptSecurity	Unsafe	cap=Capture
CaptureService	SaveCapturesToExternalStorageAsync	Function	(pathArr: Array) -> int64	RobloxScriptSecurity	RobloxScriptSecurity	Unsafe	yields,cap=Capture
CaptureService	SaveScreenshotCapture	Function	(additionalInfo: string = ) -> ()	RobloxScriptSecurity	RobloxScriptSecurity	Unsafe	cap=Capture
CaptureService	SaveVideoCaptureToExternalStorage	Function	(videoCapture: VideoCapture) -> ()	RobloxScriptSecurity	RobloxScriptSecurity	Unsafe	cap=Capture
CaptureService	StartUploadCaptureAsync	Function	(capture: Capture) -> Tuple	None	None	Unsafe	yields,cap=Capture
CaptureService	StartUploadCaptureForSupportTicketAsync	Function	(capture: Capture) -> Tuple	RobloxScriptSecurity	RobloxScriptSecurity	Unsafe	yields,cap=Capture
CaptureService	StartVideoCaptureAsync	Function	(onCaptureReady: Function, captureParams: Dictionary = nil) -> VideoCaptureStartedResult	None	None	Unsafe	yields,cap=Capture
CaptureService	StartVideoCaptureForMCPAsync	Function	(onCaptureReady: Function) -> VideoCaptureStartedResult	RobloxScriptSecurity	RobloxScriptSecurity	Unsafe	yields,cap=Capture
CaptureService	StartVideoCaptureInternalAsync	Function	() -> VideoCaptureStartedResult	RobloxScriptSecurity	RobloxScriptSecurity	Unsafe	yields,cap=Capture
CaptureService	StopVideoCapture	Function	() -> ()	None	None	Unsafe	cap=Capture
CaptureService	StopVideoCaptureForMCP	Function	() -> ()	RobloxScriptSecurity	RobloxScriptSecurity	Unsafe	cap=Capture
CaptureService	StopVideoCaptureInternal	Function	() -> ()	RobloxScriptSecurity	RobloxScriptSecurity	Unsafe	cap=Capture
CaptureService	TakeScreenshotCaptureAsync	Function	(onCaptureReady: Function, captureParams: Dictionary = nil) -> ()	None	None	Unsafe	cap=Capture
CaptureService	UploadCaptureAndPostMoment	Function	(capture: Capture, momentMetadata: Dictionary = nil, feedRegistrationInfo: Dictionary = nil) -> ()	RobloxScriptSecurity	RobloxScriptSecurity	Unsafe	cap=Capture
CaptureService	UploadCaptureAsync	Function	(capture: Capture) -> Tuple	None	None	Unsafe	yields,cap=Capture
CaptureService	UploadPostAsync	Function	(capture: Capture, postMetadata: Dictionary = nil) -> Dictionary	RobloxScriptSecurity	RobloxScriptSecurity	Unsafe	yields,cap=Capture
CaptureService	UserCaptureSaved	Event	(captureContentId: ContentId)	None	None	Unsafe	cap=Capture
CaptureService	UserVideoCaptureFailed	Event	(result: VideoCaptureResult)	RobloxScriptSecurity	RobloxScriptSecurity	Unsafe	cap=Capture
CaptureService	UserVideoCaptureStartFailed	Event	(result: VideoCaptureStartedResult)	RobloxScriptSecurity	RobloxScriptSecurity	Unsafe	cap=Capture
CaptureService	VideoCaptureInProgress	Event	(isInProgress: bool, captureTrigger: string)	RobloxScriptSecurity	RobloxScriptSecurity	Unsafe	cap=Capture
CapturesViewConfiguration	Open	Property	bool	None	None	ReadSafe	cap=Capture|UI
ChangeHistoryService	FinishRecording	Function	(identifier: string, operation: FinishRecordingOperation, finalOptions: Dictionary?) -> ()	PluginSecurity	PluginSecurity	Unsafe	
ChangeHistoryService	GetCanRedo	Function	() -> Tuple	PluginSecurity	PluginSecurity	Unsafe	
ChangeHistoryService	GetCanUndo	Function	() -> Tuple	PluginSecurity	PluginSecurity	Unsafe	
ChangeHistoryService	IsRecordingInProgress	Function	(identifier: string?) -> bool	PluginSecurity	PluginSecurity	Unsafe	
ChangeHistoryService	OnRecordingFinished	Event	(name: string, displayName: string?, identifier: string?, operation: FinishRecordingOperation, finalOptions: Dictionary?)	PluginSecurity	PluginSecurity	Unsafe	
ChangeHistoryService	OnRecordingStarted	Event	(name: string, displayName: string?)	PluginSecurity	PluginSecurity	Unsafe	
ChangeHistoryService	OnRedo	Event	(waypoint: string)	PluginSecurity	PluginSecurity	Unsafe	
ChangeHistoryService	OnUndo	Event	(waypoint: string)	PluginSecurity	PluginSecurity	Unsafe	
ChangeHistoryService	Redo	Function	() -> ()	PluginSecurity	PluginSecurity	Unsafe	
ChangeHistoryService	ResetWaypoints	Function	() -> ()	PluginSecurity	PluginSecurity	Unsafe	
ChangeHistoryService	SetEnabled	Function	(state: bool) -> ()	PluginSecurity	PluginSecurity	Unsafe	
ChangeHistoryService	SetWaypoint	Function	(name: string) -> ()	PluginSecurity	PluginSecurity	Unsafe	
ChangeHistoryService	TryBeginRecording	Function	(name: string, displayName: string?) -> string?	PluginSecurity	PluginSecurity	Unsafe	
ChangeHistoryService	Undo	Function	() -> ()	PluginSecurity	PluginSecurity	Unsafe	
ChangeHistoryStreamingService	SendCreateInstanceFromStudio	Event	(parentInstance: Instance, instance: Instance)	RobloxScriptSecurity	RobloxScriptSecurity	Unsafe	
ChangeHistoryStreamingService	SendDeleteInstanceFromStudio	Event	(instance: Instance, setParentToNull: bool)	RobloxScriptSecurity	RobloxScriptSecurity	Unsafe	
ChangeHistoryStreamingService	SendReparentInstanceFromStudio	Event	(parentInstance: Instance, instance: Instance)	RobloxScriptSecurity	RobloxScriptSecurity	Unsafe	
ChangeHistoryStreamingService	SendTerrainChangeFromStudio	Event	(instance: Instance, chunkX: int, chunkY: int, chunkZ: int, cells: string)	RobloxScriptSecurity	RobloxScriptSecurity	Unsafe	
ChannelSelectorSoundEffect	Channel	Property	int	None	None	ReadSafe	cap=LegacySound,undocumented
ChannelTabsConfiguration	AbsolutePosition	Property	Vector2	None	None	ReadSafe	readonly,notreplicated,cap=Chat
ChannelTabsConfiguration	AbsoluteSize	Property	Vector2	None	None	ReadSafe	readonly,notreplicated,cap=Chat
ChannelTabsConfiguration	BackgroundColor3	Property	Color3	None	None	ReadSafe	cap=Chat
ChannelTabsConfiguration	BackgroundTransparency	Property	double	None	None	ReadSafe	cap=Chat
ChannelTabsConfiguration	Enabled	Property	bool	None	None	ReadSafe	cap=Chat
ChannelTabsConfiguration	FontFace	Property	Font	None	None	ReadSafe	cap=Chat
ChannelTabsConfiguration	HoverBackgroundColor3	Property	Color3	None	None	ReadSafe	cap=Chat
ChannelTabsConfiguration	SelectedTabTextColor3	Property	Color3	None	None	ReadSafe	cap=Chat
ChannelTabsConfiguration	SetAbsolutePosition	Function	(value: Vector2) -> ()	RobloxScriptSecurity	RobloxScriptSecurity	Unsafe	cap=Chat
ChannelTabsConfiguration	SetAbsoluteSize	Function	(value: Vector2) -> ()	RobloxScriptSecurity	RobloxScriptSecurity	Unsafe	cap=Chat
ChannelTabsConfiguration	TextColor3	Property	Color3	None	None	ReadSafe	cap=Chat
ChannelTabsConfiguration	TextSize	Property	int64	None	None	ReadSafe	cap=Chat
ChannelTabsConfiguration	TextStrokeColor3	Property	Color3	None	None	ReadSafe	cap=Chat
ChannelTabsConfiguration	TextStrokeTransparency	Property	double	None	None	ReadSafe	cap=Chat
CharacterMesh	BaseTextureContent	Property	Content	None	None	ReadSafe	cap=AvatarAppearance
CharacterMesh	BaseTextureId	Property	int64	None	None	ReadSafe	cap=AvatarAppearance
CharacterMesh	BodyPart	Property	BodyPart	None	None	ReadSafe	cap=AvatarAppearance
CharacterMesh	MeshContent	Property	Content	None	None	ReadSafe	cap=AvatarAppearance
CharacterMesh	MeshId	Property	int64	None	None	ReadSafe	cap=AvatarAppearance
CharacterMesh	OverlayTextureContent	Property	Content	None	None	ReadSafe	cap=AvatarAppearance
CharacterMesh	OverlayTextureId	Property	int64	None	None	ReadSafe	cap=AvatarAppearance
Chat	BubbleChatEnabled	Property	bool	None	None	ReadSafe	cap=Chat
Chat	BubbleChatSettingsChanged	Event	(settings: Variant)	RobloxScriptSecurity	RobloxScriptSecurity	Unsafe	cap=Chat
Chat	CanUserChatAsync	Function	(userId: int64) -> bool	None	None	Unsafe	yields,cap=Chat
Chat	CanUsersChatAsync	Function	(userIdFrom: int64, userIdTo: int64) -> bool	None	None	Unsafe	yields,cap=Chat
Chat	Chat	Function	(partOrCharacter: Instance, message: string, color: ChatColor = Blue) -> ()	None	None	Unsafe	cap=Chat
Chat	ChatLocal	Function	(partOrCharacter: Instance, message: string, color: ChatColor = Blue) -> ()	RobloxScriptSecurity	RobloxScriptSecurity	Unsafe	cap=Chat
Chat	Chatted	Event	(part: Instance, message: string, color: ChatColor)	None	None	Unsafe	cap=Chat
Chat	ClientToServerFilterMessageSignalV2	Event	(sender: Instance, receiver: Instance, unfilteredMessage: string)	RobloxSecurity	RobloxSecurity	Unsafe	hidden,cap=Chat
Chat	ClientToServerReportUnfilteredSignal	Event	(unfilteredText: string, match: string, instancePath: string, instanceType: string)	RobloxSecurity	RobloxSecurity	Unsafe	hidden,cap=Chat
Chat	FilterStringAsync	Function	(stringToFilter: string, playerFrom: Player, playerTo: Player) -> string	None	None	Unsafe	yields,cap=Chat
Chat	FilterStringForBroadcast	Function	(stringToFilter: string, playerFrom: Player) -> string	None	None	Unsafe	yields,cap=Chat
Chat	FilterStringForPlayerAsync	Function	(stringToFilter: string, playerToFilterFor: Player) -> string	None	None	Unsafe	yields,deprecated,prefer=FilterStringAsync,cap=Chat
Chat	GetShouldUseLuaChat	Function	() -> bool	RobloxScriptSecurity	RobloxScriptSecurity	Unsafe	cap=Chat
Chat	InvokeChatCallback	Function	(callbackType: ChatCallbackType, callbackArguments: Tuple) -> Tuple	None	None	Unsafe	cap=Chat
Chat	IsAutoMigrated	Property	bool	RobloxScriptSecurity	RobloxScriptSecurity	ReadSafe	hidden,cap=Chat
Chat	LoadDefaultChat	Property	bool	None	NotAccessibleSecurity	ReadSafe	cap=Chat
Chat	ModerationMode	Property	string	RobloxScriptSecurity	RobloxScriptSecurity	ReadSafe	hidden,notreplicated,cap=Chat
Chat	ModerationModeEnabledChanged	Event	(enabled: bool)	RobloxSecurity	RobloxSecurity	Unsafe	hidden,cap=Chat
Chat	PlayerChatAvailabilityStatusChanged	Event	(player: Player)	RobloxSecurity	RobloxSecurity	Unsafe	cap=Chat
Chat	ReconcileCommunicationAccess	Function	() -> ()	RobloxScriptSecurity	RobloxScriptSecurity	Unsafe	cap=Chat
Chat	ReconcileCommunicationAccessCompleted	Event	(chatAvailabilityStatus: string)	RobloxScriptSecurity	RobloxScriptSecurity	Unsafe	cap=Chat
Chat	ReconcileCommunicationAccessSignal	Event	()	RobloxSecurity	RobloxSecurity	Unsafe	hidden,cap=Chat
Chat	RegisterChatCallback	Function	(callbackType: ChatCallbackType, callbackFunction: Function) -> ()	None	None	Unsafe	cap=Chat
Chat	RequestModerationModeEnabled	Function	(enabled: bool) -> ()	RobloxScriptSecurity	RobloxScriptSecurity	Unsafe	cap=Chat
Chat	ServerToClientUnderOver13FilteredResponseSignal	Event	(sender: Instance, unfilteredMessage: string, isError: bool, errorStr: string, under13: string, over13: string)	RobloxSecurity	RobloxSecurity	Unsafe	hidden,cap=Chat
Chat	SetBubbleChatSettings	Function	(settings: Variant) -> ()	None	None	Unsafe	cap=Chat
Chat	TimeoutChatAttempt	Event	(isPermanentTimeout: bool, endTime: int64)	RobloxScriptSecurity	RobloxScriptSecurity	Unsafe	cap=Chat
ChatInputBarConfiguration	AbsolutePosition	Property	Vector2	None	None	Unsafe	readonly,notreplicated,cap=Chat
ChatInputBarConfiguration	AbsolutePositionWrite	Property	Vector2	RobloxScriptSecurity	RobloxScriptSecurity	ReadSafe	hidden,cap=Chat
ChatInputBarConfiguration	AbsoluteSize	Property	Vector2	None	None	Unsafe	readonly,notreplicated,cap=Chat
ChatInputBarConfiguration	AbsoluteSizeWrite	Property	Vector2	RobloxScriptSecurity	RobloxScriptSecurity	ReadSafe	hidden,cap=Chat
ChatInputBarConfiguration	AutocompleteEnabled	Property	bool	None	None	ReadSafe	cap=Chat
ChatInputBarConfiguration	BackgroundColor3	Property	Color3	None	None	ReadSafe	cap=Chat
ChatInputBarConfiguration	BackgroundTransparency	Property	double	None	None	ReadSafe	cap=Chat
ChatInputBarConfiguration	Enabled	Property	bool	None	None	ReadSafe	cap=Chat
ChatInputBarConfiguration	FontFace	Property	Font	None	None	ReadSafe	cap=Chat
ChatInputBarConfiguration	IsFocused	Property	bool	None	None	Unsafe	readonly,notreplicated,cap=Chat
ChatInputBarConfiguration	IsFocusedWrite	Property	bool	RobloxScriptSecurity	RobloxScriptSecurity	ReadSafe	hidden,cap=Chat
ChatInputBarConfiguration	KeyboardKeyCode	Property	KeyCode	None	None	ReadSafe	cap=Chat
ChatInputBarConfiguration	PlaceholderColor3	Property	Color3	None	None	ReadSafe	cap=Chat
ChatInputBarConfiguration	TargetTextChannel	Property	TextChannel	None	None	ReadSafe	cap=Chat
ChatInputBarConfiguration	TextBox	Property	TextBox	None	None	ReadSafe	cap=Chat
ChatInputBarConfiguration	TextColor3	Property	Color3	None	None	ReadSafe	cap=Chat
ChatInputBarConfiguration	TextSize	Property	int64	None	None	ReadSafe	cap=Chat
ChatInputBarConfiguration	TextStrokeColor3	Property	Color3	None	None	ReadSafe	cap=Chat
ChatInputBarConfiguration	TextStrokeTransparency	Property	double	None	None	ReadSafe	cap=Chat
ChatWindowConfiguration	AbsolutePosition	Property	Vector2	None	None	Unsafe	readonly,notreplicated,cap=Chat
ChatWindowConfiguration	AbsolutePositionWrite	Property	Vector2	RobloxScriptSecurity	RobloxScriptSecurity	ReadSafe	hidden,cap=Chat
ChatWindowConfiguration	AbsoluteSize	Property	Vector2	None	None	Unsafe	readonly,notreplicated,cap=Chat
ChatWindowConfiguration	AbsoluteSizeWrite	Property	Vector2	RobloxScriptSecurity	RobloxScriptSecurity	ReadSafe	hidden,cap=Chat
ChatWindowConfiguration	BackgroundColor3	Property	Color3	None	None	ReadSafe	cap=Chat
ChatWindowConfiguration	BackgroundTransparency	Property	double	None	None	ReadSafe	cap=Chat
ChatWindowConfiguration	DeriveNewMessageProperties	Function	() -> ChatWindowMessageProperties	None	None	Unsafe	cap=Chat
ChatWindowConfiguration	Enabled	Property	bool	None	None	ReadSafe	cap=Chat
ChatWindowConfiguration	FontFace	Property	Font	None	None	ReadSafe	cap=Chat
ChatWindowConfiguration	HeightScale	Property	float	None	None	ReadSafe	cap=Chat
ChatWindowConfiguration	HorizontalAlignment	Property	HorizontalAlignment	None	None	Unsafe	cap=Chat
ChatWindowConfiguration	TextChannelDisplayMode	Property	TextChannelDisplayMode	None	None	ReadSafe	write:plugin-only,cap=Chat,undocumented
ChatWindowConfiguration	TextColor3	Property	Color3	None	None	ReadSafe	cap=Chat
ChatWindowConfiguration	TextSize	Property	int64	None	None	ReadSafe	cap=Chat
ChatWindowConfiguration	TextStrokeColor3	Property	Color3	None	None	ReadSafe	cap=Chat
ChatWindowConfiguration	TextStrokeTransparency	Property	double	None	None	ReadSafe	cap=Chat
ChatWindowConfiguration	VerticalAlignment	Property	VerticalAlignment	None	None	Unsafe	cap=Chat
ChatWindowConfiguration	WidthScale	Property	float	None	None	ReadSafe	cap=Chat
ChatWindowMessageProperties	FontFace	Property	Font	None	None	ReadSafe	cap=Chat
ChatWindowMessageProperties	PrefixTextProperties	Property	ChatWindowMessageProperties	None	None	ReadSafe	cap=Chat
ChatWindowMessageProperties	TextColor3	Property	Color3	None	None	ReadSafe	cap=Chat
ChatWindowMessageProperties	TextSize	Property	int	None	None	ReadSafe	cap=Chat
ChatWindowMessageProperties	TextStrokeColor3	Property	Color3	None	None	ReadSafe	cap=Chat
ChatWindowMessageProperties	TextStrokeTransparency	Property	double	None	None	ReadSafe	cap=Chat
ChorusSoundEffect	Depth	Property	float	None	None	ReadSafe	cap=LegacySound
ChorusSoundEffect	Mix	Property	float	None	None	ReadSafe	cap=LegacySound
ChorusSoundEffect	Rate	Property	float	None	None	ReadSafe	cap=LegacySound
ClickDetector	CursorIcon	Property	ContentId	None	None	ReadSafe	cap=Input
ClickDetector	CursorIconContent	Property	Content	None	None	ReadSafe	cap=Input
ClickDetector	MaxActivationDistance	Property	float	None	None	ReadSafe	cap=Input
ClickDetector	MouseActionReplicated	Event	(player: Player, actionType: int)	RobloxSecurity	RobloxSecurity	Unsafe	hidden,cap=Input
ClickDetector	MouseClick	Event	(playerWhoClicked: Player)	None	None	Unsafe	cap=Input
ClickDetector	MouseHoverEnter	Event	(playerWhoHovered: Player)	None	None	Unsafe	cap=Input
ClickDetector	MouseHoverLeave	Event	(playerWhoHovered: Player)	None	None	Unsafe	cap=Input
ClickDetector	RightMouseClick	Event	(playerWhoClicked: Player)	None	None	Unsafe	cap=Input
ClickDetector	mouseClick	Event	(playerWhoClicked: Player)	None	None	Unsafe	deprecated,prefer=MouseClick,cap=Input
ClientReplicator	IsStreamedOut	Function	(instance: Instance) -> bool	RobloxScriptSecurity	RobloxScriptSecurity	Unsafe	cap=Network
ClientReplicator	RCCProfilerDataComplete	Event	(success: bool, message: string)	RobloxScriptSecurity	RobloxScriptSecurity	Unsafe	cap=Network
ClientReplicator	RequestRCCProfilerData	Function	(frameRate: int, timeFrame: int) -> ()	RobloxScriptSecurity	RobloxScriptSecurity	Unsafe	cap=Network
ClientReplicator	RequestServerStats	Function	(request: bool) -> ()	RobloxScriptSecurity	RobloxScriptSecurity	Unsafe	cap=Network
ClientReplicator	StatsReceived	Event	(stats: Dictionary)	RobloxScriptSecurity	RobloxScriptSecurity	Unsafe	cap=Network
ClientStorageService	Clear	Function	() -> ()	RobloxScriptSecurity	RobloxScriptSecurity	Unsafe	
ClientStorageService	GetItem	Function	(key: string) -> string	RobloxScriptSecurity	RobloxScriptSecurity	Unsafe	
ClientStorageService	RemoveItem	Function	(key: string) -> ()	RobloxScriptSecurity	RobloxScriptSecurity	Unsafe	
ClientStorageService	SetItem	Function	(key: string, value: string, options: Dictionary = nil) -> ()	RobloxScriptSecurity	RobloxScriptSecurity	Unsafe	
ClimbController	AccelerationTime	Property	float	None	None	ReadSafe	sim,cap=Basic
ClimbController	BalanceMaxTorque	Property	float	None	None	ReadSafe	sim,cap=Basic
ClimbController	BalanceSpeed	Property	float	None	None	ReadSafe	sim,cap=Basic
ClimbController	MoveMaxForce	Property	float	None	None	ReadSafe	sim,cap=Basic
Clothing	Color3	Property	Color3	None	None	ReadSafe	cap=AvatarAppearance
Clothing	Outfit1	Property	ContentId	None	None	ReadSafe	hidden,notreplicated,notscriptable,cap=AvatarAppearance
Clothing	Outfit1Content	Property	Content	None	None	ReadSafe	hidden,notreplicated,notscriptable,cap=AvatarAppearance
Clothing	Outfit2	Property	ContentId	None	None	ReadSafe	hidden,notreplicated,notscriptable,cap=AvatarAppearance
Clothing	Outfit2Content	Property	Content	None	None	ReadSafe	hidden,notreplicated,notscriptable,cap=AvatarAppearance
Clouds	Color	Property	Color3	None	None	ReadSafe	cap=Environment
Clouds	Cover	Property	float	None	None	ReadSafe	cap=Environment
Clouds	Density	Property	float	None	None	ReadSafe	cap=Environment
Clouds	Enabled	Property	bool	None	None	ReadSafe	cap=Environment
Collaborator	CFrame	Property	CFrame	None	None	ReadSafe	hidden
Collaborator	CollaboratorColor	Property	int	None	None	ReadSafe	hidden,deprecated,prefer=CollaboratorColor3
Collaborator	CollaboratorColor3	Property	Color3	None	None	ReadSafe	hidden
Collaborator	CurDocGUID	Property	string	None	None	ReadSafe	hidden
Collaborator	CurScriptLineNumber	Property	int	None	None	ReadSafe	hidden
Collaborator	IsIdle	Property	bool	None	None	ReadSafe	hidden
Collaborator	Status	Property	CollaboratorStatus	None	None	ReadSafe	hidden
Collaborator	UserId	Property	int64	None	None	ReadSafe	hidden
Collaborator	Username	Property	string	None	None	ReadSafe	hidden
CollaboratorsService	CollaboratorIdleUpdate	Event	(collaboratorId: int64, isIdle: bool)	RobloxScriptSecurity	RobloxScriptSecurity	Unsafe	
CollaboratorsService	CollaboratorInstanceCreatedSignal	Event	(collaboratorId: int64)	RobloxScriptSecurity	RobloxScriptSecurity	Unsafe	
CollaboratorsService	CollaboratorInstanceDestroyedSignal	Event	(collaboratorId: int64)	RobloxScriptSecurity	RobloxScriptSecurity	Unsafe	
CollaboratorsService	CollaboratorStatusUpdateRequestedSignal	Event	(collaboratorId: int64, newStatus: CollaboratorStatus)	RobloxScriptSecurity	RobloxScriptSecurity	Unsafe	hidden
CollaboratorsService	CollaboratorStatusUpdatedSignal	Event	(collaboratorId: int64, newStatus: CollaboratorStatus)	RobloxScriptSecurity	RobloxScriptSecurity	Unsafe	
CollaboratorsService	GetCollaboratorsList	Function	() -> Instances	RobloxScriptSecurity	RobloxScriptSecurity	Unsafe	
CollaboratorsService	GetSelectionHighlightsEnabled	Function	() -> bool	RobloxScriptSecurity	RobloxScriptSecurity	Unsafe	
CollaboratorsService	MultiGetCanCollaborate	Function	(userIds: string) -> ()	RobloxScriptSecurity	RobloxScriptSecurity	Unsafe	
CollaboratorsService	MultiGetCanCollaborateRetrieved	Event	(requestId: string, canCollaborateResponses: Array)	RobloxScriptSecurity	RobloxScriptSecurity	Unsafe	
CollaboratorsService	RequestFlyToCollaborator	Function	(collaboratorId: int64) -> ()	RobloxScriptSecurity	RobloxScriptSecurity	Unsafe	
CollaboratorsService	ServerMultiGetCanCollaborateRequested	Event	(userIds: string)	RobloxSecurity	RobloxSecurity	Unsafe	
CollaboratorsService	ToggleSelectionHighlights	Function	(showHighlights: bool) -> ()	RobloxScriptSecurity	RobloxScriptSecurity	Unsafe	
CollaboratorsService	ToggleSelectionHighlightsSignal	Event	(areHighlightsShown: bool)	RobloxScriptSecurity	RobloxScriptSecurity	Unsafe	
CollaboratorsService	ToggleTeamCreate	Function	(on: bool) -> ()	RobloxScriptSecurity	RobloxScriptSecurity	Unsafe	
CollectionService	AddTag	Function	(instance: Instance, tag: string) -> ()	None	None	Unsafe	customluastate,cap=Basic
CollectionService	CreateCollection	Function	(query: string, root: Instance = nil) -> CollectionHandle	None	None	Unsafe	cap=Basic
CollectionService	GetAllTags	Function	() -> Array	None	None	Safe	cap=Basic
CollectionService	GetCollection	Function	(class: string) -> Instances	None	None	Unsafe	deprecated,prefer=GetTagged,cap=Basic
CollectionService	GetInstanceAddedSignal	Function	(tag: string) -> RBXScriptSignal	None	None	Unsafe	cap=Basic
CollectionService	GetInstanceRemovedSignal	Function	(tag: string) -> RBXScriptSignal	None	None	Unsafe	cap=Basic
CollectionService	GetTagAddedSignal	Function	(instance: Instance) -> RBXScriptSignal	RobloxScriptSecurity	RobloxScriptSecurity	Unsafe	cap=Basic
CollectionService	GetTagRemovedSignal	Function	(instance: Instance) -> RBXScriptSignal	RobloxScriptSecurity	RobloxScriptSecurity	Unsafe	cap=Basic
CollectionService	GetTagged	Function	(tag: string) -> Instances	None	None	Safe	cap=Basic
CollectionService	GetTags	Function	(instance: Instance) -> Array	None	None	Safe	customluastate,cap=Basic
CollectionService	HasTag	Function	(instance: Instance, tag: string) -> bool	None	None	Safe	customluastate,cap=Basic
CollectionService	ItemAdded	Event	(instance: Instance)	None	None	Unsafe	deprecated,prefer=GetInstanceAddedSignal,cap=Basic
CollectionService	ItemRemoved	Event	(instance: Instance)	None	None	Unsafe	deprecated,prefer=GetInstanceRemovedSignal,cap=Basic
CollectionService	RemoveTag	Function	(instance: Instance, tag: string) -> ()	None	None	Unsafe	customluastate,cap=Basic
CollectionService	TagAdded	Event	(tag: string)	None	None	Unsafe	cap=Basic
CollectionService	TagRemoved	Event	(tag: string)	None	None	Unsafe	cap=Basic
Color3Value	Changed	Event	(value: Color3)	None	None	Unsafe	
Color3Value	Value	Property	Color3	None	None	ReadSafe	sim
Color3Value	changed	Event	(value: Color3)	None	None	Unsafe	deprecated,prefer=Changed
ColorCorrectionEffect	Brightness	Property	float	None	None	ReadSafe	cap=Environment
ColorCorrectionEffect	Contrast	Property	float	None	None	ReadSafe	cap=Environment
ColorCorrectionEffect	Saturation	Property	float	None	None	ReadSafe	cap=Environment
ColorCorrectionEffect	TintColor	Property	Color3	None	None	ReadSafe	cap=Environment
ColorGradingEffect	TonemapperPreset	Property	TonemapperPreset	None	None	ReadSafe	cap=Environment
CommerceService	BenefitStatusReceived	Event	(isGranted: bool)	RobloxScriptSecurity	RobloxScriptSecurity	Unsafe	cap=Monetization
CommerceService	FetchReceipt	Event	()	RobloxSecurity	RobloxSecurity	Unsafe	cap=Monetization
CommerceService	GetCommerceProductInfoAsync	Function	(commerceProductId: string) -> Dictionary	None	None	Unsafe	yields,cap=Monetization
CommerceService	InExperienceBrowserRequested	Event	(url: string)	RobloxSecurity	RobloxSecurity	Unsafe	cap=Monetization
CommerceService	PrepareCommerceProductPurchase	Function	(commerceProductId: string) -> Dictionary	RobloxScriptSecurity	RobloxScriptSecurity	Unsafe	yields,cap=Monetization
CommerceService	PromptCommerceProductPurchase	Function	(user: Player, commerceProductId: string) -> ()	None	None	Unsafe	cap=Monetization
CommerceService	PromptCommerceProductPurchaseFinished	Event	(user: Player, productId: string)	None	None	Unsafe	cap=Monetization
CommerceService	PromptCommerceProductPurchaseRequested	Event	(commerceProductId: string)	RobloxScriptSecurity	RobloxScriptSecurity	Unsafe	cap=Monetization
CommerceService	PromptRealWorldCommerceBrowser	Function	(player: Player, url: string) -> ()	None	None	Unsafe	cap=Monetization
CommerceService	PurchaseBrowserClosed	Event	()	RobloxScriptSecurity	RobloxScriptSecurity	Unsafe	cap=Monetization
CommerceService	SignalPromptCommerceProductPurchaseFinished	Function	(productId: string, didTryPurchase: bool, checkoutSessionId: string = ) -> ()	RobloxScriptSecurity	RobloxScriptSecurity	Unsafe	cap=Monetization
CommerceService	UserEligibleForRealWorldCommerceAsync	Function	() -> bool	None	None	Unsafe	yields,cap=Monetization
CompositeValueCurve	CurveType	Property	CompositeValueCurveType	None	None	ReadSafe	cap=Basic
CompositeValueCurve	GetComponentCurves	Function	() -> Instances	None	None	Unsafe	cap=Basic
CompositeValueCurve	GetValueAtTime	Function	(time: float) -> Variant	None	None	Unsafe	cap=Basic
CompressorSoundEffect	Attack	Property	float	None	None	ReadSafe	cap=LegacySound
CompressorSoundEffect	GainMakeup	Property	float	None	None	ReadSafe	cap=LegacySound
CompressorSoundEffect	Ratio	Property	float	None	None	ReadSafe	cap=LegacySound
CompressorSoundEffect	Release	Property	float	None	None	ReadSafe	cap=LegacySound
CompressorSoundEffect	SideChain	Property	Instance	None	None	ReadSafe	cap=LegacySound
CompressorSoundEffect	Threshold	Property	float	None	None	ReadSafe	cap=LegacySound
ConeHandleAdornment	Height	Property	float	None	None	ReadSafe	cap=Basic|UI
ConeHandleAdornment	Hollow	Property	bool	None	None	ReadSafe	cap=Basic|UI
ConeHandleAdornment	Radius	Property	float	None	None	ReadSafe	cap=Basic|UI
ConeHandleAdornment	Shading	Property	AdornShading	None	None	ReadSafe	cap=Basic|UI
ConfigService	ClearTestingValue	Function	(key: string) -> ()	None	None	Unsafe	
ConfigService	GetConfigAsync	Function	() -> ConfigSnapshot	None	None	Unsafe	yields
ConfigService	GetConfigForPlayerAsync	Function	(player: Player) -> ConfigSnapshot	None	None	Unsafe	yields
ConfigService	SetTestingValue	Function	(key: string, value: Variant) -> ()	None	None	Unsafe	
ConfigSnapshot	Error	Property	ConfigSnapshotErrorState	None	None	ReadSafe	readonly,notreplicated,cap=Basic
ConfigSnapshot	GetValue	Function	(key: string) -> Variant	None	None	Unsafe	cap=Basic
ConfigSnapshot	GetValueChangedSignal	Function	(key: string) -> RBXScriptSignal	None	None	Unsafe	cap=Basic
ConfigSnapshot	Outdated	Property	bool	None	None	ReadSafe	readonly,notreplicated,cap=Basic
ConfigSnapshot	Refresh	Function	() -> ()	None	None	Unsafe	cap=Basic
ConfigSnapshot	UpdateAvailable	Event	()	None	None	Unsafe	cap=Basic
ConnectivityService	IsNetworkStateAvailable	Function	() -> bool	RobloxScriptSecurity	RobloxScriptSecurity	Unsafe	
ConnectivityService	NetworkStatus	Property	NetworkStatus	RobloxScriptSecurity	RobloxScriptSecurity	ReadSafe	readonly,notreplicated
Constraint	Active	Property	bool	None	None	ReadSafe	readonly,notreplicated,sim,cap=Physics
Constraint	Attachment0	Property	Attachment	None	None	ReadSafe	sim,cap=Physics
Constraint	Attachment1	Property	Attachment	None	None	ReadSafe	sim,cap=Physics
Constraint	Color	Property	BrickColor	None	None	ReadSafe	cap=Physics
Constraint	Enabled	Property	bool	None	None	ReadSafe	sim,cap=Physics
Constraint	GetDebugAppliedForce	Function	(bodyId: int) -> Vector3	None	None	Unsafe	deprecated,cap=Physics
Constraint	GetDebugAppliedTorque	Function	(bodyId: int) -> Vector3	None	None	Unsafe	deprecated,cap=Physics
Constraint	Visible	Property	bool	None	None	ReadSafe	cap=Physics
ContentProvider	AssetFetchFailed	Event	(assetId: ContentId)	None	None	Unsafe	cap=AssetManagement
ContentProvider	BaseUrl	Property	string	None	None	ReadSafe	readonly,notreplicated,cap=AssetManagement
ContentProvider	GetAssetFetchStatus	Function	(contentId: ContentId) -> AssetFetchStatus	None	None	Unsafe	cap=AssetManagement
ContentProvider	GetAssetFetchStatusChangedSignal	Function	(contentId: ContentId) -> RBXScriptSignal	None	None	Unsafe	cap=AssetManagement
ContentProvider	GetDependencyContentIds	Function	(root: Instance) -> Array	RobloxScriptSecurity	RobloxScriptSecurity	Unsafe	cap=AssetManagement
ContentProvider	GetDetailedFailedRequests	Function	() -> Array	RobloxScriptSecurity	RobloxScriptSecurity	Unsafe	cap=AssetManagement
ContentProvider	GetFailedRequests	Function	() -> Array	RobloxScriptSecurity	RobloxScriptSecurity	Unsafe	cap=AssetManagement
ContentProvider	ListEncryptedAssets	Function	() -> Array	None	None	Unsafe	cap=AssetManagement
ContentProvider	Preload	Function	(contentId: ContentId) -> ()	None	None	Unsafe	deprecated,prefer=PreloadAsync,cap=AssetManagement
ContentProvider	PreloadAsync	Function	(contentIdList: Array, callbackFunction: Function = nil) -> ()	None	None	Unsafe	yields,cap=AssetManagement
ContentProvider	RegisterDefaultEncryptionKey	Function	(encryptionKey: string) -> ()	None	None	Unsafe	cap=AssetManagement
ContentProvider	RegisterDefaultSessionKey	Function	(sessionKey: string) -> ()	None	None	Unsafe	cap=AssetManagement
ContentProvider	RegisterEncryptedAsset	Function	(assetId: ContentId, encryptionKey: string) -> ()	None	None	Unsafe	cap=AssetManagement
ContentProvider	RegisterSessionEncryptedAsset	Function	(contentId: ContentId, sessionKey: string) -> ()	None	None	Unsafe	cap=AssetManagement
ContentProvider	RequestQueueSize	Property	int	None	None	ReadSafe	readonly,notreplicated,cap=AssetManagement
ContentProvider	SetBaseUrl	Function	(url: string) -> ()	LocalUserSecurity	LocalUserSecurity	Unsafe	cap=AssetManagement
ContentProvider	UnregisterDefaultEncryptionKey	Function	() -> ()	None	None	Unsafe	cap=AssetManagement
ContentProvider	UnregisterEncryptedAsset	Function	(assetId: ContentId) -> ()	None	None	Unsafe	cap=AssetManagement
ContextActionService	BindAction	Function	(actionName: string, functionToBind: Function, createTouchButton: bool, inputTypes: Tuple) -> ()	None	None	Unsafe	cap=Input
ContextActionService	BindActionAtPriority	Function	(actionName: string, functionToBind: Function, createTouchButton: bool, priorityLevel: int, inputTypes: Tuple) -> ()	None	None	Unsafe	cap=Input
ContextActionService	BindActionToInputTypes	Function	(actionName: string, functionToBind: Function, createTouchButton: bool, inputTypes: Tuple) -> ()	None	None	Unsafe	deprecated,prefer=BindAction,cap=Input
ContextActionService	BindActivate	Function	(userInputTypeForActivation: UserInputType, keyCodesForActivation: Tuple) -> ()	None	None	Unsafe	cap=Input
ContextActionService	BindCoreAction	Function	(actionName: string, functionToBind: Function, createTouchButton: bool, inputTypes: Tuple) -> ()	RobloxScriptSecurity	RobloxScriptSecurity	Unsafe	cap=Input
ContextActionService	BindCoreActionAtPriority	Function	(actionName: string, functionToBind: Function, createTouchButton: bool, priorityLevel: int, inputTypes: Tuple) -> ()	RobloxScriptSecurity	RobloxScriptSecurity	Unsafe	cap=Input
ContextActionService	BindCoreActivate	Function	(userInputTypeForActivation: UserInputType, keyCodesForActivation: Tuple) -> ()	RobloxScriptSecurity	RobloxScriptSecurity	Unsafe	cap=Input
ContextActionService	BoundActionAdded	Event	(actionAdded: string, createTouchButton: bool, functionInfoTable: Dictionary, isCore: bool)	RobloxScriptSecurity	RobloxScriptSecurity	Unsafe	cap=Input
ContextActionService	BoundActionChanged	Event	(actionChanged: string, changeName: string, changeTable: Dictionary)	RobloxScriptSecurity	RobloxScriptSecurity	Unsafe	cap=Input
ContextActionService	BoundActionRemoved	Event	(actionRemoved: string, functionInfoTable: Dictionary, isCore: bool)	RobloxScriptSecurity	RobloxScriptSecurity	Unsafe	cap=Input
ContextActionService	CallFunction	Function	(actionName: string, state: UserInputState, inputObject: Instance) -> Tuple	RobloxScriptSecurity	RobloxScriptSecurity	Unsafe	cap=Input
ContextActionService	FireActionButtonFoundSignal	Function	(actionName: string, actionButton: Instance) -> ()	RobloxScriptSecurity	RobloxScriptSecurity	Unsafe	cap=Input
ContextActionService	GetActionButtonEvent	Event	(actionName: string)	RobloxScriptSecurity	RobloxScriptSecurity	Unsafe	cap=Input
ContextActionService	GetAllBoundActionInfo	Function	() -> Dictionary	None	None	Unsafe	cap=Input
ContextActionService	GetAllBoundCoreActionInfo	Function	() -> Dictionary	RobloxScriptSecurity	RobloxScriptSecurity	Unsafe	cap=Input
ContextActionService	GetBoundActionInfo	Function	(actionName: string) -> Dictionary	None	None	Unsafe	cap=Input
ContextActionService	GetBoundCoreActionInfo	Function	(actionName: string) -> Dictionary	RobloxScriptSecurity	RobloxScriptSecurity	Unsafe	cap=Input
ContextActionService	GetButton	Function	(actionName: string) -> Instance	None	None	Unsafe	yields,cap=Input
ContextActionService	GetCurrentLocalToolIcon	Function	() -> string	None	None	Unsafe	cap=Input
ContextActionService	GetInputContexts	Function	() -> Instances	RobloxScriptSecurity	RobloxScriptSecurity	Unsafe	cap=Input
ContextActionService	GetInputSchemaKeyCodeTree	Function	() -> Dictionary	RobloxScriptSecurity	RobloxScriptSecurity	Unsafe	cap=Input
ContextActionService	InputContextsChanged	Event	()	RobloxScriptSecurity	RobloxScriptSecurity	Unsafe	cap=Input
ContextActionService	LocalToolEquipped	Event	(toolEquipped: Instance)	None	None	Unsafe	cap=Input
ContextActionService	LocalToolUnequipped	Event	(toolUnequipped: Instance)	None	None	Unsafe	cap=Input
ContextActionService	SetDescription	Function	(actionName: string, description: string) -> ()	None	None	Unsafe	cap=Input
ContextActionService	SetImage	Function	(actionName: string, image: string) -> ()	None	None	Unsafe	cap=Input
ContextActionService	SetPosition	Function	(actionName: string, position: UDim2) -> ()	None	None	Unsafe	cap=Input
ContextActionService	SetTitle	Function	(actionName: string, title: string) -> ()	None	None	Unsafe	cap=Input
ContextActionService	UnbindAction	Function	(actionName: string) -> ()	None	None	Unsafe	cap=Input
ContextActionService	UnbindActivate	Function	(userInputTypeForActivation: UserInputType, keyCodeForActivation: KeyCode = None) -> ()	None	None	Unsafe	cap=Input
ContextActionService	UnbindAllActions	Function	() -> ()	None	None	Unsafe	cap=Input
ContextActionService	UnbindCoreAction	Function	(actionName: string) -> ()	RobloxScriptSecurity	RobloxScriptSecurity	Unsafe	cap=Input
ContextActionService	UnbindCoreActivate	Function	(userInputTypeForActivation: UserInputType, keyCodeForActivation: KeyCode = None) -> ()	RobloxScriptSecurity	RobloxScriptSecurity	Unsafe	cap=Input
ControlState	AddBoolField	Function	(name: string, defaultValue: bool = false) -> ()	None	None	Unsafe	undocumented
ControlState	AddCFrameField	Function	(name: string, defaultValue: CFrame = …) -> ()	None	None	Unsafe	undocumented
ControlState	AddInstanceField	Function	(name: string) -> ()	None	None	Unsafe	undocumented
ControlState	AddIntField	Function	(name: string, defaultValue: double = 0, min: double = 0, max: double = 255) -> ()	None	None	Unsafe	undocumented
ControlState	AddNumberField	Function	(name: string, defaultValue: double = 0, min: double = 0, max: double = 1) -> ()	None	None	Unsafe	undocumented
ControlState	AddUnitVector3Field	Function	(name: string, defaultValue: Vector3 = 0, 0, 0) -> ()	None	None	Unsafe	undocumented
ControlState	AddVector2Field	Function	(name: string, defaultValue: Vector2 = 0, 0, maxMagnitude: double = 1) -> ()	None	None	Unsafe	undocumented
ControlState	AddVector3Field	Function	(name: string, defaultValue: Vector3 = 0, 0, 0, maxMagnitude: double = 100) -> ()	None	None	Unsafe	undocumented
ControlState	GetChangedState	Function	(prev: StateReferenceFrame = PreviousState, next: StateReferenceFrame = CurrentState) -> Dictionary	None	None	Unsafe	sim,undocumented
ControlState	GetReplicationWeight	Function	() -> double	None	None	Unsafe	undocumented
ControlState	GetState	Function	(ref: StateReferenceFrame = CurrentState) -> Dictionary	None	None	Unsafe	sim,undocumented
ControlState	OnStateChanged	Event	()	None	None	Unsafe	undocumented
ControlState	Owner	Property	Player	None	None	ReadSafe	sim,undocumented
ControlState	SetField	Function	(name: string, value: Variant) -> ()	None	None	Unsafe	undocumented
ControlState	StateSchema	Property	BinaryString	RobloxSecurity	RobloxSecurity	ReadSafe	hidden,notscriptable
ControlState	UpdateFields	Function	(state: Dictionary) -> ()	None	None	Unsafe	undocumented
Controller	BindButton	Function	(button: Button, caption: string) -> ()	None	None	Unsafe	
Controller	ButtonChanged	Event	(button: Button)	None	None	Unsafe	
Controller	GetButton	Function	(button: Button) -> bool	None	None	Unsafe	
Controller	UnbindButton	Function	(button: Button) -> ()	None	None	Unsafe	
Controller	bindButton	Function	(button: Button, caption: string) -> ()	None	None	Unsafe	deprecated,prefer=BindButton
Controller	getButton	Function	(button: Button) -> bool	None	None	Unsafe	deprecated,prefer=GetButton
ControllerBase	Active	Property	bool	None	None	ReadSafe	readonly,notreplicated,sim
ControllerBase	BalanceRigidityEnabled	Property	bool	None	None	ReadSafe	sim
ControllerBase	MoveSpeedFactor	Property	float	None	None	ReadSafe	sim
ControllerManager	ActiveController	Property	ControllerBase	None	None	ReadSafe	sim,cap=AvatarBehavior
ControllerManager	BaseMoveSpeed	Property	float	None	None	ReadSafe	sim,cap=AvatarBehavior
ControllerManager	BaseTurnSpeed	Property	float	None	None	ReadSafe	sim,cap=AvatarBehavior
ControllerManager	ClimbSensor	Property	ControllerSensor	None	None	ReadSafe	sim,cap=AvatarBehavior
ControllerManager	FacingDirection	Property	Vector3	None	None	ReadSafe	sim,cap=AvatarBehavior
ControllerManager	GroundSensor	Property	ControllerSensor	None	None	ReadSafe	sim,cap=AvatarBehavior
ControllerManager	MovingDirection	Property	Vector3	None	None	ReadSafe	sim,cap=AvatarBehavior
ControllerManager	RootPart	Property	BasePart	None	None	ReadSafe	sim,cap=AvatarBehavior
ControllerManager	UpDirection	Property	Vector3	None	None	ReadSafe	sim,cap=AvatarBehavior
ControllerPartSensor	HitFrame	Property	CFrame	None	None	ReadSafe	sim,cap=Basic
ControllerPartSensor	HitNormal	Property	Vector3	None	None	ReadSafe	sim,cap=Basic
ControllerPartSensor	LadderSearchHeight	Property	float	None	None	ReadSafe	sim,cap=Basic
ControllerPartSensor	LadderSearchOffset	Property	float	None	None	ReadSafe	sim,cap=Basic
ControllerPartSensor	SearchDistance	Property	float	None	None	ReadSafe	sim,cap=Basic
ControllerPartSensor	SensedMaterial	Property	Material	None	None	ReadSafe	sim,cap=Basic
ControllerPartSensor	SensedPart	Property	BasePart	None	None	ReadSafe	sim,cap=Basic
ControllerPartSensor	SensorMode	Property	SensorMode	None	None	ReadSafe	sim,cap=Basic
CoreGui	SelectionImageObject	Property	GuiObject	RobloxScriptSecurity	RobloxScriptSecurity	ReadSafe	cap=UI
CoreGui	SetUserGuiRendering	Function	(enabled: bool, guiAdornee: Instance, faceId: NormalId, horizontalCurvature: float = 0) -> ()	RobloxScriptSecurity	RobloxScriptSecurity	Unsafe	cap=UI
CoreGui	TakeScreenshot	Function	() -> ()	RobloxScriptSecurity	RobloxScriptSecurity	Unsafe	cap=UI
CoreGui	ToggleRecording	Function	() -> ()	RobloxScriptSecurity	RobloxScriptSecurity	Unsafe	cap=UI
CoreGui	UserGuiRenderingChanged	Event	(enabled: bool, guiAdornee: Instance, faceId: NormalId, horizontalCurvature: float)	RobloxScriptSecurity	RobloxScriptSecurity	Unsafe	cap=UI
CoreGui	Version	Property	int	None	None	ReadSafe	readonly,notreplicated,cap=UI
CoreGuiConfiguration	CapturesViewConfiguration	Property	CapturesViewConfiguration	None	None	ReadSafe	cap=Capture|UI
CoreGuiConfiguration	PlayerListConfiguration	Property	PlayerListConfiguration	None	None	ReadSafe	cap=UI
CoreGuiConfiguration	SelfViewConfiguration	Property	SelfViewConfiguration	None	None	ReadSafe	cap=UI
CoreScriptSyncService	GetScriptFilePath	Function	(script: Instance) -> Variant	RobloxScriptSecurity	RobloxScriptSecurity	Unsafe	
CreatorStoreService	GetAssetInfoAsync	Function	(assetId: int64) -> Dictionary	RobloxScriptSecurity	RobloxScriptSecurity	Unsafe	yields
CreatorStoreService	GetCreatorStoreProductInfoAsync	Function	(productTargetId: int64, assetType: string) -> Dictionary	RobloxScriptSecurity	RobloxScriptSecurity	Unsafe	yields
CreatorStoreService	PerformCreatorStorePurchase	Function	(productTargetId: int64, assetType: string) -> Dictionary	RobloxScriptSecurity	RobloxScriptSecurity	Unsafe	yields
CrossDMScriptChangeListener	GuidLineContentsChanged	Event	(guid: string, lineNumber: int, contents: string)	RobloxScriptSecurity	RobloxScriptSecurity	Unsafe	
CrossDMScriptChangeListener	GuidNameChanged	Event	(guid: string, fullName: string)	RobloxScriptSecurity	RobloxScriptSecurity	Unsafe	
CrossDMScriptChangeListener	IsWatchingScriptLine	Function	(scriptRef: string, lineNumber: int) -> bool	RobloxScriptSecurity	RobloxScriptSecurity	Unsafe	
CrossDMScriptChangeListener	StartWatchingScriptLine	Function	(scriptRef: string, debuggerConnectionId: int, lineNumber: int) -> ()	RobloxScriptSecurity	RobloxScriptSecurity	Unsafe	
CustomEvent	GetAttachedReceivers	Function	() -> Instances	None	None	Unsafe	
CustomEvent	PersistedCurrentValue	Property	float	None	None	ReadSafe	hidden,notscriptable
CustomEvent	ReceiverConnected	Event	(receiver: Instance)	None	None	Unsafe	
CustomEvent	ReceiverDisconnected	Event	(receiver: Instance)	None	None	Unsafe	
CustomEvent	SetValue	Function	(newValue: float) -> ()	None	None	Unsafe	
CustomEventReceiver	EventConnected	Event	(event: Instance)	None	None	Unsafe	
CustomEventReceiver	EventDisconnected	Event	(event: Instance)	None	None	Unsafe	
CustomEventReceiver	GetCurrentValue	Function	() -> float	None	None	Unsafe	
CustomEventReceiver	Source	Property	Instance	None	None	ReadSafe	
CustomEventReceiver	SourceValueChanged	Event	(newValue: float)	None	None	Unsafe	
CustomLog	Close	Function	() -> ()	None	None	Unsafe	cap=InternalTest
CustomLog	GetLogPath	Function	() -> string	None	None	Unsafe	cap=InternalTest
CustomLog	Open	Function	() -> ()	None	None	Unsafe	cap=InternalTest
CustomLog	WriteAppend	Function	(append: string) -> ()	None	None	Unsafe	cap=InternalTest
CylinderHandleAdornment	Angle	Property	float	None	None	ReadSafe	cap=Basic|UI
CylinderHandleAdornment	Height	Property	float	None	None	ReadSafe	cap=Basic|UI
CylinderHandleAdornment	InnerRadius	Property	float	None	None	ReadSafe	cap=Basic|UI
CylinderHandleAdornment	Radius	Property	float	None	None	ReadSafe	cap=Basic|UI
CylinderHandleAdornment	Shading	Property	AdornShading	None	None	ReadSafe	cap=Basic|UI
CylindricalConstraint	AngularActuatorType	Property	ActuatorType	None	None	ReadSafe	sim,cap=Physics
CylindricalConstraint	AngularLimitsEnabled	Property	bool	None	None	ReadSafe	sim,cap=Physics
CylindricalConstraint	AngularResponsiveness	Property	float	None	None	ReadSafe	sim,cap=Physics
CylindricalConstraint	AngularRestitution	Property	float	None	None	ReadSafe	sim,cap=Physics
CylindricalConstraint	AngularSpeed	Property	float	None	None	ReadSafe	sim,cap=Physics
CylindricalConstraint	AngularVelocity	Property	float	None	None	ReadSafe	sim,cap=Physics
CylindricalConstraint	CurrentAngle	Property	float	None	None	ReadSafe	readonly,notreplicated,sim,cap=Physics
CylindricalConstraint	InclinationAngle	Property	float	None	None	ReadSafe	sim,cap=Physics
CylindricalConstraint	LowerAngle	Property	float	None	None	ReadSafe	sim,cap=Physics
CylindricalConstraint	MotorMaxAngularAcceleration	Property	float	None	None	ReadSafe	sim,cap=Physics
CylindricalConstraint	MotorMaxTorque	Property	float	None	None	ReadSafe	sim,cap=Physics
CylindricalConstraint	RotationAxisVisible	Property	bool	None	None	ReadSafe	cap=Physics
CylindricalConstraint	ServoMaxTorque	Property	float	None	None	ReadSafe	sim,cap=Physics
CylindricalConstraint	SoftlockAngularServoUponReachingTarget	Property	bool	None	None	ReadSafe	deprecated,sim,cap=Physics
CylindricalConstraint	TargetAngle	Property	float	None	None	ReadSafe	sim,cap=Physics
CylindricalConstraint	UpperAngle	Property	float	None	None	ReadSafe	sim,cap=Physics
CylindricalConstraint	WorldRotationAxis	Property	Vector3	None	None	ReadSafe	readonly,notreplicated,sim,cap=Physics
DataModel	AllowedGearTypeChanged	Event	()	None	None	Unsafe	deprecated
DataModel	BindToClose	Function	(function: Function) -> ()	None	None	Unsafe	
DataModel	CreatorId	Property	int64	None	None	ReadSafe	readonly,notreplicated
DataModel	CreatorType	Property	CreatorType	None	None	ReadSafe	readonly,notreplicated
DataModel	DefineFastFlag	Function	(name: string, defaultValue: bool) -> bool	RobloxScriptSecurity	RobloxScriptSecurity	Unsafe	
DataModel	DefineFastInt	Function	(name: string, defaultValue: int) -> int	RobloxScriptSecurity	RobloxScriptSecurity	Unsafe	
DataModel	DefineFastString	Function	(name: string, defaultValue: string) -> string	RobloxScriptSecurity	RobloxScriptSecurity	Unsafe	
DataModel	Environment	Property	string	RobloxScriptSecurity	RobloxScriptSecurity	ReadSafe	readonly,notreplicated
DataModel	ForceR15	Property	bool	RobloxSecurity	RobloxSecurity	ReadSafe	hidden,notscriptable
DataModel	GameAvatarType	Property	GameAvatarType	RobloxSecurity	RobloxSecurity	ReadSafe	hidden,notscriptable,deprecated
DataModel	GameId	Property	int64	None	None	ReadSafe	readonly,notreplicated
DataModel	GearGenreSetting	Property	GearGenreSetting	None	None	ReadSafe	readonly,notreplicated,deprecated
DataModel	Genre	Property	Genre	None	None	ReadSafe	readonly,notreplicated
DataModel	GetEngineFeature	Function	(name: string) -> bool	LocalUserSecurity	LocalUserSecurity	Unsafe	
DataModel	GetFastFlag	Function	(name: string) -> bool	LocalUserSecurity	LocalUserSecurity	Unsafe	
DataModel	GetFastInt	Function	(name: string) -> int	LocalUserSecurity	LocalUserSecurity	Unsafe	
DataModel	GetFastString	Function	(name: string) -> string	LocalUserSecurity	LocalUserSecurity	Unsafe	
DataModel	GetJobsInfo	Function	() -> Array	PluginSecurity	PluginSecurity	Unsafe	
DataModel	GetMessage	Function	() -> string	None	None	Unsafe	deprecated
DataModel	GetObjects	Function	(url: ContentId) -> Instances	PluginSecurity	PluginSecurity	Unsafe	
DataModel	GetObjectsAllOrNone	Function	(url: ContentId) -> Instances	RobloxScriptSecurity	RobloxScriptSecurity	Unsafe	
DataModel	GetObjectsAsync	Function	(url: ContentId) -> Instances	RobloxScriptSecurity	RobloxScriptSecurity	Unsafe	yields
DataModel	GetObjectsList	Function	(urls: Array) -> Array	RobloxScriptSecurity	RobloxScriptSecurity	Unsafe	
DataModel	GetPioneerRootPlaceId	Function	() -> int64	RobloxScriptSecurity	RobloxScriptSecurity	Unsafe	
DataModel	GetPioneerSource	Function	() -> PioneerSource	RobloxScriptSecurity	RobloxScriptSecurity	Unsafe	
DataModel	GetPlaySessionId	Function	() -> string	RobloxScriptSecurity	RobloxScriptSecurity	Unsafe	
DataModel	GetRemoteBuildMode	Function	() -> bool	None	None	Unsafe	deprecated
DataModel	GraphicsQualityChangeRequest	Event	(betterQuality: bool)	None	None	Unsafe	
DataModel	HttpGetAsync	Function	(url: string, httpRequestType: HttpRequestType = Default) -> string	RobloxScriptSecurity	RobloxScriptSecurity	Unsafe	yields
DataModel	HttpPostAsync	Function	(url: string, data: string, contentType: string = */*, httpRequestType: HttpRequestType = Default) -> string	RobloxScriptSecurity	RobloxScriptSecurity	Unsafe	yields
DataModel	InsertObjectsAndJoinIfLegacyAsync	Function	(url: ContentId) -> Instances	RobloxScriptSecurity	RobloxScriptSecurity	Unsafe	yields
DataModel	IsContentLoaded	Function	() -> bool	RobloxScriptSecurity	RobloxScriptSecurity	Unsafe	
DataModel	IsGearTypeAllowed	Function	(gearType: GearType) -> bool	None	None	Unsafe	deprecated
DataModel	IsLoaded	Function	() -> bool	None	None	Unsafe	
DataModel	IsPioneerApp	Function	() -> bool	RobloxScriptSecurity	RobloxScriptSecurity	Unsafe	
DataModel	IsPioneerBuild	Property	bool	RobloxScriptSecurity	RobloxScriptSecurity	ReadSafe	hidden,readonly,notreplicated,deprecated
DataModel	IsSFFlagsLoaded	Property	bool	RobloxScriptSecurity	RobloxScriptSecurity	ReadSafe	hidden,readonly,notreplicated
DataModel	IsUniverseMetadataLoaded	Function	() -> bool	RobloxScriptSecurity	RobloxScriptSecurity	Unsafe	
DataModel	ItemChanged	Event	(object: Instance, descriptor: string)	None	None	Unsafe	deprecated
DataModel	JobId	Property	string	None	None	ReadSafe	readonly,notreplicated
DataModel	Load	Function	(url: ContentId) -> ()	LocalUserSecurity	LocalUserSecurity	Unsafe	
DataModel	Loaded	Event	()	None	None	Unsafe	
DataModel	MatchmakingType	Property	MatchmakingType	None	None	ReadSafe	readonly,notreplicated
DataModel	OnClose	Callback	() -> Tuple	None	None	Unsafe	deprecated,prefer=BindToClose
DataModel	OpenLogsFolder	Function	() -> ()	RobloxScriptSecurity	RobloxScriptSecurity	Unsafe	
DataModel	OpenScreenshotsFolder	Function	() -> ()	RobloxScriptSecurity	RobloxScriptSecurity	Unsafe	
DataModel	OpenVideosFolder	Function	() -> ()	RobloxScriptSecurity	RobloxScriptSecurity	Unsafe	
DataModel	PioneerSource	Property	PioneerSource	RobloxScriptSecurity	RobloxScriptSecurity	ReadSafe	hidden,readonly,notreplicated,deprecated
DataModel	PlaceId	Property	int64	None	None	ReadSafe	readonly,notreplicated
DataModel	PlaceVersion	Property	int	None	None	ReadSafe	readonly,notreplicated
DataModel	PrivateServerId	Property	string	None	None	ReadSafe	readonly,notreplicated
DataModel	PrivateServerOwnerId	Property	int64	None	None	ReadSafe	readonly,notreplicated
DataModel	R15CollisionType	Property	R15CollisionType	RobloxSecurity	RobloxSecurity	ReadSafe	hidden,notscriptable,deprecated
DataModel	RunService	Property	RunService	None	None	ReadSafe	readonly,notreplicated
DataModel	SavePlace	Function	(saveFilter: SaveFilter = SaveAll) -> bool	None	None	Unsafe	yields,deprecated
DataModel	ScreenshotReady	Event	(path: string)	RobloxScriptSecurity	RobloxScriptSecurity	Unsafe	
DataModel	ScreenshotSavedToAlbum	Event	(filename: string, success: bool, message: string)	RobloxScriptSecurity	RobloxScriptSecurity	Unsafe	
DataModel	ServerLifecycleChanged	Event	(serverLifecycleChangedEvent: Dictionary)	None	None	Unsafe	cap=ServerCommunication,undocumented
DataModel	ServerLowMemoryWarning	Event	()	None	None	Unsafe	undocumented
DataModel	ServerRestartScheduled	Event	(restartTime: DateTime, source: CloseReason, attributes: Dictionary)	None	None	Unsafe	cap=ServerCommunication
DataModel	SetFastFlagForTesting	Function	(name: string, newValue: bool) -> bool	RobloxScriptSecurity	RobloxScriptSecurity	Unsafe	
DataModel	SetFastIntForTesting	Function	(name: string, newValue: int) -> int	RobloxScriptSecurity	RobloxScriptSecurity	Unsafe	
DataModel	SetFastStringForTesting	Function	(name: string, newValue: string) -> string	RobloxScriptSecurity	RobloxScriptSecurity	Unsafe	
DataModel	SetFlagVersion	Function	(name: string, version: int) -> ()	RobloxScriptSecurity	RobloxScriptSecurity	Unsafe	
DataModel	SetIsLoaded	Function	(value: bool, placeSizeInBytes: int?) -> ()	RobloxScriptSecurity	RobloxScriptSecurity	Unsafe	
DataModel	SetPlaceId	Function	(placeId: int64) -> ()	PluginSecurity	PluginSecurity	Unsafe	
DataModel	SetUniverseId	Function	(universeId: int64) -> ()	PluginSecurity	PluginSecurity	Unsafe	
DataModel	Shutdown	Function	() -> ()	LocalUserSecurity	LocalUserSecurity	Unsafe	
DataModel	UniverseMetadataLoaded	Event	()	RobloxScriptSecurity	RobloxScriptSecurity	Unsafe	
DataModel	VIPServerId	Property	string	None	None	ReadSafe	hidden,readonly,notreplicated,deprecated,prefer=PrivateServerId
DataModel	VIPServerOwnerId	Property	int64	None	None	ReadSafe	hidden,readonly,notreplicated,deprecated,prefer=PrivateServerOwnerId
DataModel	Workspace	Property	Workspace	None	None	ReadSafe	readonly,notreplicated
DataModel	getGameTime	Function	() -> double	RobloxScriptSecurity	RobloxScriptSecurity	Unsafe	
DataModel	lighting	Property	Instance	None	None	ReadSafe	readonly,notreplicated,deprecated
DataModel	workspace	Property	Workspace	None	None	ReadSafe	readonly,notreplicated,deprecated,prefer=Workspace
DataModelDiff	GetChangeType	Function	(identity: ScopedInstanceIdentity) -> DataModelChangeType?	RobloxScriptSecurity	RobloxScriptSecurity	Unsafe	call:plugin-only
DataModelDiff	GetIdentities	Function	() -> Array	RobloxScriptSecurity	RobloxScriptSecurity	Unsafe	call:plugin-only
DataModelDiff	GetPropertyNames	Function	(identity: ScopedInstanceIdentity) -> Array	RobloxScriptSecurity	RobloxScriptSecurity	Unsafe	call:plugin-only
DataModelMesh	Offset	Property	Vector3	None	None	ReadSafe	
DataModelMesh	Scale	Property	Vector3	None	None	ReadSafe	
DataModelMesh	VertexColor	Property	Vector3	None	None	ReadSafe	
DataModelSession	CurrentDataModelType	Property	StudioDataModelType	RobloxScriptSecurity	RobloxScriptSecurity	ReadSafe	hidden,readonly,notreplicated
DataModelSession	CurrentDataModelTypeAboutToChange	Event	(dataModelType: StudioDataModelType)	RobloxScriptSecurity	RobloxScriptSecurity	Unsafe	
DataModelSession	CurrentDataModelTypeChanged	Event	()	RobloxScriptSecurity	RobloxScriptSecurity	Unsafe	
DataModelSession	SessionId	Property	string	RobloxScriptSecurity	RobloxScriptSecurity	ReadSafe	hidden,readonly,notreplicated
DataStore	GetVersionAsync	Function	(key: string, version: string) -> Tuple	None	None	Unsafe	yields,cap=DataStore
DataStore	GetVersionAtTimeAsync	Function	(key: string, timestamp: int64) -> Tuple	None	None	Unsafe	yields,cap=DataStore
DataStore	ListKeysAsync	Function	(prefix: string = , pageSize: int = 0, cursor: string = , excludeDeleted: bool = false) -> DataStoreKeyPages	None	None	Unsafe	yields,cap=DataStore
DataStore	ListVersionsAsync	Function	(key: string, sortDirection: SortDirection = Ascending, minDate: int64 = 0, maxDate: int64 = 0, pageSize: int = 0) -> DataStoreVersionPages	None	None	Unsafe	yields,cap=DataStore
DataStore	RemoveVersionAsync	Function	(key: string, version: string) -> ()	None	None	Unsafe	yields,deprecated,cap=DataStore
DataStoreGetOptions	UseCache	Property	bool	None	None	ReadSafe	cap=DataStore
DataStoreIncrementOptions	GetMetadata	Function	() -> Dictionary	None	None	Unsafe	cap=DataStore
DataStoreIncrementOptions	SetMetadata	Function	(attributes: Dictionary) -> ()	None	None	Unsafe	cap=DataStore
DataStoreInfo	CreatedTime	Property	int64	None	None	ReadSafe	readonly,notreplicated,cap=DataStore
DataStoreInfo	DataStoreName	Property	string	None	None	ReadSafe	readonly,notreplicated,cap=DataStore
DataStoreInfo	UpdatedTime	Property	int64	None	None	ReadSafe	readonly,notreplicated,cap=DataStore
DataStoreKey	KeyName	Property	string	None	None	ReadSafe	readonly,notreplicated,cap=DataStore
DataStoreKeyInfo	CreatedTime	Property	int64	None	None	ReadSafe	readonly,notreplicated,cap=DataStore
DataStoreKeyInfo	GetMetadata	Function	() -> Dictionary	None	None	Unsafe	cap=DataStore
DataStoreKeyInfo	GetUserIds	Function	() -> Array	None	None	Unsafe	cap=DataStore
DataStoreKeyInfo	UpdatedTime	Property	int64	None	None	ReadSafe	readonly,notreplicated,cap=DataStore
DataStoreKeyInfo	Version	Property	string	None	None	ReadSafe	readonly,notreplicated,cap=DataStore
DataStoreKeyPages	Cursor	Property	string	None	None	ReadSafe	readonly,notreplicated,cap=DataStore
DataStoreListingPages	Cursor	Property	string	None	None	ReadSafe	readonly,notreplicated,cap=DataStore
DataStoreObjectVersionInfo	CreatedTime	Property	int64	None	None	ReadSafe	readonly,notreplicated,cap=DataStore
DataStoreObjectVersionInfo	IsDeleted	Property	bool	None	None	ReadSafe	readonly,notreplicated,cap=DataStore
DataStoreObjectVersionInfo	Version	Property	string	None	None	ReadSafe	readonly,notreplicated,cap=DataStore
DataStoreOptions	AllScopes	Property	bool	None	None	ReadSafe	cap=DataStore
DataStoreOptions	SetExperimentalFeatures	Function	(experimentalFeatures: Dictionary) -> ()	None	None	Unsafe	cap=DataStore
DataStoreService	AutomaticRetry	Property	bool	LocalUserSecurity	LocalUserSecurity	ReadSafe	notreplicated,cap=DataStore
DataStoreService	GetDataStore	Function	(name: string, scope: string = global, options: Instance = nil) -> DataStore	None	None	Unsafe	cap=DataStore
DataStoreService	GetGlobalDataStore	Function	() -> DataStore	None	None	Unsafe	cap=DataStore
DataStoreService	GetOrderedDataStore	Function	(name: string, scope: string = global) -> OrderedDataStore	None	None	Unsafe	cap=DataStore
DataStoreService	GetRequestBudgetForRequestType	Function	(requestType: DataStoreRequestType) -> int	None	None	Unsafe	cap=DataStore
DataStoreService	LegacyNamingScheme	Property	bool	LocalUserSecurity	LocalUserSecurity	ReadSafe	hidden,deprecated,cap=DataStore
DataStoreService	ListDataStoresAsync	Function	(prefix: string = , pageSize: int = 0, cursor: string = ) -> DataStoreListingPages	None	None	Unsafe	yields,cap=DataStore
DataStoreService	SetRateLimitForRequestType	Function	(requestType: DataStoreRequestType, baseLimit: int, perPlayerLimit: int) -> ()	None	None	Unsafe	cap=DataStore
DataStoreSetOptions	GetMetadata	Function	() -> Dictionary	None	None	Unsafe	cap=DataStore
DataStoreSetOptions	SetMetadata	Function	(attributes: Dictionary) -> ()	None	None	Unsafe	cap=DataStore
Debris	AddItem	Function	(item: Instance, lifetime: double = 10) -> ()	None	None	Unsafe	cap=Basic
Debris	MaxItems	Property	int	None	None	ReadSafe	deprecated,cap=Basic
Debris	SetLegacyMaxItems	Function	(enabled: bool) -> ()	LocalUserSecurity	LocalUserSecurity	Unsafe	cap=Basic
Debris	addItem	Function	(item: Instance, lifetime: double = 10) -> ()	None	None	Unsafe	deprecated,cap=Basic
DebugSettings	DataModel	Property	int	PluginSecurity	PluginSecurity	ReadSafe	readonly,notreplicated
DebugSettings	InstanceCount	Property	int	PluginSecurity	PluginSecurity	ReadSafe	readonly,notreplicated
DebugSettings	IsScriptStackTracingEnabled	Property	bool	PluginSecurity	PluginSecurity	ReadSafe	
DebugSettings	JobCount	Property	int	PluginSecurity	PluginSecurity	ReadSafe	readonly,notreplicated
DebugSettings	PlayerCount	Property	int	PluginSecurity	PluginSecurity	ReadSafe	readonly,notreplicated
DebugSettings	ReportSoundWarnings	Property	bool	PluginSecurity	PluginSecurity	ReadSafe	
DebugSettings	RobloxVersion	Property	string	PluginSecurity	PluginSecurity	ReadSafe	readonly,notreplicated
DebugSettings	TickCountPreciseOverride	Property	TickCountSampleMethod	PluginSecurity	PluginSecurity	ReadSafe	
DebuggerBreakpoint	Condition	Property	string	None	None	ReadSafe	undocumented
DebuggerBreakpoint	ContinueExecution	Property	bool	None	None	ReadSafe	undocumented
DebuggerBreakpoint	IsEnabled	Property	bool	None	None	ReadSafe	undocumented
DebuggerBreakpoint	Line	Property	int	None	None	ReadSafe	readonly,notreplicated,undocumented
DebuggerBreakpoint	LogExpression	Property	string	None	None	ReadSafe	undocumented
DebuggerBreakpoint	isContextDependentBreakpoint	Property	bool	None	None	ReadSafe	undocumented
DebuggerBreakpoint	line	Property	int	None	None	ReadSafe	hidden,notscriptable
DebuggerConnection	AddBreakpoint	Function	(script: string, line: int, breakpoint: Breakpoint) -> ()	RobloxScriptSecurity	RobloxScriptSecurity	Unsafe	
DebuggerConnection	BreakpointAdded	Event	(breakpoint: Breakpoint)	RobloxScriptSecurity	RobloxScriptSecurity	Unsafe	
DebuggerConnection	BreakpointChanged	Event	(breakpoint: Breakpoint)	RobloxScriptSecurity	RobloxScriptSecurity	Unsafe	
DebuggerConnection	BreakpointRemoved	Event	(breakpoint: Breakpoint, reason: BreakpointRemoveReason)	RobloxScriptSecurity	RobloxScriptSecurity	Unsafe	
DebuggerConnection	Close	Function	() -> ()	RobloxScriptSecurity	RobloxScriptSecurity	Unsafe	
DebuggerConnection	ErrorMessage	Property	string	RobloxScriptSecurity	RobloxScriptSecurity	ReadSafe	hidden,readonly,notreplicated
DebuggerConnection	EvaluateWatch	Function	(expression: string, frame: StackFrame, callback: Function) -> int	RobloxScriptSecurity	RobloxScriptSecurity	Unsafe	
DebuggerConnection	GetFrameById	Function	(id: int) -> StackFrame	RobloxScriptSecurity	RobloxScriptSecurity	Unsafe	
DebuggerConnection	GetSource	Function	(scriptRef: string, status: Function) -> int	RobloxScriptSecurity	RobloxScriptSecurity	Unsafe	
DebuggerConnection	GetThreadById	Function	(id: int) -> ThreadState	RobloxScriptSecurity	RobloxScriptSecurity	Unsafe	
DebuggerConnection	GetThreads	Function	(callback: Function) -> int	RobloxScriptSecurity	RobloxScriptSecurity	Unsafe	
DebuggerConnection	GetVariableById	Function	(id: int) -> DebuggerVariable	RobloxScriptSecurity	RobloxScriptSecurity	Unsafe	
DebuggerConnection	HasError	Property	bool	RobloxScriptSecurity	RobloxScriptSecurity	ReadSafe	hidden,readonly,notreplicated
DebuggerConnection	Id	Property	int	RobloxScriptSecurity	RobloxScriptSecurity	ReadSafe	hidden,readonly,notreplicated
DebuggerConnection	IsPaused	Property	bool	RobloxScriptSecurity	RobloxScriptSecurity	ReadSafe	hidden,readonly,notreplicated
DebuggerConnection	Pause	Function	(thread: ThreadState, status: Function) -> int	RobloxScriptSecurity	RobloxScriptSecurity	Unsafe	
DebuggerConnection	Paused	Event	(pausedState: PausedState, reason: DebuggerPauseReason)	RobloxScriptSecurity	RobloxScriptSecurity	Unsafe	
DebuggerConnection	Populate	Function	(instance: Instance, callback: Function) -> int	RobloxScriptSecurity	RobloxScriptSecurity	Unsafe	
DebuggerConnection	RemoveBreakpoint	Function	(breakpoint: Breakpoint) -> ()	RobloxScriptSecurity	RobloxScriptSecurity	Unsafe	
DebuggerConnection	Resume	Function	(thread: ThreadState, status: Function) -> int	RobloxScriptSecurity	RobloxScriptSecurity	Unsafe	
DebuggerConnection	Resumed	Event	(pausedState: PausedState)	RobloxScriptSecurity	RobloxScriptSecurity	Unsafe	
DebuggerConnection	SetExceptionBreakMode	Function	(breakMode: DebuggerExceptionBreakMode, callback: Function) -> int	RobloxScriptSecurity	RobloxScriptSecurity	Unsafe	
DebuggerConnection	SetVariable	Function	(variable: DebuggerVariable, value: string, callback: Function) -> int	RobloxScriptSecurity	RobloxScriptSecurity	Unsafe	
DebuggerConnection	Step	Function	(thread: ThreadState, callback: Function) -> int	RobloxScriptSecurity	RobloxScriptSecurity	Unsafe	
DebuggerConnection	StepIn	Function	(thread: ThreadState, callback: Function) -> int	RobloxScriptSecurity	RobloxScriptSecurity	Unsafe	
DebuggerConnection	StepOut	Function	(thread: ThreadState, callback: Function) -> int	RobloxScriptSecurity	RobloxScriptSecurity	Unsafe	
DebuggerConnection	UpdateSelectedFrame	Function	(threadId: int, frameNumber: int) -> ()	RobloxScriptSecurity	RobloxScriptSecurity	Unsafe	
DebuggerConnectionManager	ConnectLocal	Function	(dataModel: DataModel) -> int	RobloxScriptSecurity	RobloxScriptSecurity	Unsafe	
DebuggerConnectionManager	ConnectionEnded	Event	(connection: DebuggerConnection, reason: DebuggerEndReason)	RobloxScriptSecurity	RobloxScriptSecurity	Unsafe	
DebuggerConnectionManager	ConnectionStarted	Event	(connection: DebuggerConnection)	RobloxScriptSecurity	RobloxScriptSecurity	Unsafe	
DebuggerConnectionManager	FocusChanged	Event	(connection: DebuggerConnection)	RobloxScriptSecurity	RobloxScriptSecurity	Unsafe	
DebuggerConnectionManager	FocusConnection	Function	(connection: DebuggerConnection) -> ()	RobloxScriptSecurity	RobloxScriptSecurity	Unsafe	
DebuggerConnectionManager	GetAvailableConnection	Function	() -> DebuggerConnection	RobloxScriptSecurity	RobloxScriptSecurity	Unsafe	
DebuggerConnectionManager	GetConnectionById	Function	(id: int) -> DebuggerConnection	RobloxScriptSecurity	RobloxScriptSecurity	Unsafe	
DebuggerConnectionManager	Timeout	Property	double	RobloxScriptSecurity	RobloxScriptSecurity	ReadSafe	hidden,notreplicated
DebuggerLuaResponse	GetArg	Function	() -> Variant	RobloxScriptSecurity	RobloxScriptSecurity	Unsafe	
DebuggerLuaResponse	IsError	Property	bool	RobloxScriptSecurity	RobloxScriptSecurity	ReadSafe	hidden,readonly,notreplicated
DebuggerLuaResponse	IsSuccess	Property	bool	RobloxScriptSecurity	RobloxScriptSecurity	ReadSafe	hidden,readonly,notreplicated
DebuggerLuaResponse	Message	Property	string	RobloxScriptSecurity	RobloxScriptSecurity	ReadSafe	hidden,readonly,notreplicated
DebuggerLuaResponse	RequestId	Property	int	RobloxScriptSecurity	RobloxScriptSecurity	ReadSafe	hidden,readonly,notreplicated
DebuggerLuaResponse	Status	Property	DebuggerStatus	RobloxScriptSecurity	RobloxScriptSecurity	ReadSafe	hidden,readonly,notreplicated
DebuggerManager	AddDebugger	Function	(script: Instance) -> Instance	None	None	Unsafe	undocumented
DebuggerManager	DebuggerAdded	Event	(debugger: Instance)	None	None	Unsafe	undocumented
DebuggerManager	DebuggerRemoved	Event	(debugger: Instance)	None	None	Unsafe	undocumented
DebuggerManager	DebuggingEnabled	Property	bool	None	None	ReadSafe	readonly,notreplicated,undocumented
DebuggerManager	EnableDebugging	Function	() -> ()	LocalUserSecurity	LocalUserSecurity	Unsafe	
DebuggerManager	GetDebuggers	Function	() -> Instances	None	None	Unsafe	undocumented
DebuggerManager	Resume	Function	() -> ()	None	None	Unsafe	undocumented
DebuggerManager	StepIn	Function	() -> ()	None	None	Unsafe	deprecated
DebuggerManager	StepOut	Function	() -> ()	None	None	Unsafe	deprecated
DebuggerManager	StepOver	Function	() -> ()	None	None	Unsafe	deprecated
DebuggerUIService	EditBreakpoint	Function	(metaBreakpointId: int) -> ()	RobloxScriptSecurity	RobloxScriptSecurity	Unsafe	
DebuggerUIService	EditWatch	Function	(expression: string) -> ()	RobloxScriptSecurity	RobloxScriptSecurity	Unsafe	
DebuggerUIService	ExpressionAdded	Event	(expression: string)	RobloxScriptSecurity	RobloxScriptSecurity	Unsafe	
DebuggerUIService	ExpressionsCleared	Event	()	RobloxScriptSecurity	RobloxScriptSecurity	Unsafe	
DebuggerUIService	IsConnectionForPlayDataModel	Function	(debuggerConnectionId: int) -> bool	RobloxScriptSecurity	RobloxScriptSecurity	Unsafe	
DebuggerUIService	OpenExceptionMessagePopup	Function	(exceptionMessage: string, pausedLine: int) -> ()	RobloxScriptSecurity	RobloxScriptSecurity	Unsafe	
DebuggerUIService	OpenScriptAtLine	Function	(guid: string, debuggerConnectionId: int, line: int, showErrorOnFail: bool) -> ()	RobloxScriptSecurity	RobloxScriptSecurity	Unsafe	
DebuggerUIService	Pause	Function	() -> ()	RobloxScriptSecurity	RobloxScriptSecurity	Unsafe	
DebuggerUIService	RemoveScriptLineMarkers	Function	(debuggerConnectionId: int, allMarkers: bool) -> ()	RobloxScriptSecurity	RobloxScriptSecurity	Unsafe	
DebuggerUIService	Resume	Function	() -> ()	RobloxScriptSecurity	RobloxScriptSecurity	Unsafe	
DebuggerUIService	SetCurrentThreadId	Function	(debuggerThreadId: int) -> ()	RobloxScriptSecurity	RobloxScriptSecurity	Unsafe	
DebuggerUIService	SetScriptLineMarker	Function	(guid: string, debuggerConnectionId: int, line: int, lineMarkerType: bool) -> ()	RobloxScriptSecurity	RobloxScriptSecurity	Unsafe	
DebuggerUIService	SetWatchExpressions	Function	(expressions: Array) -> ()	RobloxScriptSecurity	RobloxScriptSecurity	Unsafe	
DebuggerVariable	GetVariableByIndex	Function	(index: int) -> DebuggerVariable	RobloxScriptSecurity	RobloxScriptSecurity	Unsafe	
DebuggerVariable	GetVariableByName	Function	(name: string) -> DebuggerVariable	RobloxScriptSecurity	RobloxScriptSecurity	Unsafe	
DebuggerVariable	Name	Property	string	RobloxScriptSecurity	RobloxScriptSecurity	ReadSafe	hidden,readonly,notreplicated
DebuggerVariable	Populated	Property	bool	RobloxScriptSecurity	RobloxScriptSecurity	ReadSafe	hidden,readonly,notreplicated
DebuggerVariable	Type	Property	string	RobloxScriptSecurity	RobloxScriptSecurity	ReadSafe	hidden,readonly,notreplicated
DebuggerVariable	Value	Property	string	RobloxScriptSecurity	RobloxScriptSecurity	ReadSafe	hidden,readonly,notreplicated
DebuggerVariable	VariableId	Property	int	RobloxScriptSecurity	RobloxScriptSecurity	ReadSafe	hidden,readonly,notreplicated
DebuggerVariable	VariablesCount	Property	int	RobloxScriptSecurity	RobloxScriptSecurity	ReadSafe	hidden,readonly,notreplicated
DebuggerWatch	Expression	Property	string	None	None	ReadSafe	undocumented
Decal	AutoLocalize	Property	bool	None	None	ReadSafe	cap=Basic
Decal	Color3	Property	Color3	None	None	ReadSafe	cap=Basic
Decal	ColorMap	Property	ContentId	None	None	ReadSafe	notreplicated,cap=Basic
Decal	ColorMapContent	Property	Content	None	None	ReadSafe	notreplicated,cap=Basic
Decal	EmissiveMaskContent	Property	Content	None	PluginSecurity	ReadSafe	cap=Basic,undocumented
Decal	EmissiveStrength	Property	float	None	None	ReadSafe	cap=Basic,undocumented
Decal	EmissiveTint	Property	Color3	None	None	ReadSafe	cap=Basic,undocumented
Decal	LocalTransparencyModifier	Property	float	None	None	ReadSafe	hidden,notreplicated,cap=Basic
Decal	LocalizedTextureContent	Property	Content	RobloxScriptSecurity	NotAccessibleSecurity	ReadSafe	notreplicated,cap=Basic
Decal	MetalnessMap	Property	ContentId	PluginSecurity	PluginSecurity	ReadSafe	hidden,cap=Basic
Decal	MetalnessMapContent	Property	Content	None	PluginSecurity	ReadSafe	cap=Basic
Decal	NormalMap	Property	ContentId	PluginSecurity	PluginSecurity	ReadSafe	hidden,cap=Basic
Decal	NormalMapContent	Property	Content	None	PluginSecurity	ReadSafe	cap=Basic
Decal	Rotation	Property	float	None	None	ReadSafe	cap=Basic
Decal	RoughnessMap	Property	ContentId	PluginSecurity	PluginSecurity	ReadSafe	hidden,cap=Basic
Decal	RoughnessMapContent	Property	Content	None	PluginSecurity	ReadSafe	cap=Basic
Decal	Shiny	Property	float	None	None	ReadSafe	notreplicated,deprecated,cap=Basic
Decal	Specular	Property	float	None	None	ReadSafe	notreplicated,deprecated,cap=Basic
Decal	Texture	Property	ContentId	None	None	ReadSafe	cap=Basic
Decal	TextureContent	Property	Content	None	None	ReadSafe	cap=Basic
Decal	TexturePack	Property	ContentId	RobloxSecurity	RobloxSecurity	ReadSafe	cap=Basic
Decal	TexturePackContent	Property	Content	RobloxSecurity	RobloxSecurity	ReadSafe	cap=Basic
Decal	TexturePackMetadata	Property	string	RobloxSecurity	RobloxSecurity	ReadSafe	hidden,notscriptable,cap=Basic
Decal	Transparency	Property	float	None	None	ReadSafe	cap=Basic
Decal	UVOffset	Property	Vector2	None	None	ReadSafe	cap=Basic
Decal	UVScale	Property	Vector2	None	None	ReadSafe	cap=Basic
Decal	ZIndex	Property	int	None	None	ReadSafe	cap=Basic
DeferredAssetManagerService	CancelPrefetch	Function	() -> ()	RobloxScriptSecurity	RobloxScriptSecurity	Unsafe	
DeferredAssetManagerService	GetPrefetchDownloadStatus	Function	() -> PrefetchDownloadStatus	RobloxScriptSecurity	RobloxScriptSecurity	Unsafe	
DeferredAssetManagerService	JoiningPlaceId	Property	int64	RobloxScriptSecurity	RobloxScriptSecurity	ReadSafe	
DeferredAssetManagerService	JoiningUniverseId	Property	int64	RobloxScriptSecurity	RobloxScriptSecurity	ReadSafe	
DeferredAssetManagerService	PrefetchDownloadStatusChanged	Event	(status: PrefetchDownloadStatus)	RobloxScriptSecurity	RobloxScriptSecurity	Unsafe	
DeferredAssetManagerService	PregameLoadingScreenOnly	Property	bool	RobloxScriptSecurity	RobloxScriptSecurity	ReadSafe	
DepthOfFieldEffect	FarIntensity	Property	float	None	None	ReadSafe	cap=Environment
DepthOfFieldEffect	FocusDistance	Property	float	None	None	ReadSafe	cap=Environment
DepthOfFieldEffect	InFocusRadius	Property	float	None	None	ReadSafe	cap=Environment
DepthOfFieldEffect	NearIntensity	Property	float	None	None	ReadSafe	cap=Environment
DesignFoundationsService	ClearTokens	Function	() -> ()	RobloxScriptSecurity	RobloxScriptSecurity	Unsafe	
DesignFoundationsService	SetTokens	Function	(payload: Dictionary) -> ()	RobloxScriptSecurity	RobloxScriptSecurity	Unsafe	
DeviceDisplayService	AcquireWakeLock	Function	(name: string) -> DisplayWakeLock	RobloxScriptSecurity	RobloxScriptSecurity	Unsafe	
DeviceIdService	GetDeviceId	Function	() -> string	RobloxScriptSecurity	RobloxScriptSecurity	Unsafe	
Dialog	BehaviorType	Property	DialogBehaviorType	None	None	ReadSafe	cap=UI
Dialog	ConversationDistance	Property	float	None	None	ReadSafe	cap=UI
Dialog	DialogChoiceSelected	Event	(player: Instance, dialogChoice: Instance)	None	None	Unsafe	cap=UI
Dialog	GetCurrentPlayers	Function	() -> Instances	None	None	Unsafe	cap=UI
Dialog	GoodbyeChoiceActive	Property	bool	None	None	ReadSafe	cap=UI
Dialog	GoodbyeDialog	Property	string	None	None	ReadSafe	cap=UI
Dialog	InUse	Property	bool	None	None	ReadSafe	cap=UI
Dialog	InitialPrompt	Property	string	None	None	ReadSafe	cap=UI
Dialog	Purpose	Property	DialogPurpose	None	None	ReadSafe	cap=UI
Dialog	SetGuiObject	Function	(gui: BillboardGui) -> ()	RobloxScriptSecurity	RobloxScriptSecurity	Unsafe	cap=UI
Dialog	SetPlayerIsUsing	Function	(player: Instance, isUsing: bool) -> ()	RobloxScriptSecurity	RobloxScriptSecurity	Unsafe	cap=UI
Dialog	SignalDialogChoiceSelected	Function	(player: Instance, dialogChoice: Instance) -> ()	RobloxScriptSecurity	RobloxScriptSecurity	Unsafe	cap=UI
Dialog	Tone	Property	DialogTone	None	None	ReadSafe	cap=UI
Dialog	TriggerDistance	Property	float	None	None	ReadSafe	cap=UI
Dialog	TriggerOffset	Property	Vector3	None	None	ReadSafe	cap=UI
DialogChoice	GoodbyeChoiceActive	Property	bool	None	None	ReadSafe	cap=UI
DialogChoice	GoodbyeDialog	Property	string	None	None	ReadSafe	cap=UI
DialogChoice	ResponseDialog	Property	string	None	None	ReadSafe	cap=UI
DialogChoice	UserDialog	Property	string	None	None	ReadSafe	cap=UI
DigitsRigDescription	GetFingerControl	Function	(fingerIndex: int) -> Vector3	None	None	Unsafe	cap=Animation
DigitsRigDescription	GetFingerTip	Function	(fingerIndex: int) -> Vector3	None	None	Unsafe	cap=Animation
DigitsRigDescription	GetJoint	Function	(label: RigLabel) -> Instance	RobloxScriptSecurity	RobloxScriptSecurity	Safe	cap=Animation
DigitsRigDescription	GetJointLabels	Function	() -> Array	RobloxScriptSecurity	RobloxScriptSecurity	Safe	cap=Animation
DigitsRigDescription	GetTposeAdjustment	Function	(label: RigLabel) -> CFrame	RobloxScriptSecurity	RobloxScriptSecurity	Safe	cap=Animation
DigitsRigDescription	Index1	Property	Instance	None	None	ReadSafe	cap=Animation
DigitsRigDescription	Index1TposeAdjustment	Property	CFrame	None	None	ReadSafe	cap=Animation
DigitsRigDescription	Index2	Property	Instance	None	None	ReadSafe	cap=Animation
DigitsRigDescription	Index2TposeAdjustment	Property	CFrame	None	None	ReadSafe	cap=Animation
DigitsRigDescription	Index3	Property	Instance	None	None	ReadSafe	cap=Animation
DigitsRigDescription	Index3TposeAdjustment	Property	CFrame	None	None	ReadSafe	cap=Animation
DigitsRigDescription	IndexRange	Property	Vector3	None	None	ReadSafe	cap=Animation
DigitsRigDescription	IndexSize	Property	float	None	None	ReadSafe	cap=Animation
DigitsRigDescription	Middle1	Property	Instance	None	None	ReadSafe	cap=Animation
DigitsRigDescription	Middle1TposeAdjustment	Property	CFrame	None	None	ReadSafe	cap=Animation
DigitsRigDescription	Middle2	Property	Instance	None	None	ReadSafe	cap=Animation
DigitsRigDescription	Middle2TposeAdjustment	Property	CFrame	None	None	ReadSafe	cap=Animation
DigitsRigDescription	Middle3	Property	Instance	None	None	ReadSafe	cap=Animation
DigitsRigDescription	Middle3TposeAdjustment	Property	CFrame	None	None	ReadSafe	cap=Animation
DigitsRigDescription	MiddleRange	Property	Vector3	None	None	ReadSafe	cap=Animation
DigitsRigDescription	MiddleSize	Property	float	None	None	ReadSafe	cap=Animation
DigitsRigDescription	Pinky1	Property	Instance	None	None	ReadSafe	cap=Animation
DigitsRigDescription	Pinky1TposeAdjustment	Property	CFrame	None	None	ReadSafe	cap=Animation
DigitsRigDescription	Pinky2	Property	Instance	None	None	ReadSafe	cap=Animation
DigitsRigDescription	Pinky2TposeAdjustment	Property	CFrame	None	None	ReadSafe	cap=Animation
DigitsRigDescription	Pinky3	Property	Instance	None	None	ReadSafe	cap=Animation
DigitsRigDescription	Pinky3TposeAdjustment	Property	CFrame	None	None	ReadSafe	cap=Animation
DigitsRigDescription	PinkyRange	Property	Vector3	None	None	ReadSafe	cap=Animation
DigitsRigDescription	PinkySize	Property	float	None	None	ReadSafe	cap=Animation
DigitsRigDescription	Ring1	Property	Instance	None	None	ReadSafe	cap=Animation
DigitsRigDescription	Ring1TposeAdjustment	Property	CFrame	None	None	ReadSafe	cap=Animation
DigitsRigDescription	Ring2	Property	Instance	None	None	ReadSafe	cap=Animation
DigitsRigDescription	Ring2TposeAdjustment	Property	CFrame	None	None	ReadSafe	cap=Animation
DigitsRigDescription	Ring3	Property	Instance	None	None	ReadSafe	cap=Animation
DigitsRigDescription	Ring3TposeAdjustment	Property	CFrame	None	None	ReadSafe	cap=Animation
DigitsRigDescription	RingRange	Property	Vector3	None	None	ReadSafe	cap=Animation
DigitsRigDescription	RingSize	Property	float	None	None	ReadSafe	cap=Animation
DigitsRigDescription	SetFingerControl	Function	(fingerIndex: int, control: Vector3) -> ()	None	None	Unsafe	cap=Animation
DigitsRigDescription	SetFingerTip	Function	(fingerIndex: int, point: Vector3) -> ()	None	None	Unsafe	cap=Animation
DigitsRigDescription	SetJoint	Function	(label: RigLabel, joint: Instance) -> ()	RobloxScriptSecurity	RobloxScriptSecurity	Safe	cap=Animation
DigitsRigDescription	SetTposeAdjustment	Function	(label: RigLabel, transform: CFrame) -> ()	RobloxScriptSecurity	RobloxScriptSecurity	Safe	cap=Animation
DigitsRigDescription	Side	Property	DigitsRigDescriptionSide	None	None	ReadSafe	cap=Animation
DigitsRigDescription	Thumb1	Property	Instance	None	None	ReadSafe	cap=Animation
DigitsRigDescription	Thumb1TposeAdjustment	Property	CFrame	None	None	ReadSafe	cap=Animation
DigitsRigDescription	Thumb2	Property	Instance	None	None	ReadSafe	cap=Animation
DigitsRigDescription	Thumb2TposeAdjustment	Property	CFrame	None	None	ReadSafe	cap=Animation
DigitsRigDescription	Thumb3	Property	Instance	None	None	ReadSafe	cap=Animation
DigitsRigDescription	Thumb3TposeAdjustment	Property	CFrame	None	None	ReadSafe	cap=Animation
DigitsRigDescription	ThumbRange	Property	Vector3	None	None	ReadSafe	cap=Animation
DigitsRigDescription	ThumbSize	Property	float	None	None	ReadSafe	cap=Animation
DistortionSoundEffect	Level	Property	float	None	None	ReadSafe	cap=LegacySound
DockWidgetPluginGui	HostWidgetWasRestored	Property	bool	None	None	ReadSafe	readonly,notreplicated,cap=UI
DockWidgetPluginGui	RequestRaise	Function	() -> ()	RobloxScriptSecurity	RobloxScriptSecurity	Unsafe	cap=UI
DoubleConstrainedValue	Changed	Event	(value: double)	None	None	Unsafe	
DoubleConstrainedValue	ConstrainedValue	Property	double	None	None	ReadSafe	hidden,notreplicated
DoubleConstrainedValue	MaxValue	Property	double	None	None	ReadSafe	sim
DoubleConstrainedValue	MinValue	Property	double	None	None	ReadSafe	sim
DoubleConstrainedValue	Value	Property	double	None	None	ReadSafe	notreplicated,sim
DoubleConstrainedValue	changed	Event	(value: double)	None	None	Unsafe	deprecated,prefer=Changed
DoubleConstrainedValue	value	Property	double	None	None	ReadSafe	hidden,notscriptable
DraftsService	CommitEdits	Function	(scripts: Instances) -> ()	RobloxScriptSecurity	RobloxScriptSecurity	Unsafe	yields
DraftsService	CommitStatusChanged	Event	(script: Instance, status: DraftStatusCode)	RobloxScriptSecurity	RobloxScriptSecurity	Unsafe	
DraftsService	DiscardEdits	Function	(scripts: Instances) -> ()	RobloxScriptSecurity	RobloxScriptSecurity	Unsafe	
DraftsService	DraftAdded	Event	(script: Instance)	RobloxScriptSecurity	RobloxScriptSecurity	Unsafe	
DraftsService	DraftRemoved	Event	(script: Instance)	RobloxScriptSecurity	RobloxScriptSecurity	Unsafe	
DraftsService	DraftStatusChanged	Event	(script: Instance)	RobloxScriptSecurity	RobloxScriptSecurity	Unsafe	
DraftsService	EditorsListChanged	Event	(script: Instance)	RobloxScriptSecurity	RobloxScriptSecurity	Unsafe	
DraftsService	GetDraftStatus	Function	(script: Instance) -> DraftStatusCode	RobloxScriptSecurity	RobloxScriptSecurity	Unsafe	
DraftsService	GetDrafts	Function	() -> Instances	RobloxScriptSecurity	RobloxScriptSecurity	Unsafe	yields
DraftsService	GetEditors	Function	(script: Instance) -> Instances	RobloxScriptSecurity	RobloxScriptSecurity	Unsafe	
DraftsService	RestoreScripts	Function	(scripts: Instances) -> ()	RobloxScriptSecurity	RobloxScriptSecurity	Unsafe	
DraftsService	ShowDiffsAgainstBase	Function	(scripts: Instances) -> ()	RobloxScriptSecurity	RobloxScriptSecurity	Unsafe	
DraftsService	ShowDiffsAgainstServer	Function	(scripts: Instances) -> ()	RobloxScriptSecurity	RobloxScriptSecurity	Unsafe	
DraftsService	ShowSourceDiffsAgainstCurrent	Function	(sources: Array, scripts: Instances) -> ()	RobloxScriptSecurity	RobloxScriptSecurity	Unsafe	
DraftsService	UpdateStatusChanged	Event	(script: Instance, status: DraftStatusCode)	RobloxScriptSecurity	RobloxScriptSecurity	Unsafe	
DraftsService	UpdateToLatestVersion	Function	(scripts: Instances) -> ()	RobloxScriptSecurity	RobloxScriptSecurity	Unsafe	yields
DragDetector	ActivatedCursorIcon	Property	ContentId	None	None	ReadSafe	cap=Input|Physics
DragDetector	ActivatedCursorIconContent	Property	Content	None	None	ReadSafe	cap=Input|Physics
DragDetector	AddConstraintFunction	Function	(priority: int, function: Function) -> RBXScriptConnection	None	None	Unsafe	cap=Physics|Input
DragDetector	ApplyAtCenterOfMass	Property	bool	None	None	ReadSafe	cap=Input|Physics
DragDetector	Axis	Property	Vector3	None	None	ReadSafe	notreplicated,cap=Input|Physics
DragDetector	DragContinue	Event	(playerWhoDragged: Player, cursorRay: Ray, viewFrame: CFrame, vrInputFrame: OptionalCoordinateFrame, isModeSwitchKeyDown: bool)	None	None	Unsafe	cap=Physics|Input
DragDetector	DragContinueReplicate	Event	(playerWhoDragged: Player, cursorRay: Ray, viewFrame: CFrame, vrInputFrame: OptionalCoordinateFrame, isModeSwitchKeyDown: bool)	None	None	Unsafe	hidden,cap=Physics|Input
DragDetector	DragEnd	Event	(playerWhoDragged: Player)	None	None	Unsafe	cap=Physics|Input
DragDetector	DragEndReplicate	Event	(playerWhoDragged: Player)	None	None	Unsafe	hidden,cap=Physics|Input
DragDetector	DragFrame	Property	CFrame	None	None	ReadSafe	cap=Input|Physics
DragDetector	DragStart	Event	(playerWhoDragged: Player, cursorRay: Ray, viewFrame: CFrame, hitFrame: CFrame, clickedPart: BasePart, vrInputFrame: OptionalCoordinateFrame, isModeSwitchKeyDown: bool)	None	None	Unsafe	cap=Physics|Input
DragDetector	DragStartReplicate	Event	(playerWhoDragged: Player, cursorRay: Ray, viewFrame: CFrame, hitFrame: CFrame, clickedPart: BasePart, vrInputFrame: OptionalCoordinateFrame, isModeSwitchKeyDown: bool)	None	None	Unsafe	hidden,cap=Physics|Input
DragDetector	DragStyle	Property	DragDetectorDragStyle	None	None	ReadSafe	cap=Input|Physics
DragDetector	Enabled	Property	bool	None	None	ReadSafe	cap=Input|Physics
DragDetector	GamepadModeSwitchKeyCode	Property	KeyCode	None	None	ReadSafe	cap=Input|Physics
DragDetector	GetReferenceFrame	Function	() -> CFrame	None	None	Unsafe	cap=Physics|Input
DragDetector	KeyboardModeSwitchKeyCode	Property	KeyCode	None	None	ReadSafe	cap=Input|Physics
DragDetector	MaxDragAngle	Property	float	None	None	ReadSafe	cap=Input|Physics
DragDetector	MaxDragTranslation	Property	Vector3	None	None	ReadSafe	cap=Input|Physics
DragDetector	MaxForce	Property	float	None	None	ReadSafe	cap=Input|Physics
DragDetector	MaxTorque	Property	float	None	None	ReadSafe	cap=Input|Physics
DragDetector	MinDragAngle	Property	float	None	None	ReadSafe	cap=Input|Physics
DragDetector	MinDragTranslation	Property	Vector3	None	None	ReadSafe	cap=Input|Physics
DragDetector	Orientation	Property	Vector3	None	None	ReadSafe	cap=Input|Physics
DragDetector	PermissionPolicy	Property	DragDetectorPermissionPolicy	None	None	ReadSafe	cap=Input|Physics
DragDetector	PhysicalDragClickedPart	Property	Instance	None	None	ReadSafe	hidden,notscriptable,cap=Input|Physics
DragDetector	PhysicalDragHitPoint	Property	Vector3	None	None	ReadSafe	hidden,notscriptable,cap=Input|Physics
DragDetector	PhysicalDragIsInVR	Property	bool	None	None	ReadSafe	hidden,notscriptable,cap=Input|Physics
DragDetector	PhysicalDragTargetFrame	Property	CFrame	None	None	ReadSafe	hidden,notscriptable,cap=Input|Physics
DragDetector	ReferenceInstance	Property	Instance	None	None	ReadSafe	cap=Input|Physics
DragDetector	ResponseStyle	Property	DragDetectorResponseStyle	None	None	ReadSafe	cap=Input|Physics
DragDetector	Responsiveness	Property	float	None	None	ReadSafe	cap=Input|Physics
DragDetector	RestartDrag	Function	() -> ()	None	None	Unsafe	cap=Physics|Input
DragDetector	RestartPhysicalDragReplicate	Event	(hitPoint: Vector3)	None	None	Unsafe	hidden,cap=Physics|Input
DragDetector	RunLocally	Property	bool	None	None	ReadSafe	cap=Input|Physics
DragDetector	SecondaryAxis	Property	Vector3	None	None	ReadSafe	notreplicated,cap=Input|Physics
DragDetector	SetDragStyleFunction	Function	(function: Function) -> ()	None	None	Unsafe	cap=Physics|Input
DragDetector	SetPermissionPolicyFunction	Function	(function: Function) -> ()	None	None	Unsafe	cap=Physics|Input
DragDetector	TrackballRadialPullFactor	Property	float	None	None	ReadSafe	cap=Input|Physics
DragDetector	TrackballRollFactor	Property	float	None	None	ReadSafe	cap=Input|Physics
DragDetector	VRSwitchKeyCode	Property	KeyCode	None	None	ReadSafe	cap=Input|Physics
DragDetector	WorldAxis	Property	Vector3	None	None	ReadSafe	notreplicated,cap=Input|Physics
DragDetector	WorldSecondaryAxis	Property	Vector3	None	None	ReadSafe	notreplicated,cap=Input|Physics
Dragger	AxisRotate	Function	(axis: Axis = X) -> ()	None	None	Unsafe	cap=Physics
Dragger	MouseDown	Function	(mousePart: Instance, pointOnMousePart: Vector3, parts: Instances) -> ()	None	None	Unsafe	cap=Physics
Dragger	MouseMove	Function	(mouseRay: Ray) -> ()	None	None	Unsafe	cap=Physics
Dragger	MouseUp	Function	() -> ()	None	None	Unsafe	cap=Physics
DraggerService	AlignDraggedObjects	Property	bool	None	None	ReadSafe	notreplicated
DraggerService	AngleSnapEnabled	Property	bool	None	None	ReadSafe	notreplicated
DraggerService	AngleSnapIncrement	Property	float	None	None	ReadSafe	notreplicated
DraggerService	AnimateHover	Property	bool	None	None	ReadSafe	notreplicated
DraggerService	CollisionsEnabled	Property	bool	None	None	ReadSafe	notreplicated
DraggerService	DraggerCoordinateSpace	Property	DraggerCoordinateSpace	None	None	ReadSafe	notreplicated
DraggerService	DraggerMovementMode	Property	DraggerMovementMode	None	None	ReadSafe	notreplicated
DraggerService	GeometrySnapColor	Property	Color3	None	None	ReadSafe	notreplicated
DraggerService	HoverAnimateFrequency	Property	float	None	None	ReadSafe	notreplicated
DraggerService	HoverLineThickness	Property	int	RobloxScriptSecurity	RobloxScriptSecurity	ReadSafe	hidden
DraggerService	HoverThickness	Property	float	None	None	ReadSafe	notreplicated
DraggerService	JointsEnabled	Property	bool	None	None	ReadSafe	notreplicated
DraggerService	LinearSnapEnabled	Property	bool	None	None	ReadSafe	notreplicated
DraggerService	LinearSnapIncrement	Property	float	None	None	ReadSafe	notreplicated
DraggerService	PartSnapEnabled	Property	bool	RobloxScriptSecurity	RobloxScriptSecurity	ReadSafe	notreplicated
DraggerService	PivotSnapToGeometry	Property	bool	RobloxScriptSecurity	RobloxScriptSecurity	ReadSafe	notreplicated
DraggerService	ShowHover	Property	bool	None	None	ReadSafe	notreplicated
DraggerService	ShowPivotIndicator	Property	bool	None	None	ReadSafe	notreplicated
DraggerService	UseBoundingBoxes	Property	bool	RobloxScriptSecurity	RobloxScriptSecurity	ReadSafe	notreplicated
DynamicRotate	BaseAngle	Property	float	None	None	ReadSafe	cap=Physics
EchoSoundEffect	Delay	Property	float	None	None	ReadSafe	cap=LegacySound
EchoSoundEffect	DryLevel	Property	float	None	None	ReadSafe	cap=LegacySound
EchoSoundEffect	Feedback	Property	float	None	None	ReadSafe	cap=LegacySound
EchoSoundEffect	WetLevel	Property	float	None	None	ReadSafe	cap=LegacySound
EditableImage	Destroy	Function	() -> ()	None	None	Unsafe	cap=DynamicGeneration
EditableImage	DrawCircle	Function	(center: Vector2, radius: int, color: Color3, transparency: float, combineType: ImageCombineType, antiAliasing: AntiAliasing = Enabled) -> ()	None	None	Unsafe	cap=DynamicGeneration
EditableImage	DrawImage	Function	(position: Vector2, image: EditableImage, combineType: ImageCombineType) -> ()	None	None	Unsafe	cap=DynamicGeneration
EditableImage	DrawImageProjected	Function	(projectionSource: Object, projection: Dictionary, brushConfig: Dictionary) -> ()	None	None	Unsafe	cap=DynamicGeneration
EditableImage	DrawImageTransformed	Function	(position: Vector2, scale: Vector2, rotation: float, image: EditableImage, options: Dictionary?) -> ()	None	None	Unsafe	cap=DynamicGeneration
EditableImage	DrawLine	Function	(p1: Vector2, p2: Vector2, color: Color3, transparency: float, combineType: ImageCombineType, antiAliasing: AntiAliasing = Enabled) -> ()	None	None	Unsafe	cap=DynamicGeneration
EditableImage	DrawRectangle	Function	(position: Vector2, size: Vector2, color: Color3, transparency: float, combineType: ImageCombineType) -> ()	None	None	Unsafe	cap=DynamicGeneration
EditableImage	DrawTriangle	Function	(p1: Vector2, p2: Vector2, p3: Vector2, color: Color3, transparency: float) -> ()	RobloxScriptSecurity	RobloxScriptSecurity	Unsafe	cap=DynamicGeneration
EditableImage	ImageData	Property	BinaryString	RobloxSecurity	RobloxSecurity	ReadSafe	hidden,notreplicated,notscriptable,cap=DynamicGeneration
EditableImage	ImageHolder	Property	NetAssetRef	RobloxSecurity	RobloxSecurity	ReadSafe	hidden,notscriptable,cap=DynamicGeneration
EditableImage	IsReplicatedCopy	Property	bool	RobloxSecurity	RobloxSecurity	ReadSafe	hidden,notreplicated,notscriptable,cap=DynamicGeneration
EditableImage	ReadPixelsBuffer	Function	(position: Vector2, size: Vector2) -> buffer	None	None	Safe	customluastate,cap=DynamicGeneration
EditableImage	SampleImageProjected	Function	(projectionSource: Object, sourceTexture: EditableImage, projectionConfig: Dictionary, brushConfig: Dictionary) -> ()	None	None	Unsafe	cap=DynamicGeneration
EditableImage	Size	Property	Vector2	None	None	ReadSafe	readonly,notreplicated,cap=DynamicGeneration
EditableImage	WritePixelsBuffer	Function	(position: Vector2, size: Vector2, buffer: buffer) -> ()	None	None	Unsafe	customluastate,cap=DynamicGeneration
EditableMesh	AddBone	Function	(boneProperties: Dictionary) -> int64	None	None	Unsafe	cap=DynamicGeneration
EditableMesh	AddColor	Function	(color: Color3, alpha: float) -> int64	None	None	Unsafe	cap=DynamicGeneration
EditableMesh	AddFace	Function	(vertexIds: Array) -> int64	None	None	Unsafe	cap=DynamicGeneration
EditableMesh	AddNormal	Function	(normal: Vector3?) -> int64	None	None	Unsafe	cap=DynamicGeneration
EditableMesh	AddTriangle	Function	(vertexId0: int64, vertexId1: int64, vertexId2: int64) -> int64	None	None	Unsafe	cap=DynamicGeneration
EditableMesh	AddUV	Function	(uv: Vector2) -> int64	None	None	Unsafe	cap=DynamicGeneration
EditableMesh	AddVertex	Function	(p: Vector3) -> int64	None	None	Unsafe	cap=DynamicGeneration
EditableMesh	BatchAdd	Function	(attr: MeshAttribute, data: Array) -> Array	None	None	Unsafe	customluastate,cap=DynamicGeneration
EditableMesh	BatchGetFaceAttributes	Function	(attr: MeshAttribute, faceIds: Array) -> Array	None	None	Safe	customluastate,cap=DynamicGeneration
EditableMesh	BatchGetValues	Function	(ids: Array) -> Tuple	None	None	Safe	customluastate,cap=DynamicGeneration
EditableMesh	BatchGetVertexAttributes	Function	(attr: MeshAttribute, vertexIds: Array) -> Array	None	None	Safe	customluastate,cap=DynamicGeneration
EditableMesh	BatchGetVertexFaceAttributes	Function	(attr: MeshAttribute, vertexIds: Array, faceIds: Array) -> Array	None	None	Safe	customluastate,cap=DynamicGeneration
EditableMesh	BatchRemove	Function	(ids: Array) -> ()	None	None	Unsafe	customluastate,cap=DynamicGeneration
EditableMesh	BatchSetFaceAttributes	Function	(faceIds: Array, attrIdArrays: Array) -> ()	None	None	Unsafe	customluastate,cap=DynamicGeneration
EditableMesh	BatchSetValues	Function	(ids: Array, values: Array) -> ()	None	None	Unsafe	customluastate,cap=DynamicGeneration
EditableMesh	BatchSetVertexFaceAttributes	Function	(vertexIds: Array, faceIds: Array, attrIds: Array) -> ()	None	None	Unsafe	customluastate,cap=DynamicGeneration
EditableMesh	Clear	Function	() -> ()	None	None	Unsafe	cap=DynamicGeneration
EditableMesh	Destroy	Function	() -> ()	None	None	Unsafe	cap=DynamicGeneration
EditableMesh	EditableMeshDataHolder	Property	NetAssetRef	RobloxSecurity	RobloxSecurity	ReadSafe	hidden,notscriptable,cap=DynamicGeneration
EditableMesh	FindClosestPointOnSurface	Function	(point: Vector3) -> Tuple	None	None	Safe	cap=DynamicGeneration
EditableMesh	FindClosestVertex	Function	(toThisPoint: Vector3) -> int64	None	None	Safe	cap=DynamicGeneration
EditableMesh	FindVerticesWithinSphere	Function	(center: Vector3, radius: float) -> Array	None	None	Safe	cap=DynamicGeneration
EditableMesh	FixedSize	Property	bool	None	RobloxSecurity	ReadSafe	readonly,notreplicated,cap=DynamicGeneration
EditableMesh	GetAdjacentFaces	Function	(faceId: int64) -> Array	None	None	Safe	cap=DynamicGeneration
EditableMesh	GetAdjacentVertices	Function	(vertexId: int64) -> Array	None	None	Safe	cap=DynamicGeneration
EditableMesh	GetBoneByName	Function	(boneName: string) -> int64	None	None	Safe	cap=DynamicGeneration
EditableMesh	GetBoneCFrame	Function	(boneId: int64) -> CFrame	None	None	Safe	cap=DynamicGeneration
EditableMesh	GetBoneIsVirtual	Function	(boneId: int64) -> bool	None	None	Safe	cap=DynamicGeneration
EditableMesh	GetBoneName	Function	(boneId: int64) -> string	None	None	Safe	cap=DynamicGeneration
EditableMesh	GetBoneParent	Function	(boneId: int64) -> int64	None	None	Safe	cap=DynamicGeneration
EditableMesh	GetBones	Function	() -> Array	None	None	Safe	cap=DynamicGeneration
EditableMesh	GetCenter	Function	() -> Vector3	None	None	Safe	cap=DynamicGeneration
EditableMesh	GetColor	Function	(colorId: int64) -> Color3?	None	None	Safe	cap=DynamicGeneration
EditableMesh	GetColorAlpha	Function	(colorId: int64) -> float?	None	None	Safe	cap=DynamicGeneration
EditableMesh	GetColors	Function	() -> Array	None	None	Safe	customluastate,cap=DynamicGeneration
EditableMesh	GetFaceColors	Function	(faceId: int64) -> Array	None	None	Safe	customluastate,cap=DynamicGeneration
EditableMesh	GetFaceNormals	Function	(faceId: int64) -> Array	None	None	Safe	customluastate,cap=DynamicGeneration
EditableMesh	GetFaceUVs	Function	(faceId: int64) -> Array	None	None	Safe	customluastate,cap=DynamicGeneration
EditableMesh	GetFaceVertices	Function	(faceId: int64) -> Array	None	None	Safe	customluastate,cap=DynamicGeneration
EditableMesh	GetFaces	Function	() -> Array	None	None	Safe	customluastate,cap=DynamicGeneration
EditableMesh	GetFacesWithAttribute	Function	(id: int64) -> Array	None	None	Safe	deprecated,cap=DynamicGeneration
EditableMesh	GetFacesWithColor	Function	(colorId: int64) -> Array	None	None	Safe	customluastate,cap=DynamicGeneration
EditableMesh	GetFacesWithNormal	Function	(normalId: int64) -> Array	None	None	Safe	customluastate,cap=DynamicGeneration
EditableMesh	GetFacesWithUV	Function	(uvId: int64) -> Array	None	None	Safe	customluastate,cap=DynamicGeneration
EditableMesh	GetFacsCorrectivePose	Function	(actions: Array) -> Tuple	None	None	Safe	cap=DynamicGeneration
EditableMesh	GetFacsCorrectivePoses	Function	() -> Array	None	None	Safe	cap=DynamicGeneration
EditableMesh	GetFacsPose	Function	(action: FacsActionUnit) -> Tuple	None	None	Safe	cap=DynamicGeneration
EditableMesh	GetFacsPoses	Function	() -> Array	None	None	Safe	cap=DynamicGeneration
EditableMesh	GetNormal	Function	(normalId: int64) -> Vector3?	None	None	Safe	cap=DynamicGeneration
EditableMesh	GetNormals	Function	() -> Array	None	None	Safe	customluastate,cap=DynamicGeneration
EditableMesh	GetPosition	Function	(vertexId: int64) -> Vector3	None	None	Safe	cap=DynamicGeneration
EditableMesh	GetSize	Function	() -> Vector3	None	None	Safe	cap=DynamicGeneration
EditableMesh	GetUV	Function	(uvId: int64) -> Vector2?	None	None	Safe	cap=DynamicGeneration
EditableMesh	GetUVs	Function	() -> Array	None	None	Safe	customluastate,cap=DynamicGeneration
EditableMesh	GetVertexBoneWeights	Function	(vertexId: int64) -> Array	None	None	Safe	cap=DynamicGeneration
EditableMesh	GetVertexBones	Function	(vertexId: int64) -> Array	None	None	Safe	cap=DynamicGeneration
EditableMesh	GetVertexColors	Function	(vertexId: int64) -> Array	None	None	Safe	customluastate,cap=DynamicGeneration
EditableMesh	GetVertexFaceColor	Function	(vertexId: int64, faceId: int64) -> int64	None	None	Safe	cap=DynamicGeneration
EditableMesh	GetVertexFaceNormal	Function	(vertexId: int64, faceId: int64) -> int64	None	None	Safe	cap=DynamicGeneration
EditableMesh	GetVertexFaceUV	Function	(vertexId: int64, faceId: int64) -> int64	None	None	Safe	cap=DynamicGeneration
EditableMesh	GetVertexFaces	Function	(vertexId: int64) -> Array	None	None	Safe	customluastate,cap=DynamicGeneration
EditableMesh	GetVertexNormals	Function	(vertexId: int64) -> Array	None	None	Safe	customluastate,cap=DynamicGeneration
EditableMesh	GetVertexUVs	Function	(vertexId: int64) -> Array	None	None	Safe	customluastate,cap=DynamicGeneration
EditableMesh	GetVertices	Function	() -> Array	None	None	Safe	cap=DynamicGeneration
EditableMesh	GetVerticesWithAttribute	Function	(id: int64) -> Array	None	None	Safe	deprecated,cap=DynamicGeneration
EditableMesh	GetVerticesWithColor	Function	(colorId: int64) -> Array	None	None	Safe	customluastate,cap=DynamicGeneration
EditableMesh	GetVerticesWithNormal	Function	(normalId: int64) -> Array	None	None	Safe	customluastate,cap=DynamicGeneration
EditableMesh	GetVerticesWithUV	Function	(uvId: int64) -> Array	None	None	Safe	customluastate,cap=DynamicGeneration
EditableMesh	IdDebugString	Function	(id: int64) -> string	None	None	Unsafe	cap=DynamicGeneration
EditableMesh	IsReplicatedCopy	Property	bool	RobloxSecurity	RobloxSecurity	ReadSafe	hidden,notreplicated,notscriptable,cap=DynamicGeneration
EditableMesh	MergeVertices	Function	(mergeTolerance: float) -> Map	None	None	Unsafe	cap=DynamicGeneration
EditableMesh	MeshData	Property	SharedString	RobloxSecurity	RobloxSecurity	ReadSafe	hidden,notscriptable,cap=DynamicGeneration
EditableMesh	RaycastLocal	Function	(origin: Vector3, direction: Vector3) -> Tuple	None	None	Safe	cap=DynamicGeneration
EditableMesh	RemoveBone	Function	(boneId: int64) -> ()	None	None	Unsafe	cap=DynamicGeneration
EditableMesh	RemoveFace	Function	(faceId: int64) -> ()	None	None	Unsafe	cap=DynamicGeneration
EditableMesh	RemoveUnused	Function	() -> Array	None	None	Unsafe	cap=DynamicGeneration
EditableMesh	ResetNormal	Function	(normalId: int64) -> ()	None	None	Unsafe	cap=DynamicGeneration
EditableMesh	SetBoneCFrame	Function	(boneId: int64, cframe: CFrame) -> ()	None	None	Unsafe	cap=DynamicGeneration
EditableMesh	SetBoneIsVirtual	Function	(boneId: int64, virtual: bool) -> ()	None	None	Unsafe	cap=DynamicGeneration
EditableMesh	SetBoneName	Function	(boneId: int64, name: string) -> ()	None	None	Unsafe	cap=DynamicGeneration
EditableMesh	SetBoneParent	Function	(boneId: int64, parentBoneId: int64) -> ()	None	None	Unsafe	cap=DynamicGeneration
EditableMesh	SetColor	Function	(colorId: int64, color: Color3) -> ()	None	None	Unsafe	cap=DynamicGeneration
EditableMesh	SetColorAlpha	Function	(colorId: int64, alpha: float) -> ()	None	None	Unsafe	cap=DynamicGeneration
EditableMesh	SetFaceColors	Function	(faceId: int64, ids: Array) -> ()	None	None	Unsafe	customluastate,cap=DynamicGeneration
EditableMesh	SetFaceNormals	Function	(faceId: int64, ids: Array) -> ()	None	None	Unsafe	customluastate,cap=DynamicGeneration
EditableMesh	SetFaceUVs	Function	(faceId: int64, ids: Array) -> ()	None	None	Unsafe	customluastate,cap=DynamicGeneration
EditableMesh	SetFaceVertices	Function	(faceId: int64, ids: Array) -> ()	None	None	Unsafe	customluastate,cap=DynamicGeneration
EditableMesh	SetFacsBonePose	Function	(action: FacsActionUnit, boneId: int64, cframe: CFrame) -> ()	None	None	Unsafe	cap=DynamicGeneration
EditableMesh	SetFacsCorrectivePose	Function	(actions: Array, boneIds: Array, cframes: Array) -> ()	None	None	Unsafe	cap=DynamicGeneration
EditableMesh	SetFacsPose	Function	(action: FacsActionUnit, boneIds: Array, cframes: Array) -> ()	None	None	Unsafe	cap=DynamicGeneration
EditableMesh	SetNormal	Function	(normalId: int64, normal: Vector3) -> ()	None	None	Unsafe	cap=DynamicGeneration
EditableMesh	SetPosition	Function	(vertexId: int64, p: Vector3) -> ()	None	None	Unsafe	cap=DynamicGeneration
EditableMesh	SetUV	Function	(uvId: int64, uv: Vector2) -> ()	None	None	Unsafe	cap=DynamicGeneration
EditableMesh	SetVertexBoneWeights	Function	(vertexId: int64, boneWeights: Array) -> ()	None	None	Unsafe	cap=DynamicGeneration
EditableMesh	SetVertexBones	Function	(vertexId: int64, boneIDs: Array) -> ()	None	None	Unsafe	cap=DynamicGeneration
EditableMesh	SetVertexFaceColor	Function	(vertexId: int64, faceId: int64, colorId: int64) -> ()	None	None	Unsafe	cap=DynamicGeneration
EditableMesh	SetVertexFaceNormal	Function	(vertexId: int64, faceId: int64, normalId: int64) -> ()	None	None	Unsafe	cap=DynamicGeneration
EditableMesh	SetVertexFaceUV	Function	(vertexId: int64, faceId: int64, uvId: int64) -> ()	None	None	Unsafe	cap=DynamicGeneration
EditableMesh	Triangulate	Function	() -> ()	None	None	Unsafe	cap=DynamicGeneration
EditableService	EditableStatus	Property	EditableStatus	RobloxSecurity	RobloxSecurity	ReadSafe	hidden,notscriptable
EncodingService	Base64Decode	Function	(input: buffer) -> buffer	None	None	Safe	
EncodingService	Base64Encode	Function	(input: buffer) -> buffer	None	None	Safe	
EncodingService	CompressBuffer	Function	(input: buffer, algorithm: CompressionAlgorithm, compressionLevel: int = 1) -> buffer	None	None	Safe	
EncodingService	ComputeBufferHash	Function	(input: buffer, algorithm: HashAlgorithm) -> buffer	None	None	Safe	
EncodingService	ComputeStringHash	Function	(input: string, algorithm: HashAlgorithm) -> string	None	None	Safe	
EncodingService	DecompressBuffer	Function	(input: buffer, algorithm: CompressionAlgorithm) -> buffer	None	None	Safe	
EncodingService	GetDecompressedBufferSize	Function	(input: buffer, algorithm: CompressionAlgorithm) -> int?	None	None	Safe	
EqualizerSoundEffect	HighGain	Property	float	None	None	ReadSafe	cap=LegacySound
EqualizerSoundEffect	LowGain	Property	float	None	None	ReadSafe	cap=LegacySound
EqualizerSoundEffect	MidGain	Property	float	None	None	ReadSafe	cap=LegacySound
EulerRotationCurve	GetAnglesAtTime	Function	(time: float) -> Array	None	None	Unsafe	cap=Basic
EulerRotationCurve	GetRotationAtTime	Function	(time: float) -> CFrame	None	None	Unsafe	cap=Basic
EulerRotationCurve	RotationOrder	Property	RotationOrder	None	None	ReadSafe	cap=Basic
EulerRotationCurve	X	Function	() -> FloatCurve	None	None	Unsafe	cap=Basic
EulerRotationCurve	Y	Function	() -> FloatCurve	None	None	Unsafe	cap=Basic
EulerRotationCurve	Z	Function	() -> FloatCurve	None	None	Unsafe	cap=Basic
EventIngestService	SendEventDeferred	Function	(target: string, eventContext: string, eventName: string, additionalArgs: Dictionary) -> ()	RobloxScriptSecurity	RobloxScriptSecurity	Unsafe	
EventIngestService	SendEventImmediately	Function	(target: string, eventContext: string, eventName: string, additionalArgs: Dictionary) -> ()	RobloxScriptSecurity	RobloxScriptSecurity	Unsafe	
EventIngestService	SetRBXEvent	Function	(target: string, eventContext: string, eventName: string, additionalArgs: Dictionary) -> ()	RobloxScriptSecurity	RobloxScriptSecurity	Unsafe	
EventIngestService	SetRBXEventStream	Function	(target: string, eventContext: string, eventName: string, additionalArgs: Dictionary) -> ()	RobloxScriptSecurity	RobloxScriptSecurity	Unsafe	
ExampleV2Service	OnPolo	Event	(message: string)	RobloxScriptSecurity	RobloxScriptSecurity	Unsafe	
ExampleV2Service	PrintHello	Function	() -> ()	RobloxScriptSecurity	RobloxScriptSecurity	Unsafe	
ExecutedRemoteCommand	ReceivedUpdate	Event	(args: Tuple)	None	None	Unsafe	undocumented
ExecutedRemoteCommand	RunMoreCode	Function	(code: string, args: Tuple) -> ()	None	None	Unsafe	undocumented
ExecutedRemoteCommand	SendUpdate	Function	(args: Tuple) -> ()	None	None	Unsafe	undocumented
ExecutedRemoteCommand	Stop	Function	() -> ()	None	None	Unsafe	undocumented
ExperienceAuthService	OpenAuthPrompt	Event	(guid: string, scopes: Array, metadata: Dictionary)	RobloxScriptSecurity	RobloxScriptSecurity	Unsafe	
ExperienceAuthService	ScopeCheckResult	Event	(guid: string, result: ScopeCheckResult, token: string, scopes: Array, metadata: Dictionary)	RobloxSecurity	RobloxSecurity	Unsafe	hidden
ExperienceAuthService	ScopeCheckUIComplete	Function	(guid: string, scopes: Array, result: ScopeCheckResult, metadata: Dictionary) -> ()	RobloxScriptSecurity	RobloxScriptSecurity	Unsafe	
ExperienceInviteOptions	InviteMessageId	Property	string	None	None	ReadSafe	cap=Social
ExperienceInviteOptions	InviteUser	Property	int64	None	None	ReadSafe	cap=Social
ExperienceInviteOptions	LaunchData	Property	string	None	None	ReadSafe	cap=Social
ExperienceInviteOptions	PromptMessage	Property	string	None	None	ReadSafe	cap=Social
ExperienceNotificationService	CanPromptOptInAsync	Function	() -> bool	None	None	Unsafe	yields,cap=Players|Social
ExperienceNotificationService	InvokeOptInPromptClosed	Function	() -> ()	RobloxScriptSecurity	RobloxScriptSecurity	Unsafe	cap=Players|Social
ExperienceNotificationService	OptInPromptClosed	Event	()	None	None	Unsafe	cap=Players|Social
ExperienceNotificationService	PromptOptIn	Function	() -> ()	None	None	Unsafe	cap=Players|Social
ExperienceNotificationService	PromptOptInRequested	Event	()	RobloxScriptSecurity	RobloxScriptSecurity	Unsafe	cap=Players|Social
ExperienceService	ConsumePendingExperienceLeaveWithReason	Function	() -> Dictionary	RobloxScriptSecurity	RobloxScriptSecurity	Unsafe	
ExperienceService	ExecuteCrossExperienceCall	Function	(callId: string, params: Dictionary, successCallback: Function, errorCallback: Function) -> ()	RobloxScriptSecurity	RobloxScriptSecurity	Unsafe	
ExperienceService	GetFollowUserId	Function	() -> int64	RobloxScriptSecurity	RobloxScriptSecurity	Unsafe	
ExperienceService	GetPendingJoinAttempt	Function	() -> Dictionary	RobloxScriptSecurity	RobloxScriptSecurity	Unsafe	
ExperienceService	GetPlaceJoinState	Function	() -> string	RobloxScriptSecurity	RobloxScriptSecurity	Unsafe	
ExperienceService	GetQueuePosition	Function	() -> int	RobloxScriptSecurity	RobloxScriptSecurity	Unsafe	
ExperienceService	LaunchExperience	Function	(params: Dictionary) -> string	RobloxScriptSecurity	RobloxScriptSecurity	Unsafe	
ExperienceService	LaunchExperienceFromSource	Function	(params: Dictionary, source: string) -> string	RobloxScriptSecurity	RobloxScriptSecurity	Unsafe	
ExperienceService	LaunchExperienceFromSourceWithCallback	Function	(params: Dictionary, source: string, callback: Function) -> ()	RobloxScriptSecurity	RobloxScriptSecurity	Unsafe	
ExperienceService	LeaveExperienceWithReason	Function	(reason: string) -> ()	RobloxScriptSecurity	RobloxScriptSecurity	Unsafe	
ExperienceService	OnCrossExperienceStarted	Event	(type: string, params: Dictionary)	RobloxScriptSecurity	RobloxScriptSecurity	Unsafe	
ExperienceService	OnCrossExperienceStopped	Event	(type: string, params: Dictionary)	RobloxScriptSecurity	RobloxScriptSecurity	Unsafe	
ExperienceService	OnNewJoinAttempt	Event	(params: Dictionary)	RobloxScriptSecurity	RobloxScriptSecurity	Unsafe	
ExperienceService	PlaceJoinStateChanged	Event	(state: string)	RobloxScriptSecurity	RobloxScriptSecurity	Unsafe	
ExperienceService	QueuePositionChanged	Event	(position: int)	RobloxScriptSecurity	RobloxScriptSecurity	Unsafe	
ExperienceService	RegisterForExperienceJoin	Function	(callback: Function) -> RBXScriptConnection	RobloxScriptSecurity	RobloxScriptSecurity	Unsafe	
ExperienceService	RegisterForExperienceLeave	Function	(callback: Function) -> RBXScriptConnection	RobloxScriptSecurity	RobloxScriptSecurity	Unsafe	
ExperienceService	StartCrossExperience	Function	(type: string, params: Dictionary) -> ()	RobloxScriptSecurity	RobloxScriptSecurity	Unsafe	
ExperienceService	StopCrossExperience	Function	(type: string, params: Dictionary) -> ()	RobloxScriptSecurity	RobloxScriptSecurity	Unsafe	
ExperienceStateCaptureService	CanEnterCaptureMode	Function	() -> bool	RobloxScriptSecurity	RobloxScriptSecurity	Unsafe	
ExperienceStateCaptureService	HiddenSelectionEnabled	Property	bool	RobloxScriptSecurity	RobloxScriptSecurity	ReadSafe	hidden,notreplicated
ExperienceStateCaptureService	IsInBackground	Property	bool	RobloxScriptSecurity	RobloxScriptSecurity	ReadSafe	hidden,readonly,notreplicated
ExperienceStateCaptureService	IsInCaptureMode	Property	bool	RobloxScriptSecurity	RobloxScriptSecurity	ReadSafe	hidden,readonly,notreplicated
ExperienceStateCaptureService	ItemSelectedInCaptureMode	Event	(instance: Instance)	RobloxScriptSecurity	RobloxScriptSecurity	Unsafe	
ExperienceStateCaptureService	ResetHighlight	Function	() -> ()	RobloxScriptSecurity	RobloxScriptSecurity	Unsafe	
ExperienceStateCaptureService	SelectionMode	Property	ExperienceStateCaptureSelectionMode	RobloxScriptSecurity	RobloxScriptSecurity	ReadSafe	hidden,notreplicated
ExperienceStateCaptureService	ToggleCaptureMode	Function	() -> ()	RobloxScriptSecurity	RobloxScriptSecurity	Unsafe	
ExperienceStateRecordingService	ExitPlayback	Function	() -> ()	RobloxScriptSecurity	RobloxScriptSecurity	Unsafe	
ExperienceStateRecordingService	GetCurrentPlaybackRestartFrames	Function	() -> Array	RobloxScriptSecurity	RobloxScriptSecurity	Unsafe	
ExperienceStateRecordingService	GetPlaybackCurrentFrame	Function	() -> int64	RobloxScriptSecurity	RobloxScriptSecurity	Unsafe	
ExperienceStateRecordingService	GetPlaybackMode	Function	() -> ExperienceStateRecordingPlaybackMode	RobloxScriptSecurity	RobloxScriptSecurity	Unsafe	
ExperienceStateRecordingService	IsServerDataModelRecorderActive	Property	bool	RobloxSecurity	RobloxSecurity	ReadSafe	hidden,notscriptable
ExperienceStateRecordingService	LoadPlaybackAsync	Function	(uri: string, placeFileUri: string?, mode: ExperienceStateRecordingLoadMode, sourceType: ExperienceStateRecordingLoadSourceType) -> Dictionary	RobloxScriptSecurity	RobloxScriptSecurity	Unsafe	yields
ExperienceStateRecordingService	PlaybackStatusUpdated	Event	(percentage: float, currentFrameNumber: int64)	RobloxScriptSecurity	RobloxScriptSecurity	Unsafe	
ExperienceStateRecordingService	SetPlaybackFrame	Function	(frame: int64) -> ()	RobloxScriptSecurity	RobloxScriptSecurity	Unsafe	
ExperienceStateRecordingService	SetPlaybackMode	Function	(mode: ExperienceStateRecordingPlaybackMode) -> ()	RobloxScriptSecurity	RobloxScriptSecurity	Unsafe	
ExperienceStateRecordingService	SetPlaybackPercentage	Function	(percentage: float) -> ()	RobloxScriptSecurity	RobloxScriptSecurity	Unsafe	
ExplorerFilter	BeginSearch	Function	(root: Instance) -> ()	RobloxScriptSecurity	RobloxScriptSecurity	Unsafe	
ExplorerFilter	GetAutocompleter	Function	() -> ExplorerFilterAutocompleter	RobloxScriptSecurity	RobloxScriptSecurity	Unsafe	
ExplorerFilter	GetErrors	Function	() -> Array	RobloxScriptSecurity	RobloxScriptSecurity	Unsafe	
ExplorerFilter	GetLexemes	Function	() -> Array	RobloxScriptSecurity	RobloxScriptSecurity	Unsafe	
ExplorerFilter	GetSearchResults	Function	(maxCandidatesToExplore: int) -> Instances	RobloxScriptSecurity	RobloxScriptSecurity	Unsafe	
ExplorerFilter	HasMoreResults	Function	() -> bool	RobloxScriptSecurity	RobloxScriptSecurity	Unsafe	
ExplorerFilter	InstancePassesFilter	Function	(instance: Instance) -> bool	RobloxScriptSecurity	RobloxScriptSecurity	Unsafe	
ExplorerFilter	SetFilter	Function	(search: string) -> ()	RobloxScriptSecurity	RobloxScriptSecurity	Unsafe	
ExplorerFilterAutocompleter	GetSuggestions	Function	() -> Array	RobloxScriptSecurity	RobloxScriptSecurity	Unsafe	
ExplorerFilterAutocompleter	ReplaceRange	Property	Vector2	RobloxScriptSecurity	RobloxScriptSecurity	ReadSafe	readonly,notreplicated
ExplorerFilterAutocompleter	RequiresOutsideContext	Property	bool	RobloxScriptSecurity	RobloxScriptSecurity	ReadSafe	readonly,notreplicated
ExplorerServiceVisibilityService	GetServiceVisibility	Function	(service: Instance) -> bool	None	None	Unsafe	undocumented
Explosion	BlastPressure	Property	float	None	None	ReadSafe	cap=AvatarBehavior
Explosion	BlastRadius	Property	float	None	None	ReadSafe	cap=AvatarBehavior
Explosion	DestroyJointRadiusPercent	Property	float	None	None	ReadSafe	cap=AvatarBehavior
Explosion	ExplosionType	Property	ExplosionType	None	None	ReadSafe	cap=AvatarBehavior
Explosion	Hit	Event	(part: BasePart, distance: float)	None	None	Unsafe	cap=AvatarBehavior
Explosion	LocalTransparencyModifier	Property	float	None	None	ReadSafe	hidden,notreplicated,cap=AvatarBehavior
Explosion	Position	Property	Vector3	None	None	ReadSafe	cap=AvatarBehavior
Explosion	TimeScale	Property	float	None	None	ReadSafe	cap=AvatarBehavior
Explosion	Visible	Property	bool	None	None	ReadSafe	cap=AvatarBehavior
ExternalIdentityService	AcquireProofAsync	Function	(provider: string, nonce: string?, browserStartUrl: string?) -> Tuple	RobloxScriptSecurity	RobloxScriptSecurity	Unsafe	yields
ExternalIdentityService	CancelActiveOperation	Function	() -> ()	RobloxScriptSecurity	RobloxScriptSecurity	Unsafe	
ExternalIdentityService	GetCapabilitiesAsync	Function	() -> Dictionary	RobloxScriptSecurity	RobloxScriptSecurity	Unsafe	yields
FaceAnimatorService	AudioAnimationEnabled	Property	bool	RobloxScriptSecurity	RobloxScriptSecurity	ReadSafe	hidden,notreplicated
FaceAnimatorService	FaceTrackingStatusEnum	Property	TrackerFaceTrackingStatus	RobloxScriptSecurity	RobloxScriptSecurity	ReadSafe	hidden,notreplicated
FaceAnimatorService	FlipHeadOrientation	Property	bool	RobloxScriptSecurity	RobloxScriptSecurity	ReadSafe	hidden,notreplicated
FaceAnimatorService	GetTrackerLodController	Function	() -> TrackerLodController	RobloxScriptSecurity	RobloxScriptSecurity	Unsafe	
FaceAnimatorService	Init	Function	(videoEnabled: bool, audioEnabled: bool) -> ()	RobloxScriptSecurity	RobloxScriptSecurity	Unsafe	
FaceAnimatorService	IsStarted	Function	() -> bool	RobloxScriptSecurity	RobloxScriptSecurity	Unsafe	
FaceAnimatorService	Start	Function	() -> ()	RobloxScriptSecurity	RobloxScriptSecurity	Unsafe	
FaceAnimatorService	Step	Function	() -> ()	RobloxScriptSecurity	RobloxScriptSecurity	Unsafe	
FaceAnimatorService	Stop	Function	() -> ()	RobloxScriptSecurity	RobloxScriptSecurity	Unsafe	
FaceAnimatorService	TrackerError	Event	(error: TrackerError)	RobloxScriptSecurity	RobloxScriptSecurity	Unsafe	
FaceAnimatorService	TrackerPrompt	Event	(prompt: TrackerPromptEvent)	RobloxScriptSecurity	RobloxScriptSecurity	Unsafe	
FaceAnimatorService	VideoAnimationEnabled	Property	bool	RobloxScriptSecurity	RobloxScriptSecurity	ReadSafe	hidden,notreplicated
FaceControls	ChinRaiser	Property	float	None	None	ReadSafe	notreplicated,cap=Animation
FaceControls	ChinRaiserUpperLip	Property	float	None	None	ReadSafe	notreplicated,cap=Animation
FaceControls	Corrugator	Property	float	None	None	ReadSafe	notreplicated,cap=Animation
FaceControls	EyesLookDown	Property	float	None	None	ReadSafe	notreplicated,cap=Animation
FaceControls	EyesLookLeft	Property	float	None	None	ReadSafe	notreplicated,cap=Animation
FaceControls	EyesLookRight	Property	float	None	None	ReadSafe	notreplicated,cap=Animation
FaceControls	EyesLookUp	Property	float	None	None	ReadSafe	notreplicated,cap=Animation
FaceControls	FlatPucker	Property	float	None	None	ReadSafe	notreplicated,cap=Animation
FaceControls	Funneler	Property	float	None	None	ReadSafe	notreplicated,cap=Animation
FaceControls	HasOverrideFACSData	Function	() -> bool	RobloxScriptSecurity	RobloxScriptSecurity	Unsafe	cap=Animation
FaceControls	InternalFacsOverrideChanged	Event	()	RobloxScriptSecurity	RobloxScriptSecurity	Unsafe	cap=Animation
FaceControls	InternalOverrideFACSData	Property	BinaryString	RobloxSecurity	RobloxSecurity	ReadSafe	hidden,notscriptable,cap=Animation
FaceControls	JawDrop	Property	float	None	None	ReadSafe	notreplicated,cap=Animation
FaceControls	JawLeft	Property	float	None	None	ReadSafe	notreplicated,cap=Animation
FaceControls	JawRight	Property	float	None	None	ReadSafe	notreplicated,cap=Animation
FaceControls	LeftBrowLowerer	Property	float	None	None	ReadSafe	notreplicated,cap=Animation
FaceControls	LeftCheekPuff	Property	float	None	None	ReadSafe	notreplicated,cap=Animation
FaceControls	LeftCheekRaiser	Property	float	None	None	ReadSafe	notreplicated,cap=Animation
FaceControls	LeftDimpler	Property	float	None	None	ReadSafe	notreplicated,cap=Animation
FaceControls	LeftEyeClosed	Property	float	None	None	ReadSafe	notreplicated,cap=Animation
FaceControls	LeftEyeUpperLidRaiser	Property	float	None	None	ReadSafe	notreplicated,cap=Animation
FaceControls	LeftInnerBrowRaiser	Property	float	None	None	ReadSafe	notreplicated,cap=Animation
FaceControls	LeftLipCornerDown	Property	float	None	None	ReadSafe	notreplicated,cap=Animation
FaceControls	LeftLipCornerPuller	Property	float	None	None	ReadSafe	notreplicated,cap=Animation
FaceControls	LeftLipStretcher	Property	float	None	None	ReadSafe	notreplicated,cap=Animation
FaceControls	LeftLowerLipDepressor	Property	float	None	None	ReadSafe	notreplicated,cap=Animation
FaceControls	LeftNoseWrinkler	Property	float	None	None	ReadSafe	notreplicated,cap=Animation
FaceControls	LeftOuterBrowRaiser	Property	float	None	None	ReadSafe	notreplicated,cap=Animation
FaceControls	LeftUpperLipRaiser	Property	float	None	None	ReadSafe	notreplicated,cap=Animation
FaceControls	LipPresser	Property	float	None	None	ReadSafe	notreplicated,cap=Animation
FaceControls	LipsTogether	Property	float	None	None	ReadSafe	notreplicated,cap=Animation
FaceControls	LowerLipSuck	Property	float	None	None	ReadSafe	notreplicated,cap=Animation
FaceControls	MouthLeft	Property	float	None	None	ReadSafe	notreplicated,cap=Animation
FaceControls	MouthRight	Property	float	None	None	ReadSafe	notreplicated,cap=Animation
FaceControls	Pucker	Property	float	None	None	ReadSafe	notreplicated,cap=Animation
FaceControls	RightBrowLowerer	Property	float	None	None	ReadSafe	notreplicated,cap=Animation
FaceControls	RightCheekPuff	Property	float	None	None	ReadSafe	notreplicated,cap=Animation
FaceControls	RightCheekRaiser	Property	float	None	None	ReadSafe	notreplicated,cap=Animation
FaceControls	RightDimpler	Property	float	None	None	ReadSafe	notreplicated,cap=Animation
FaceControls	RightEyeClosed	Property	float	None	None	ReadSafe	notreplicated,cap=Animation
FaceControls	RightEyeUpperLidRaiser	Property	float	None	None	ReadSafe	notreplicated,cap=Animation
FaceControls	RightInnerBrowRaiser	Property	float	None	None	ReadSafe	notreplicated,cap=Animation
FaceControls	RightLipCornerDown	Property	float	None	None	ReadSafe	notreplicated,cap=Animation
FaceControls	RightLipCornerPuller	Property	float	None	None	ReadSafe	notreplicated,cap=Animation
FaceControls	RightLipStretcher	Property	float	None	None	ReadSafe	notreplicated,cap=Animation
FaceControls	RightLowerLipDepressor	Property	float	None	None	ReadSafe	notreplicated,cap=Animation
FaceControls	RightNoseWrinkler	Property	float	None	None	ReadSafe	notreplicated,cap=Animation
FaceControls	RightOuterBrowRaiser	Property	float	None	None	ReadSafe	notreplicated,cap=Animation
FaceControls	RightUpperLipRaiser	Property	float	None	None	ReadSafe	notreplicated,cap=Animation
FaceControls	TongueDown	Property	float	None	None	ReadSafe	notreplicated,cap=Animation
FaceControls	TongueOut	Property	float	None	None	ReadSafe	notreplicated,cap=Animation
FaceControls	TongueUp	Property	float	None	None	ReadSafe	notreplicated,cap=Animation
FaceControls	UpperLipSuck	Property	float	None	None	ReadSafe	notreplicated,cap=Animation
FaceInstance	Face	Property	NormalId	None	None	ReadSafe	cap=Basic
FacialAgeEstimationService	InquiryAsync	Function	(inquiryRequest: Dictionary) -> Dictionary	RobloxScriptSecurity	RobloxScriptSecurity	Unsafe	yields
FacialAgeEstimationService	IsAvailable	Function	() -> bool	RobloxScriptSecurity	RobloxScriptSecurity	Unsafe	
FacialAnimationRecordingService	BiometricDataConsent	Property	bool	RobloxScriptSecurity	RobloxScriptSecurity	ReadSafe	hidden,notreplicated
FacialAnimationRecordingService	CheckOrRequestCameraPermission	Function	() -> string	RobloxScriptSecurity	RobloxScriptSecurity	Unsafe	yields
FacialAnimationRecordingService	IsAgeRestricted	Function	() -> bool	RobloxScriptSecurity	RobloxScriptSecurity	Unsafe	
FacialAnimationStreamingServiceStats	Get	Function	(label: string) -> int64	RobloxScriptSecurity	RobloxScriptSecurity	Unsafe	
FacialAnimationStreamingServiceStats	GetWithPlayerId	Function	(label: string, playerId: int64) -> int64	RobloxScriptSecurity	RobloxScriptSecurity	Unsafe	
FacialAnimationStreamingServiceV2	GetStats	Function	() -> FacialAnimationStreamingServiceStats	RobloxScriptSecurity	RobloxScriptSecurity	Unsafe	
FacialAnimationStreamingServiceV2	IsAudioEnabled	Function	(mask: int) -> bool	RobloxScriptSecurity	RobloxScriptSecurity	Unsafe	
FacialAnimationStreamingServiceV2	IsPlaceEnabled	Function	(mask: int) -> bool	RobloxScriptSecurity	RobloxScriptSecurity	Unsafe	
FacialAnimationStreamingServiceV2	IsServerEnabled	Function	(mask: int) -> bool	RobloxScriptSecurity	RobloxScriptSecurity	Unsafe	
FacialAnimationStreamingServiceV2	IsVideoEnabled	Function	(mask: int) -> bool	RobloxScriptSecurity	RobloxScriptSecurity	Unsafe	
FacialAnimationStreamingServiceV2	ResolveStateForUser	Function	(userId: int64) -> int	RobloxScriptSecurity	RobloxScriptSecurity	Unsafe	yields
FacialAnimationStreamingServiceV2	ServiceState	Property	int	RobloxScriptSecurity	RobloxScriptSecurity	ReadSafe	hidden
Feature	FaceId	Property	NormalId	None	None	ReadSafe	cap=Physics
Feature	InOut	Property	InOut	None	None	ReadSafe	cap=Physics
Feature	LeftRight	Property	LeftRight	None	None	ReadSafe	cap=Physics
Feature	TopBottom	Property	TopBottom	None	None	ReadSafe	cap=Physics
FeatureRestrictionManager	FeatureTimeoutAttempt	Event	(permanent: bool, startTime: int64, duration: int64, featureRestrictionAbuseVector: FeatureRestrictionAbuseVector)	RobloxScriptSecurity	RobloxScriptSecurity	Unsafe	
FeatureRestrictionManager	FeatureTimeoutRestored	Event	(featureRestrictionAbuseVector: FeatureRestrictionAbuseVector)	RobloxScriptSecurity	RobloxScriptSecurity	Unsafe	
FeatureRestrictionManager	RefreshFeatureRestrictions	Event	(featureRestrictionAbuseVector: FeatureRestrictionAbuseVector)	RobloxSecurity	RobloxSecurity	Unsafe	hidden
FeatureRestrictionManager	ShowFeatureInterventionDetails	Event	(featureRestrictionAbuseVector: FeatureRestrictionAbuseVector)	RobloxScriptSecurity	RobloxScriptSecurity	Unsafe	
FeatureRestrictionManager	ShowFeatureInterventionDetailsV2	Event	(featureRestrictionAbuseVector: FeatureRestrictionAbuseVector, isGameJoin: bool)	RobloxScriptSecurity	RobloxScriptSecurity	Unsafe	
FeatureRestrictionManager	TimeoutChatAttempt	Event	(isPermanentTimeout: bool, endTime: int64)	RobloxScriptSecurity	RobloxScriptSecurity	Unsafe	
FeatureRestrictionManager	UpdateClientFeatureTimeout	Event	(acknowledgeable: bool, permanent: bool, startTime: int64, duration: int64, featureRestrictionAbuseVector: FeatureRestrictionAbuseVector)	RobloxSecurity	RobloxSecurity	Unsafe	hidden
File	GetBinaryContents	Function	() -> string	PluginSecurity	PluginSecurity	Unsafe	cap=AssetRead
File	GetTemporaryId	Function	() -> ContentId	PluginSecurity	PluginSecurity	Unsafe	cap=AssetRead
File	Size	Property	int64	PluginSecurity	PluginSecurity	ReadSafe	hidden,readonly,notreplicated,cap=AssetRead
FileManagerService	ListFilesInFolderAsync	Function	(folder: EngineFolder) -> Array	RobloxScriptSecurity	RobloxScriptSecurity	Unsafe	yields
FileManagerService	OpenFileInWebBrowser	Function	(folder: EngineFolder, fileName: string) -> ()	RobloxScriptSecurity	RobloxScriptSecurity	Unsafe	
FileManagerService	OpenFolder	Function	(folder: EngineFolder) -> ()	RobloxScriptSecurity	RobloxScriptSecurity	Unsafe	
FileManagerService	RevealFileInFolder	Function	(folder: EngineFolder, fileName: string) -> ()	RobloxScriptSecurity	RobloxScriptSecurity	Unsafe	
FileMesh	MeshContent	Property	Content	None	None	ReadSafe	cap=Basic
FileMesh	MeshId	Property	ContentId	None	None	ReadSafe	cap=Basic
FileMesh	TextureContent	Property	Content	None	None	ReadSafe	cap=Basic
FileMesh	TextureId	Property	ContentId	None	None	ReadSafe	cap=Basic
FileSyncReplicationService	BroadcastPlayerSyncState	Event	(userId: int64, instanceStatusPairs: Array)	RobloxSecurity	RobloxSecurity	Unsafe	hidden
FileSyncReplicationService	UpdateSyncInstances	Event	(instanceStatusPairs: Array)	RobloxSecurity	RobloxSecurity	Unsafe	hidden
Fire	Color	Property	Color3	None	None	ReadSafe	cap=Basic
Fire	Enabled	Property	bool	None	None	ReadSafe	cap=Basic
Fire	FastForward	Function	(numFrames: int) -> ()	RobloxScriptSecurity	RobloxScriptSecurity	Unsafe	cap=Basic
Fire	Heat	Property	float	None	None	ReadSafe	notreplicated,cap=Basic
Fire	LocalTransparencyModifier	Property	float	None	None	ReadSafe	hidden,notreplicated,cap=Basic
Fire	SecondaryColor	Property	Color3	None	None	ReadSafe	cap=Basic
Fire	Size	Property	float	None	None	ReadSafe	notreplicated,cap=Basic
Fire	TimeScale	Property	float	None	None	ReadSafe	cap=Basic
Fire	heat_xml	Property	float	None	None	ReadSafe	hidden,notscriptable,cap=Basic
Fire	size	Property	float	None	None	ReadSafe	notreplicated,deprecated,prefer=Size,cap=Basic
Fire	size_xml	Property	float	None	None	ReadSafe	hidden,notscriptable,cap=Basic
Flag	TeamColor	Property	BrickColor	None	None	ReadSafe	cap=Basic|Input
FlagStand	FlagCaptured	Event	(player: Instance)	None	None	Unsafe	cap=Basic
FlagStand	TeamColor	Property	BrickColor	None	None	ReadSafe	cap=Basic
FlangeSoundEffect	Depth	Property	float	None	None	ReadSafe	cap=LegacySound
FlangeSoundEffect	Mix	Property	float	None	None	ReadSafe	cap=LegacySound
FlangeSoundEffect	Rate	Property	float	None	None	ReadSafe	cap=LegacySound
FloatCurve	GetKeyAtIndex	Function	(index: int) -> FloatCurveKey	None	None	Unsafe	cap=Basic
FloatCurve	GetKeyIndicesAtTime	Function	(time: float) -> Array	None	None	Unsafe	cap=Basic
FloatCurve	GetKeys	Function	() -> Array	None	None	Unsafe	cap=Basic
FloatCurve	GetValueAtTime	Function	(time: float) -> float?	None	None	Unsafe	cap=Basic
FloatCurve	InsertKey	Function	(key: FloatCurveKey) -> Array	None	None	Unsafe	cap=Basic
FloatCurve	Length	Property	int	None	None	ReadSafe	readonly,notreplicated,cap=Basic
FloatCurve	RemoveKeyAtIndex	Function	(startingIndex: int, count: int = 1) -> int	None	None	Unsafe	cap=Basic
FloatCurve	SetKeys	Function	(keys: Array) -> int	None	None	Unsafe	cap=Basic
FloatCurve	ValuesAndTimes	Property	BinaryString	None	None	ReadSafe	hidden,notscriptable,cap=Basic
FloorWire	CycleOffset	Property	float	None	None	ReadSafe	cap=Basic|UI
FloorWire	From	Property	BasePart	None	None	ReadSafe	cap=Basic|UI
FloorWire	StudsBetweenTextures	Property	float	None	None	ReadSafe	cap=Basic|UI
FloorWire	Texture	Property	ContentId	None	None	ReadSafe	cap=Basic|UI
FloorWire	TextureSize	Property	Vector2	None	None	ReadSafe	cap=Basic|UI
FloorWire	To	Property	BasePart	None	None	ReadSafe	cap=Basic|UI
FloorWire	Velocity	Property	float	None	None	ReadSafe	cap=Basic|UI
FloorWire	WireRadius	Property	float	None	None	ReadSafe	cap=Basic|UI
FluidForceSensor	CenterOfPressure	Property	Vector3	None	None	ReadSafe	readonly,notreplicated,sim,cap=Basic
FluidForceSensor	EvaluateAsync	Function	(linearVelocity: Vector3, angularVelocity: Vector3, cframe: CFrame) -> Tuple	None	None	Unsafe	yields,sim,cap=Basic
FluidForceSensor	Force	Property	Vector3	None	None	ReadSafe	readonly,notreplicated,sim,cap=Basic
FluidForceSensor	Torque	Property	Vector3	None	None	ReadSafe	readonly,notreplicated,sim,cap=Basic
Folder	IconTint	Property	Color3	None	None	ReadSafe	cap=Basic,undocumented
Folder	ReplicatedGuiInsertionOrder	Property	int	RobloxSecurity	RobloxSecurity	ReadSafe	hidden,notscriptable
ForceField	Visible	Property	bool	None	None	ReadSafe	cap=AvatarBehavior
FormFactorPart	FormFactor	Property	FormFactor	None	None	ReadSafe	notreplicated,deprecated
FormFactorPart	formFactor	Property	FormFactor	None	None	ReadSafe	hidden,notreplicated,deprecated
FormFactorPart	formFactorRaw	Property	FormFactor	None	None	ReadSafe	hidden,notscriptable
Frame	Style	Property	FrameStyle	None	None	ReadSafe	cap=UI
FriendService	FriendsUpdated	Event	(friendData: Array)	RobloxScriptSecurity	RobloxScriptSecurity	Unsafe	
FriendService	GetPlatformFriends	Function	() -> Array	RobloxScriptSecurity	RobloxScriptSecurity	Unsafe	yields
FriendService	RemoteFriendEventSignal	Event	(userId: int64, userId: int64, event: FriendRequestEvent)	RobloxSecurity	RobloxSecurity	Unsafe	hidden
FriendService	RemoteFriendStatusSignal	Event	(userId: int64, userId: int64, status: FriendStatus)	RobloxSecurity	RobloxSecurity	Unsafe	hidden
FriendsCallingInstance	CallId	Property	string	RobloxSecurity	RobloxSecurity	ReadSafe	readonly,notreplicated
FriendsCallingInstance	ConversationId	Property	int64	RobloxSecurity	RobloxSecurity	ReadSafe	readonly,notreplicated
FriendsCallingInstance	EndReason	Property	FriendsCallingEndReason	RobloxSecurity	RobloxSecurity	ReadSafe	readonly,notreplicated
FriendsCallingInstance	InitiatorUserId	Property	int64	RobloxSecurity	RobloxSecurity	ReadSafe	readonly,notreplicated
FriendsCallingInstance	IsDeafened	Property	bool	RobloxSecurity	RobloxSecurity	ReadSafe	readonly,notreplicated
FriendsCallingInstance	Phase	Property	FriendsCallingPhase	RobloxSecurity	RobloxSecurity	ReadSafe	readonly,notreplicated
FriendsCallingInstance	Volume	Property	float	RobloxSecurity	RobloxSecurity	ReadSafe	readonly,notreplicated
FriendsCallingParticipant	Error	Property	FriendsCallingParticipantErrors	RobloxSecurity	RobloxSecurity	ReadSafe	readonly,notreplicated
FriendsCallingParticipant	IsLocalMuted	Property	bool	RobloxSecurity	RobloxSecurity	ReadSafe	readonly,notreplicated
FriendsCallingParticipant	IsSpeaking	Property	bool	RobloxSecurity	RobloxSecurity	ReadSafe	readonly,notreplicated
FriendsCallingParticipant	LeaveReason	Property	FriendsCallingParticipantLeaveReason	RobloxSecurity	RobloxSecurity	ReadSafe	readonly,notreplicated
FriendsCallingParticipant	Status	Property	FriendsCallingParticipantStatus	RobloxSecurity	RobloxSecurity	ReadSafe	readonly,notreplicated
FriendsCallingParticipant	UserId	Property	int64	RobloxSecurity	RobloxSecurity	ReadSafe	readonly,notreplicated
FriendsCallingParticipant	Volume	Property	float	RobloxSecurity	RobloxSecurity	ReadSafe	readonly,notreplicated
FunctionalTest	AllowSleep	Property	bool	None	None	ReadSafe	hidden,notreplicated,notscriptable
FunctionalTest	Description	Property	string	None	None	ReadSafe	
FunctionalTest	Error	Function	(message: string = ) -> ()	None	None	Unsafe	
FunctionalTest	Failed	Function	(message: string = ) -> ()	None	None	Unsafe	
FunctionalTest	HasMigratedSettingsToTestService	Property	bool	None	None	ReadSafe	hidden,notscriptable
FunctionalTest	Is30FpsThrottleEnabled	Property	bool	None	None	ReadSafe	hidden,notreplicated,notscriptable
FunctionalTest	Pass	Function	(message: string = ) -> ()	None	None	Unsafe	
FunctionalTest	Passed	Function	(message: string = ) -> ()	None	None	Unsafe	
FunctionalTest	PhysicsEnvironmentalThrottle	Property	bool	None	None	ReadSafe	hidden,notreplicated,notscriptable
FunctionalTest	Timeout	Property	double	None	None	ReadSafe	hidden,notreplicated,notscriptable
FunctionalTest	Warn	Function	(message: string = ) -> ()	None	None	Unsafe	
GamePassService	PlayerHasPass	Function	(player: Player, gamePassId: int64) -> bool	None	None	Unsafe	yields,deprecated,cap=Monetization
GameSettings	VideoCaptureEnabled	Property	bool	PluginSecurity	PluginSecurity	ReadSafe	deprecated
GameSettings	VideoRecordingChangeRequest	Event	(recording: bool)	RobloxScriptSecurity	RobloxScriptSecurity	Unsafe	
GamepadService	AutoSelectGui	Function	() -> ()	RobloxScriptSecurity	RobloxScriptSecurity	Unsafe	cap=Input
GamepadService	DisableGamepadCursor	Function	() -> ()	None	None	Unsafe	cap=Input
GamepadService	EnableGamepadCursor	Function	(guiObject: Instance) -> ()	None	None	Unsafe	cap=Input
GamepadService	GamepadCursorEnabled	Property	bool	None	RobloxScriptSecurity	ReadSafe	cap=Input
GamepadService	GamepadThumbstick1Changed	Event	(event: Vector2)	RobloxScriptSecurity	RobloxScriptSecurity	Unsafe	cap=Input
GamepadService	GetGamepadCursorPosition	Function	() -> Vector2	RobloxScriptSecurity	RobloxScriptSecurity	Unsafe	cap=Input
GamepadService	SetGamepadCursorPosition	Function	(position: Vector2) -> ()	RobloxScriptSecurity	RobloxScriptSecurity	Unsafe	cap=Input
GeneratedFolder	SetPrimaryPart	Function	(part: BasePart) -> ()	None	None	Unsafe	cap=Basic
GenerationService	ConnectAsync	Function	(sessionId: string, sdp: string, type: string, relay: string) -> Tuple	None	None	Unsafe	yields,cap=DynamicGeneration|InternalTest,undocumented
GenerationService	DisconnectAsync	Function	(sessionId: string) -> bool	None	None	Unsafe	yields,cap=DynamicGeneration|InternalTest,undocumented
GenerationService	ExportInstanceToGlbAsync	Function	(rootInstance: Instance, userId: int64) -> string	RobloxScriptSecurity	RobloxScriptSecurity	Unsafe	yields,cap=DynamicGeneration
GenerationService	ExportMeshToGlbAsync	Function	(meshPart: MeshPart) -> string	RobloxScriptSecurity	RobloxScriptSecurity	Unsafe	yields,cap=DynamicGeneration
GenerationService	GenerateMeshAsync	Function	(inputs: Dictionary, player: Player, options: Dictionary, intermediateResultCallback: Function?) -> Tuple	None	None	Unsafe	yields,cap=DynamicGeneration
GenerationService	GenerateModelAsync	Function	(inputs: Dictionary, schema: Dictionary, options: Dictionary?) -> Tuple	None	None	Unsafe	yields,cap=DynamicGeneration
GenerationService	GetVideoGenSessionAsync	Function	() -> Tuple	None	None	Unsafe	yields,cap=DynamicGeneration|InternalTest,undocumented
GenerationService	GetVideoGenTriggersAsync	Function	(sessionId: string, lookbackSeconds: int) -> Dictionary	None	None	Unsafe	yields,cap=DynamicGeneration|InternalTest,undocumented
GenerationService	InternalGenerateMeshAsync	Function	(inputs: Dictionary, userId: int64, options: Dictionary, intermediateResultCallback: Function?) -> Tuple	RobloxScriptSecurity	RobloxScriptSecurity	Unsafe	yields,cap=DynamicGeneration
GenerationService	LoadGeneratedMeshAsync	Function	(generationId: string) -> MeshPart	None	None	Unsafe	yields,cap=DynamicGeneration
GenerationService	LoadModelFromGlbAsync	Function	(glbPath: string) -> Model	RobloxScriptSecurity	RobloxScriptSecurity	Unsafe	yields,cap=DynamicGeneration
GenerationService	LoadModelFromUrlAsync	Function	(url: string) -> Model	RobloxScriptSecurity	RobloxScriptSecurity	Unsafe	yields,cap=DynamicGeneration
GenerationService	ReplicateGeneration	Event	(id: string, success: bool, serializedModel: string)	RobloxSecurity	RobloxSecurity	Unsafe	hidden,cap=DynamicGeneration
GenerationService	RequestGenerationReplication	Event	(id: string)	RobloxSecurity	RobloxSecurity	Unsafe	hidden,cap=DynamicGeneration
GenerationService	SegmentMeshAsync	Function	(meshPart: MeshPart, schema: Dictionary, options: Dictionary?) -> Tuple	None	None	Unsafe	yields,cap=DynamicGeneration
GenerationService	StartVideoGenSessionAsync	Function	(sessionId: string, prompt: string, imageData: string, imageS3Reference: string, triggers: Dictionary) -> bool	None	None	Unsafe	yields,cap=DynamicGeneration|InternalTest,undocumented
GenerationService	UpdateVideoGenSessionPromptAsync	Function	(sessionId: string, prompt: string, imageData: string, imageS3Reference: string, mode: string) -> bool	None	None	Unsafe	yields,cap=DynamicGeneration|InternalTest,undocumented
GenerationService	UpdateVideoGenSessionTriggersAsync	Function	(sessionId: string, triggers: Dictionary) -> bool	None	None	Unsafe	yields,cap=DynamicGeneration|InternalTest,undocumented
GenericChallengeService	ChallengeAbandonedEvent	Event	(challengeID: string)	RobloxScriptSecurity	RobloxScriptSecurity	Unsafe	
GenericChallengeService	ChallengeCompletedEvent	Event	(challengeID: string, challengeType: string, challengeMetadata: string)	RobloxScriptSecurity	RobloxScriptSecurity	Unsafe	
GenericChallengeService	ChallengeInvalidatedEvent	Event	(challengeID: string)	RobloxScriptSecurity	RobloxScriptSecurity	Unsafe	
GenericChallengeService	ChallengeLoadedEvent	Event	(challengeID: string, success: bool)	RobloxScriptSecurity	RobloxScriptSecurity	Unsafe	
GenericChallengeService	ChallengeRequiredEvent	Event	(challengeID: string, challengeType: string, challengeMetadata: string)	RobloxScriptSecurity	RobloxScriptSecurity	Unsafe	
GenericChallengeService	SignalChallengeAbandoned	Function	(challengeID: string) -> ()	RobloxScriptSecurity	RobloxScriptSecurity	Unsafe	
GenericChallengeService	SignalChallengeCompleted	Function	(challengeID: string, challengeType: string, challengeMetadata: string) -> ()	RobloxScriptSecurity	RobloxScriptSecurity	Unsafe	
GenericChallengeService	SignalChallengeInvalidated	Function	(challengeID: string) -> ()	RobloxScriptSecurity	RobloxScriptSecurity	Unsafe	
GenericChallengeService	SignalChallengeLoaded	Function	(challengeID: string, success: bool) -> ()	RobloxScriptSecurity	RobloxScriptSecurity	Unsafe	
GenericChallengeService	SignalChallengeRequired	Function	(challengeID: string, challengeType: string, challengeMetadata: string) -> ()	RobloxScriptSecurity	RobloxScriptSecurity	Unsafe	
GeometryService	CalculateConstraintsToPreserve	Function	(source: Instance, destination: Array, options: Dictionary = nil) -> Array	None	None	Unsafe	cap=CSG
GeometryService	CreateBasicMeshPart	Function	(shape: BasicMeshPartShape, options: Dictionary = nil) -> MeshPart	None	None	Unsafe	cap=CSG|InternalTest,undocumented
GeometryService	FragmentAsync	Function	(part: BasePart, sites: Array, options: Dictionary = nil) -> Array	None	None	Unsafe	yields,cap=CSG
GeometryService	GenerateFragmentSites	Function	(part: BasePart, options: Dictionary = nil) -> Array	None	None	Unsafe	cap=CSG
GeometryService	HashMeshAsync	Function	(meshId: ContentId) -> string	RobloxScriptSecurity	RobloxScriptSecurity	Unsafe	yields,cap=CSG
GeometryService	IntersectAsync	Function	(part: Instance, parts: Array, options: Dictionary = nil) -> Array	None	None	Unsafe	yields,cap=CSG
GeometryService	SubtractAsync	Function	(part: Instance, parts: Array, options: Dictionary = nil) -> Array	None	None	Unsafe	yields,cap=CSG
GeometryService	SweepPartAsync	Function	(part: BasePart, cframes: Array, options: Dictionary = nil) -> MeshPart	None	None	Unsafe	yields,cap=CSG
GeometryService	TranscodeMesh	Function	(instance: Instance) -> ()	RobloxScriptSecurity	RobloxScriptSecurity	Unsafe	cap=CSG
GeometryService	TranscodeModel	Function	(instance: Instance) -> Array	RobloxScriptSecurity	RobloxScriptSecurity	Unsafe	cap=CSG
GeometryService	UnionAsync	Function	(part: Instance, parts: Array, options: Dictionary = nil) -> Array	None	None	Unsafe	yields,cap=CSG
GetTextBoundsParams	Font	Property	Font	None	None	ReadSafe	cap=UI
GetTextBoundsParams	RichText	Property	bool	None	None	ReadSafe	cap=UI
GetTextBoundsParams	Size	Property	float	None	None	ReadSafe	cap=UI
GetTextBoundsParams	Text	Property	string	None	None	ReadSafe	cap=UI
GetTextBoundsParams	Width	Property	float	None	None	ReadSafe	cap=UI
GlobalDataStore	BatchGetAsync	Function	(keys: Array, options: Dictionary = nil) -> Dictionary	None	None	Unsafe	yields,cap=DataStore
GlobalDataStore	GetAsync	Function	(key: string, options: DataStoreGetOptions = nil) -> Tuple	None	None	Unsafe	yields,cap=DataStore
GlobalDataStore	IncrementAsync	Function	(key: string, delta: int = 1, userIds: Array = {}, options: DataStoreIncrementOptions = nil) -> Variant	None	None	Unsafe	yields,cap=DataStore
GlobalDataStore	OnUpdate	Function	(key: string, callback: Function) -> RBXScriptConnection	None	None	Unsafe	deprecated,cap=DataStore
GlobalDataStore	RemoveAsync	Function	(key: string) -> Tuple	None	None	Unsafe	yields,cap=DataStore
GlobalDataStore	SetAsync	Function	(key: string, value: Variant, userIds: Array = {}, options: DataStoreSetOptions = nil) -> Variant	None	None	Unsafe	yields,cap=DataStore
GlobalDataStore	UpdateAsync	Function	(key: string, transformFunction: Function) -> Tuple	None	None	Unsafe	yields,cap=DataStore
GlobalSettings	GetFFlag	Function	(name: string) -> bool	None	None	Unsafe	
GlobalSettings	GetFFlagOverrides	Function	() -> string	RobloxScriptSecurity	RobloxScriptSecurity	Unsafe	
GlobalSettings	GetFFlags	Function	() -> string	RobloxScriptSecurity	RobloxScriptSecurity	Unsafe	
GlobalSettings	GetFVariable	Function	(name: string) -> string	None	None	Unsafe	
GlobalSettings	SetFFlagOverrides	Function	(overrides: string) -> bool	RobloxScriptSecurity	RobloxScriptSecurity	Unsafe	
Glue	F0	Property	Vector3	None	None	ReadSafe	cap=Physics
Glue	F1	Property	Vector3	None	None	ReadSafe	cap=Physics
Glue	F2	Property	Vector3	None	None	ReadSafe	cap=Physics
Glue	F3	Property	Vector3	None	None	ReadSafe	cap=Physics
GroundController	AccelerationLean	Property	float	None	None	ReadSafe	sim,cap=Basic,undocumented
GroundController	AccelerationTime	Property	float	None	None	ReadSafe	sim,cap=Basic
GroundController	BalanceMaxTorque	Property	float	None	None	ReadSafe	sim,cap=Basic
GroundController	BalanceSpeed	Property	float	None	None	ReadSafe	sim,cap=Basic
GroundController	DecelerationTime	Property	float	None	None	ReadSafe	sim,cap=Basic
GroundController	Friction	Property	float	None	None	ReadSafe	sim,cap=Basic
GroundController	FrictionWeight	Property	float	None	None	ReadSafe	sim,cap=Basic
GroundController	GroundOffset	Property	float	None	None	ReadSafe	sim,cap=Basic
GroundController	StandForce	Property	float	None	None	ReadSafe	sim,cap=Basic,undocumented
GroundController	StandSpeed	Property	float	None	None	ReadSafe	sim,cap=Basic,undocumented
GroundController	TurnSpeedFactor	Property	float	None	None	ReadSafe	sim,cap=Basic
GroupImportData	Anchored	Property	bool	None	None	ReadSafe	undocumented
GroupImportData	ImportAsModelAsset	Property	bool	None	None	ReadSafe	undocumented
GroupImportData	InsertInWorkspace	Property	bool	None	None	ReadSafe	undocumented
GroupService	GetAlliesAsync	Function	(groupId: int64) -> StandardPages	None	None	Unsafe	yields,cap=Groups
GroupService	GetEnemiesAsync	Function	(groupId: int64) -> StandardPages	None	None	Unsafe	yields,cap=Groups
GroupService	GetGroupInfoAsync	Function	(groupId: int64) -> Variant	None	None	Unsafe	yields,cap=Groups
GroupService	GetGroupsAsync	Function	(userId: User) -> Array	None	None	Unsafe	yields,cap=Groups
GroupService	GetRolesInGroupAsync	Function	(userId: User, groupId: int64) -> Variant	None	None	Unsafe	yields,cap=Groups
GroupService	PromptJoinAsync	Function	(groupId: int64) -> GroupMembershipStatus	None	None	Unsafe	yields,cap=Groups
GroupService	PromptJoinCompleted	Function	(groupId: int64, success: bool, groupMembershipStatus: GroupMembershipStatus, errorMessage: string) -> ()	RobloxScriptSecurity	RobloxScriptSecurity	Unsafe	cap=Groups
GroupService	ShowJoinPrompt	Event	(groupId: int64)	RobloxScriptSecurity	RobloxScriptSecurity	Unsafe	cap=Groups
GuiBase2d	AbsolutePosition	Property	Vector2	None	None	Unsafe	readonly,notreplicated,cap=UI
GuiBase2d	AbsoluteRotation	Property	float	None	None	Unsafe	readonly,notreplicated,cap=UI
GuiBase2d	AbsoluteSize	Property	Vector2	None	None	Unsafe	readonly,notreplicated,cap=UI
GuiBase2d	ActiveQueryNames	Property	string	RobloxScriptSecurity	RobloxScriptSecurity	ReadSafe	hidden,notreplicated,notscriptable,cap=UI
GuiBase2d	AutoLocalize	Property	bool	None	None	ReadSafe	cap=UI
GuiBase2d	ClippedRect	Property	Rect	RobloxScriptSecurity	RobloxScriptSecurity	ReadSafe	hidden,readonly,notreplicated,cap=UI
GuiBase2d	IsNotOccluded	Property	bool	RobloxScriptSecurity	RobloxScriptSecurity	ReadSafe	hidden,readonly,notreplicated,cap=UI
GuiBase2d	Localize	Property	bool	None	None	ReadSafe	hidden,notreplicated,deprecated,prefer=AutoLocalize,cap=UI
GuiBase2d	RawRect2D	Property	Rect	RobloxScriptSecurity	RobloxScriptSecurity	ReadSafe	hidden,readonly,notreplicated,cap=UI
GuiBase2d	ReplicatedInsertionOrder	Property	int	RobloxSecurity	RobloxSecurity	ReadSafe	hidden,notscriptable,cap=UI
GuiBase2d	RootLocalizationTable	Property	LocalizationTable	None	None	ReadSafe	cap=UI
GuiBase2d	SelectionBehaviorDown	Property	SelectionBehavior	None	None	ReadSafe	cap=UI
GuiBase2d	SelectionBehaviorLeft	Property	SelectionBehavior	None	None	ReadSafe	cap=UI
GuiBase2d	SelectionBehaviorRight	Property	SelectionBehavior	None	None	ReadSafe	cap=UI
GuiBase2d	SelectionBehaviorUp	Property	SelectionBehavior	None	None	ReadSafe	cap=UI
GuiBase2d	SelectionChanged	Event	(amISelected: bool, previousSelection: GuiObject, newSelection: GuiObject)	None	None	Unsafe	cap=UI
GuiBase2d	SelectionGroup	Property	bool	None	None	ReadSafe	cap=UI
GuiBase2d	TotalGroupScale	Property	float	RobloxScriptSecurity	RobloxScriptSecurity	ReadSafe	hidden,readonly,notreplicated,cap=UI
GuiBase3d	Color	Property	BrickColor	None	None	ReadSafe	hidden,notreplicated,deprecated,prefer=Color3,cap=UI
GuiBase3d	Color3	Property	Color3	None	None	ReadSafe	cap=UI
GuiBase3d	Transparency	Property	float	None	None	ReadSafe	cap=UI
GuiBase3d	Visible	Property	bool	None	None	ReadSafe	cap=UI
GuiButton	Activated	Event	(inputObject: InputObject, clickCount: int)	None	None	Unsafe	cap=UI
GuiButton	AutoButtonColor	Property	bool	None	None	ReadSafe	cap=UI
GuiButton	HoverHapticEffect	Property	HapticEffect	None	None	ReadSafe	cap=UI
GuiButton	Modal	Property	bool	None	None	ReadSafe	cap=UI
GuiButton	MouseButton1Click	Event	()	None	None	Unsafe	cap=UI
GuiButton	MouseButton1ClickConnectionCount	Property	int	None	None	ReadSafe	hidden,notscriptable,cap=UI
GuiButton	MouseButton1Down	Event	(x: int, y: int)	None	None	Unsafe	cap=UI
GuiButton	MouseButton1DownConnectionCount	Property	int	None	None	ReadSafe	hidden,notscriptable,cap=UI
GuiButton	MouseButton1Up	Event	(x: int, y: int)	None	None	Unsafe	cap=UI
GuiButton	MouseButton1UpConnectionCount	Property	int	None	None	ReadSafe	hidden,notscriptable,cap=UI
GuiButton	MouseButton2Click	Event	()	None	None	Unsafe	cap=UI
GuiButton	MouseButton2ClickConnectionCount	Property	int	None	None	ReadSafe	hidden,notscriptable,cap=UI
GuiButton	MouseButton2Down	Event	(x: int, y: int)	None	None	Unsafe	cap=UI
GuiButton	MouseButton2DownConnectionCount	Property	int	None	None	ReadSafe	hidden,notscriptable,cap=UI
GuiButton	MouseButton2Up	Event	(x: int, y: int)	None	None	Unsafe	cap=UI
GuiButton	MouseButton2UpConnectionCount	Property	int	None	None	ReadSafe	hidden,notscriptable,cap=UI
GuiButton	PressHapticEffect	Property	HapticEffect	None	None	ReadSafe	cap=UI
GuiButton	SecondaryActivated	Event	(inputObject: InputObject)	None	None	Unsafe	cap=UI
GuiButton	Selected	Property	bool	None	None	ReadSafe	cap=UI
GuiButton	Style	Property	ButtonStyle	None	None	ReadSafe	cap=UI
GuiObject	Active	Property	bool	None	None	ReadSafe	cap=UI
GuiObject	AnchorPoint	Property	Vector2	None	None	ReadSafe	cap=UI
GuiObject	AutomaticSize	Property	AutomaticSize	None	None	ReadSafe	cap=UI
GuiObject	BackgroundColor	Property	BrickColor	None	None	ReadSafe	hidden,notreplicated,deprecated,cap=UI
GuiObject	BackgroundColor3	Property	Color3	None	None	ReadSafe	cap=UI
GuiObject	BackgroundTransparency	Property	float	None	None	ReadSafe	cap=UI
GuiObject	BorderColor	Property	BrickColor	None	None	ReadSafe	hidden,notreplicated,deprecated,cap=UI
GuiObject	BorderColor3	Property	Color3	None	None	ReadSafe	cap=UI
GuiObject	BorderMode	Property	BorderMode	None	None	ReadSafe	cap=UI
GuiObject	BorderSizePixel	Property	int	None	None	ReadSafe	cap=UI
GuiObject	ClipsDescendants	Property	bool	None	None	ReadSafe	cap=UI
GuiObject	DragBegin	Event	(initialPosition: UDim2)	None	None	Unsafe	deprecated,cap=UI
GuiObject	DragBeginConnectionCount	Property	int	None	None	ReadSafe	hidden,notscriptable,cap=UI
GuiObject	DragStopped	Event	(x: int, y: int)	None	None	Unsafe	deprecated,cap=UI
GuiObject	DragStoppedConnectionCount	Property	int	None	None	ReadSafe	hidden,notscriptable,cap=UI
GuiObject	Draggable	Property	bool	None	None	ReadSafe	deprecated,cap=UI
GuiObject	GuiState	Property	GuiState	None	None	ReadSafe	readonly,notreplicated,cap=UI
GuiObject	InputBegan	Event	(input: InputObject)	None	None	Unsafe	cap=UI
GuiObject	InputChanged	Event	(input: InputObject)	None	None	Unsafe	cap=UI
GuiObject	InputEnded	Event	(input: InputObject)	None	None	Unsafe	cap=UI
GuiObject	InputSink	Property	InputSink	None	None	ReadSafe	notreplicated,cap=UI
GuiObject	Interactable	Property	bool	None	None	ReadSafe	cap=UI
GuiObject	LayoutOrder	Property	int	None	None	ReadSafe	cap=UI
GuiObject	MouseEnter	Event	(x: int, y: int)	None	None	Unsafe	cap=UI
GuiObject	MouseEnterConnectionCount	Property	int	None	None	ReadSafe	hidden,notscriptable,cap=UI
GuiObject	MouseLeave	Event	(x: int, y: int)	None	None	Unsafe	cap=UI
GuiObject	MouseLeaveConnectionCount	Property	int	None	None	ReadSafe	hidden,notscriptable,cap=UI
GuiObject	MouseMoved	Event	(x: int, y: int)	None	None	Unsafe	cap=UI
GuiObject	MouseMovedConnectionCount	Property	int	None	None	ReadSafe	hidden,notscriptable,cap=UI
GuiObject	MouseWheelBackward	Event	(x: int, y: int)	None	None	Unsafe	cap=UI
GuiObject	MouseWheelBackwardConnectionCount	Property	int	None	None	ReadSafe	hidden,notscriptable,cap=UI
GuiObject	MouseWheelForward	Event	(x: int, y: int)	None	None	Unsafe	cap=UI
GuiObject	MouseWheelForwardConnectionCount	Property	int	None	None	ReadSafe	hidden,notscriptable,cap=UI
GuiObject	NextSelectionDown	Property	GuiObject	None	None	ReadSafe	cap=UI
GuiObject	NextSelectionLeft	Property	GuiObject	None	None	ReadSafe	cap=UI
GuiObject	NextSelectionRight	Property	GuiObject	None	None	ReadSafe	cap=UI
GuiObject	NextSelectionUp	Property	GuiObject	None	None	ReadSafe	cap=UI
GuiObject	Position	Property	UDim2	None	None	ReadSafe	cap=UI
GuiObject	Rotation	Property	float	None	None	ReadSafe	cap=UI
GuiObject	Selectable	Property	bool	None	None	ReadSafe	cap=UI
GuiObject	SelectionGained	Event	()	None	None	Unsafe	cap=UI
GuiObject	SelectionImageObject	Property	GuiObject	None	None	ReadSafe	cap=UI
GuiObject	SelectionLost	Event	()	None	None	Unsafe	cap=UI
GuiObject	SelectionOrder	Property	int	None	None	ReadSafe	cap=UI
GuiObject	SelectionRect2D	Property	Rect	RobloxScriptSecurity	RobloxScriptSecurity	Unsafe	hidden,readonly,notreplicated,cap=UI
GuiObject	Sink	Property	InputSink	RobloxSecurity	None	ReadSafe	hidden,notscriptable,cap=UI
GuiObject	Size	Property	UDim2	None	None	ReadSafe	cap=UI
GuiObject	SizeConstraint	Property	SizeConstraint	None	None	ReadSafe	cap=UI
GuiObject	TouchLongPress	Event	(touchPositions: Array, state: UserInputState)	None	None	Unsafe	cap=UI
GuiObject	TouchPan	Event	(touchPositions: Array, totalTranslation: Vector2, velocity: Vector2, state: UserInputState)	None	None	Unsafe	cap=UI
GuiObject	TouchPinch	Event	(touchPositions: Array, scale: float, velocity: float, state: UserInputState)	None	None	Unsafe	cap=UI
GuiObject	TouchRotate	Event	(touchPositions: Array, rotation: float, velocity: float, state: UserInputState)	None	None	Unsafe	cap=UI
GuiObject	TouchSwipe	Event	(swipeDirection: SwipeDirection, numberOfTouches: int)	None	None	Unsafe	cap=UI
GuiObject	TouchTap	Event	(touchPositions: Array)	None	None	Unsafe	cap=UI
GuiObject	Transparency	Property	float	None	None	ReadSafe	hidden,notreplicated,deprecated,cap=UI
GuiObject	TweenPosition	Function	(endPosition: UDim2, easingDirection: EasingDirection = Out, easingStyle: EasingStyle = Quad, time: float = 1, override: bool = false, callback: Function = nil) -> bool	None	None	Unsafe	deprecated,cap=UI
GuiObject	TweenPositionInternal	Function	(endPosition: UDim2, easingDirection: EasingDirection = Out, easingStyle: EasingStyle = Quad, time: float = 1, override: bool = false, callback: Function = nil) -> bool	RobloxScriptSecurity	RobloxScriptSecurity	Unsafe	cap=UI
GuiObject	TweenSize	Function	(endSize: UDim2, easingDirection: EasingDirection = Out, easingStyle: EasingStyle = Quad, time: float = 1, override: bool = false, callback: Function = nil) -> bool	None	None	Unsafe	deprecated,cap=UI
GuiObject	TweenSizeAndPosition	Function	(endSize: UDim2, endPosition: UDim2, easingDirection: EasingDirection = Out, easingStyle: EasingStyle = Quad, time: float = 1, override: bool = false, callback: Function = nil) -> bool	None	None	Unsafe	deprecated,cap=UI
GuiObject	TweenSizeAndPositionInternal	Function	(endSize: UDim2, endPosition: UDim2, easingDirection: EasingDirection = Out, easingStyle: EasingStyle = Quad, time: float = 1, override: bool = false, callback: Function = nil) -> bool	RobloxScriptSecurity	RobloxScriptSecurity	Unsafe	cap=UI
GuiObject	TweenSizeInternal	Function	(endSize: UDim2, easingDirection: EasingDirection = Out, easingStyle: EasingStyle = Quad, time: float = 1, override: bool = false, callback: Function = nil) -> bool	RobloxScriptSecurity	RobloxScriptSecurity	Unsafe	cap=UI
GuiObject	Visible	Property	bool	None	None	ReadSafe	cap=UI
GuiObject	ZIndex	Property	int	None	None	ReadSafe	cap=UI
GuiService	AddCenterDialog	Function	(dialog: Instance, centerDialogType: CenterDialogType, showFunction: Function, hideFunction: Function) -> ()	RobloxScriptSecurity	RobloxScriptSecurity	Unsafe	cap=UI
GuiService	AddKey	Function	(key: string) -> ()	RobloxScriptSecurity	RobloxScriptSecurity	Unsafe	cap=UI
GuiService	AddSelectionParent	Function	(selectionName: string, selectionParent: Instance) -> ()	None	None	Unsafe	deprecated,prefer=SelectionGroup,cap=UI
GuiService	AddSelectionTuple	Function	(selectionName: string, selections: Tuple) -> ()	None	None	Unsafe	deprecated,prefer=SelectionGroup,cap=UI
GuiService	AddSpecialKey	Function	(key: SpecialKey) -> ()	RobloxScriptSecurity	RobloxScriptSecurity	Unsafe	cap=UI
GuiService	AutoSelectGuiEnabled	Property	bool	None	None	ReadSafe	cap=Input|UI
GuiService	BroadcastNotification	Function	(data: string, notificationType: int) -> ()	RobloxScriptSecurity	RobloxScriptSecurity	Unsafe	cap=UI
GuiService	BrowserWindowClosed	Event	()	RobloxScriptSecurity	RobloxScriptSecurity	Unsafe	deprecated,cap=UI
GuiService	ClearError	Function	() -> ()	RobloxScriptSecurity	RobloxScriptSecurity	Unsafe	cap=UI
GuiService	CloseInspectMenu	Function	() -> ()	None	None	Unsafe	cap=UI
GuiService	CloseInspectMenuRequest	Event	()	RobloxScriptSecurity	RobloxScriptSecurity	Unsafe	cap=UI
GuiService	CloseStatsBasedOnInputString	Function	(input: string) -> bool	RobloxScriptSecurity	RobloxScriptSecurity	Unsafe	cap=UI
GuiService	CoreEffectFolder	Property	Folder	RobloxScriptSecurity	RobloxScriptSecurity	ReadSafe	hidden,notreplicated,cap=UI
GuiService	CoreGuiFolder	Property	Folder	RobloxScriptSecurity	RobloxScriptSecurity	ReadSafe	hidden,notreplicated,cap=UI
GuiService	CoreGuiNavigationEnabled	Property	bool	None	None	ReadSafe	hidden,notreplicated,cap=Input|UI
GuiService	CoreGuiRenderOverflowed	Event	()	RobloxScriptSecurity	RobloxScriptSecurity	Unsafe	cap=UI
GuiService	DismissNotification	Function	(notificationId: string) -> bool	None	None	Unsafe	cap=UI
GuiService	DisplayScalingMode	Property	DisplayScalingMode	RobloxScriptSecurity	RobloxScriptSecurity	ReadSafe	hidden,cap=UI
GuiService	EmotesMenuOpenChanged	Event	(isOpen: bool)	RobloxScriptSecurity	RobloxScriptSecurity	Unsafe	cap=UI
GuiService	ErrorMessageChanged	Event	(newErrorMessage: string)	RobloxScriptSecurity	RobloxScriptSecurity	Unsafe	deprecated,prefer=UiMessageChanged,cap=UI
GuiService	ForceTenFootInterface	Function	(isForced: bool) -> ()	RobloxScriptSecurity	RobloxScriptSecurity	Unsafe	cap=UI
GuiService	GetAutoUIScaleHundredths	Function	() -> int	RobloxScriptSecurity	RobloxScriptSecurity	Unsafe	cap=UI
GuiService	GetBrickCount	Function	() -> int	RobloxScriptSecurity	RobloxScriptSecurity	Unsafe	cap=UI
GuiService	GetClosestDialogToPosition	Function	(position: Vector3) -> Instance	RobloxScriptSecurity	RobloxScriptSecurity	Unsafe	cap=UI
GuiService	GetClosestVisibleDialogToPosition	Function	(position: Vector3) -> Dialog	RobloxScriptSecurity	RobloxScriptSecurity	Unsafe	cap=UI
GuiService	GetEffectiveUIScaleHundredths	Function	() -> int	RobloxScriptSecurity	RobloxScriptSecurity	Unsafe	cap=UI
GuiService	GetEmotesMenuOpen	Function	() -> bool	None	None	Unsafe	cap=UI
GuiService	GetErrorCode	Function	() -> ConnectionError	RobloxScriptSecurity	RobloxScriptSecurity	Unsafe	cap=UI
GuiService	GetErrorDetails	Function	() -> Dictionary	RobloxScriptSecurity	RobloxScriptSecurity	Unsafe	cap=UI
GuiService	GetErrorMessage	Function	() -> string	RobloxScriptSecurity	RobloxScriptSecurity	Unsafe	deprecated,prefer=GetUiMessage,cap=UI
GuiService	GetErrorType	Function	() -> ConnectionError	RobloxScriptSecurity	RobloxScriptSecurity	Unsafe	cap=UI
GuiService	GetGameplayPausedNotificationEnabled	Function	() -> bool	None	None	Unsafe	cap=UI
GuiService	GetGuiInset	Function	() -> Tuple	None	None	Unsafe	cap=UI
GuiService	GetGuiIsVisible	Function	(guiType: GuiType) -> bool	RobloxScriptSecurity	RobloxScriptSecurity	Unsafe	cap=UI
GuiService	GetHardwareSafeViewport	Function	() -> Vector2	RobloxScriptSecurity	RobloxScriptSecurity	Unsafe	cap=UI
GuiService	GetInsetArea	Function	(screenInsets: ScreenInsets) -> Rect	None	None	Unsafe	cap=UI
GuiService	GetInspectMenuEnabled	Function	() -> bool	None	None	Unsafe	cap=UI
GuiService	GetNotificationTypeList	Function	() -> Dictionary	RobloxScriptSecurity	RobloxScriptSecurity	Unsafe	cap=UI
GuiService	GetRawScreenScale	Function	() -> float	RobloxScriptSecurity	RobloxScriptSecurity	Unsafe	cap=UI
GuiService	GetResolutionScale	Function	() -> int	RobloxScriptSecurity	RobloxScriptSecurity	Unsafe	cap=UI
GuiService	GetSafeZoneOffsets	Function	() -> Dictionary	RobloxScriptSecurity	RobloxScriptSecurity	Unsafe	cap=UI
GuiService	GetScreenResolution	Function	() -> Vector2	RobloxScriptSecurity	RobloxScriptSecurity	Unsafe	yields,cap=UI
GuiService	GetUiMessage	Function	() -> string	RobloxScriptSecurity	RobloxScriptSecurity	Unsafe	cap=UI
GuiService	GuiNavigationEnabled	Property	bool	None	None	ReadSafe	cap=Input|UI
GuiService	GuiVisibilityChangedSignal	Event	(guiType: GuiType, visible: bool)	RobloxScriptSecurity	RobloxScriptSecurity	Unsafe	cap=UI
GuiService	InspectMenuEnabledChangedSignal	Event	(enabled: bool)	RobloxScriptSecurity	RobloxScriptSecurity	Unsafe	cap=UI
GuiService	InspectPlayerFromHumanoidDescription	Function	(humanoidDescription: Instance, name: string) -> ()	None	None	Unsafe	cap=UI|AvatarAppearance
GuiService	InspectPlayerFromHumanoidDescriptionRequest	Event	(humanoidDescription: Instance, name: string)	RobloxScriptSecurity	RobloxScriptSecurity	Unsafe	cap=UI
GuiService	InspectPlayerFromUserId	Function	(userId: User) -> ()	None	None	Unsafe	cap=UI|AvatarAppearance
GuiService	InspectPlayerFromUserIdWithCtx	Function	(userId: User, ctx: string) -> ()	RobloxScriptSecurity	RobloxScriptSecurity	Unsafe	cap=UI
GuiService	InspectPlayerFromUserIdWithCtxRequest	Event	(userId: int64, ctx: string)	RobloxScriptSecurity	RobloxScriptSecurity	Unsafe	cap=UI
GuiService	IsMemoryTrackerEnabled	Function	() -> bool	RobloxScriptSecurity	RobloxScriptSecurity	Unsafe	cap=UI
GuiService	IsModalDialog	Property	bool	None	None	ReadSafe	readonly,notreplicated,deprecated,cap=UI
GuiService	IsTenFootInterface	Function	() -> bool	None	None	Unsafe	cap=UI
GuiService	IsWindows	Property	bool	None	None	ReadSafe	readonly,notreplicated,deprecated,cap=UI
GuiService	KeyPressed	Event	(key: string, modifiers: string)	RobloxScriptSecurity	RobloxScriptSecurity	Unsafe	cap=UI
GuiService	MenuClosed	Event	()	None	None	Unsafe	cap=UI
GuiService	MenuIsOpen	Property	bool	None	None	ReadSafe	readonly,notreplicated,cap=UI
GuiService	MenuOpened	Event	()	None	None	Unsafe	cap=UI
GuiService	NativeClose	Event	()	RobloxScriptSecurity	RobloxScriptSecurity	Unsafe	cap=UI
GuiService	NetworkPausedEnabledChanged	Event	(enabled: bool)	RobloxScriptSecurity	RobloxScriptSecurity	Unsafe	cap=UI
GuiService	OnNotificationDisplayed	Function	(notificationId: string) -> ()	RobloxScriptSecurity	RobloxScriptSecurity	Unsafe	cap=UI
GuiService	OnNotificationInteraction	Function	(notificationId: string, buttonIndex: int) -> ()	RobloxScriptSecurity	RobloxScriptSecurity	Unsafe	cap=UI
GuiService	Open9SliceEditor	Event	(selectedImageObject: Instance)	RobloxScriptSecurity	RobloxScriptSecurity	Unsafe	cap=UI
GuiService	OpenBrowserWindow	Function	(url: string) -> ()	RobloxScriptSecurity	RobloxScriptSecurity	Unsafe	deprecated,cap=UI
GuiService	OpenNativeOverlay	Function	(title: string, url: string) -> ()	RobloxScriptSecurity	RobloxScriptSecurity	Unsafe	deprecated,cap=UI
GuiService	OpenStyleEditor	Event	(styleBase: Instance)	RobloxScriptSecurity	RobloxScriptSecurity	Unsafe	cap=UI
GuiService	PreferredTextSize	Property	PreferredTextSize	None	None	ReadSafe	readonly,notreplicated,cap=UI
GuiService	PreferredTransparency	Property	float	None	None	ReadSafe	hidden,readonly,notreplicated,cap=UI
GuiService	PurchasePromptShown	Event	()	RobloxScriptSecurity	RobloxScriptSecurity	Unsafe	cap=UI
GuiService	ReducedMotionEnabled	Property	bool	None	None	ReadSafe	hidden,readonly,notreplicated,cap=UI
GuiService	RemoveCenterDialog	Function	(dialog: Instance) -> ()	RobloxScriptSecurity	RobloxScriptSecurity	Unsafe	cap=UI
GuiService	RemoveKey	Function	(key: string) -> ()	RobloxScriptSecurity	RobloxScriptSecurity	Unsafe	cap=UI
GuiService	RemoveSelectionGroup	Function	(selectionName: string) -> ()	None	None	Unsafe	deprecated,prefer=SelectionGroup,cap=UI
GuiService	RemoveSpecialKey	Function	(key: SpecialKey) -> ()	RobloxScriptSecurity	RobloxScriptSecurity	Unsafe	cap=UI
GuiService	SafeZoneOffsetsChanged	Event	()	RobloxScriptSecurity	RobloxScriptSecurity	Unsafe	cap=UI
GuiService	ScrollStateChanged	Event	(scrollingFrame: Instance, newState: ScrollState)	RobloxScriptSecurity	RobloxScriptSecurity	Unsafe	cap=UI
GuiService	Select	Function	(selectionParent: Instance) -> ()	None	None	Unsafe	cap=UI
GuiService	SelectedCoreObject	Property	GuiObject	RobloxScriptSecurity	RobloxScriptSecurity	ReadSafe	hidden,notreplicated,cap=UI
GuiService	SelectedObject	Property	GuiObject	None	None	ReadSafe	cap=Input|UI
GuiService	SendCoreUiNotification	Callback	(title: string, text: string) -> ()	RobloxScriptSecurity	RobloxScriptSecurity	Unsafe	cap=UI
GuiService	SendNotification	Function	(notificationInfo: Dictionary) -> string	None	None	Unsafe	cap=UI
GuiService	SendUIOcclusionMetricsForQueryRegion	Function	(position: UDim2, size: UDim2, regionName: string) -> ()	RobloxScriptSecurity	RobloxScriptSecurity	Unsafe	cap=UI
GuiService	SetEmotesMenuOpen	Function	(isOpen: bool) -> ()	None	None	Unsafe	cap=UI
GuiService	SetGameplayPausedNotificationEnabled	Function	(enabled: bool) -> ()	None	None	Unsafe	cap=UI
GuiService	SetGlobalGuiInset	Function	(x1: int, y1: int, x2: int, y2: int) -> ()	RobloxScriptSecurity	RobloxScriptSecurity	Unsafe	cap=UI
GuiService	SetHardwareSafeAreaInsets	Function	(left: float, top: float, right: float, bottom: float) -> ()	RobloxScriptSecurity	RobloxScriptSecurity	Unsafe	cap=UI
GuiService	SetInspectMenuEnabled	Function	(enabled: bool) -> ()	None	None	Unsafe	cap=UI
GuiService	SetMenuIsOpen	Function	(open: bool, menuName: string = default) -> ()	RobloxScriptSecurity	RobloxScriptSecurity	Unsafe	cap=UI
GuiService	SetPurchasePromptIsShown	Function	(isShown: bool) -> ()	RobloxScriptSecurity	RobloxScriptSecurity	Unsafe	cap=UI
GuiService	SetSafeZoneOffsets	Function	(top: float, bottom: float, left: float, right: float) -> ()	RobloxScriptSecurity	RobloxScriptSecurity	Unsafe	cap=UI
GuiService	SetTopbarInset	Function	(topbarInset: Rect) -> ()	RobloxScriptSecurity	RobloxScriptSecurity	Unsafe	cap=UI
GuiService	SetUIScaleMultiplier	Function	(multiplierHundredths: int) -> ()	RobloxScriptSecurity	RobloxScriptSecurity	Unsafe	cap=UI
GuiService	SetUiMessage	Function	(msgType: UiMessageType, uiMessage: string = errorCode) -> ()	LocalUserSecurity	LocalUserSecurity	Unsafe	cap=UI
GuiService	ShowLeaveConfirmation	Event	()	RobloxScriptSecurity	RobloxScriptSecurity	Unsafe	cap=UI
GuiService	ShowStatsBasedOnInputString	Function	(input: string) -> bool	RobloxScriptSecurity	RobloxScriptSecurity	Unsafe	cap=UI
GuiService	SpecialKeyPressed	Event	(key: SpecialKey, modifiers: string)	RobloxScriptSecurity	RobloxScriptSecurity	Unsafe	cap=UI
GuiService	ToggleFullscreen	Function	() -> ()	RobloxScriptSecurity	RobloxScriptSecurity	Unsafe	cap=UI
GuiService	ToggleGuiIsVisibleForCaptures	Function	(guiType: GuiType) -> ()	RobloxScriptSecurity	RobloxScriptSecurity	Unsafe	cap=UI
GuiService	ToggleGuiIsVisibleIfAllowed	Function	(guiType: GuiType) -> ()	RobloxScriptSecurity	RobloxScriptSecurity	Unsafe	cap=UI
GuiService	TopbarInset	Property	Rect	None	None	ReadSafe	readonly,notreplicated,cap=UI
GuiService	TouchControlsEnabled	Property	bool	None	None	ReadSafe	cap=Input|UI
GuiService	UiMessageChanged	Event	(msgType: UiMessageType, newUiMessage: string)	RobloxScriptSecurity	RobloxScriptSecurity	Unsafe	cap=UI
GuiService	ViewportDisplaySize	Property	DisplaySize	None	None	ReadSafe	readonly,notreplicated,cap=UI
GuiService	ViewportSizeInMM	Property	Vector2	RobloxScriptSecurity	RobloxScriptSecurity	ReadSafe	readonly,notreplicated,cap=UI
HandleAdornment	AdornCullingMode	Property	AdornCullingMode	None	None	ReadSafe	cap=Basic|UI
HandleAdornment	AlwaysOnTop	Property	bool	None	None	ReadSafe	cap=Basic|UI
HandleAdornment	CFrame	Property	CFrame	None	None	ReadSafe	cap=Basic|UI
HandleAdornment	GizmoReference	Property	Instance	RobloxScriptSecurity	RobloxScriptSecurity	ReadSafe	hidden,notreplicated,cap=Basic|UI
HandleAdornment	MouseButton1Down	Event	()	None	None	Unsafe	cap=Basic|UI
HandleAdornment	MouseButton1Up	Event	()	None	None	Unsafe	cap=Basic|UI
HandleAdornment	MouseEnter	Event	()	None	None	Unsafe	cap=Basic|UI
HandleAdornment	MouseLeave	Event	()	None	None	Unsafe	cap=Basic|UI
HandleAdornment	SizeRelativeOffset	Property	Vector3	None	None	ReadSafe	cap=Basic|UI
HandleAdornment	ZIndex	Property	int	None	None	ReadSafe	cap=Basic|UI
Handles	Faces	Property	Faces	None	None	ReadSafe	cap=Basic|Input|UI
Handles	MouseButton1Down	Event	(face: NormalId)	None	None	Unsafe	cap=Basic|UI|Input
Handles	MouseButton1DownConnectionCount	Property	int	None	None	ReadSafe	hidden,notscriptable,cap=Basic|Input|UI
Handles	MouseButton1Up	Event	(face: NormalId)	None	None	Unsafe	cap=Basic|UI|Input
Handles	MouseButton1UpConnectionCount	Property	int	None	None	ReadSafe	hidden,notscriptable,cap=Basic|Input|UI
Handles	MouseDrag	Event	(face: NormalId, distance: float)	None	None	Unsafe	cap=Basic|UI|Input
Handles	MouseDragConnectionCount	Property	int	None	None	ReadSafe	hidden,notscriptable,cap=Basic|Input|UI
Handles	MouseEnter	Event	(face: NormalId)	None	None	Unsafe	cap=Basic|UI|Input
Handles	MouseEnterConnectionCount	Property	int	None	None	ReadSafe	hidden,notscriptable,cap=Basic|Input|UI
Handles	MouseLeave	Event	(face: NormalId)	None	None	Unsafe	cap=Basic|UI|Input
Handles	MouseLeaveConnectionCount	Property	int	None	None	ReadSafe	hidden,notscriptable,cap=Basic|Input|UI
Handles	Style	Property	HandlesStyle	None	None	ReadSafe	cap=Basic|Input|UI
HapticEffect	Ended	Event	()	None	None	Unsafe	cap=Input
HapticEffect	Looped	Property	bool	None	None	ReadSafe	cap=Input
HapticEffect	Play	Function	() -> ()	None	None	Unsafe	cap=Input
HapticEffect	Position	Property	Vector3	None	None	ReadSafe	cap=Input
HapticEffect	Radius	Property	float	None	None	ReadSafe	cap=Input
HapticEffect	SetWaveformKeys	Function	(keys: Array) -> ()	None	None	Unsafe	cap=Input
HapticEffect	Stop	Function	() -> ()	None	None	Unsafe	cap=Input
HapticEffect	Type	Property	HapticEffectType	None	None	ReadSafe	cap=Input
HapticEffect	WaveformData	Property	BinaryString	RobloxSecurity	RobloxSecurity	ReadSafe	hidden,notscriptable,cap=Input
HapticService	GetMotor	Function	(inputType: UserInputType, vibrationMotor: VibrationMotor) -> Tuple	None	None	Unsafe	cap=Input
HapticService	IsMotorSupported	Function	(inputType: UserInputType, vibrationMotor: VibrationMotor) -> bool	None	None	Unsafe	cap=Input
HapticService	IsVibrationSupported	Function	(inputType: UserInputType) -> bool	None	None	Unsafe	cap=Input
HapticService	SetMotor	Function	(inputType: UserInputType, vibrationMotor: VibrationMotor, vibrationValues: Tuple) -> ()	None	None	Unsafe	cap=Input
HeapProfilerService	ClientRequestDataAsync	Function	(player: Player) -> string	PluginSecurity	PluginSecurity	Unsafe	yields
HeapProfilerService	OnNewData	Event	(player: Player, jsonString: buffer, id: int, compressedLength: int, uncompressedLength: int)	PluginSecurity	PluginSecurity	Unsafe	
HeapProfilerService	RequestData	Event	(id: int)	RobloxSecurity	RobloxSecurity	Unsafe	hidden
HeapProfilerService	ServerRequestDataAsync	Function	() -> string	PluginSecurity	PluginSecurity	Unsafe	yields
HeightmapImporterService	CancelImportHeightmap	Function	() -> ()	RobloxScriptSecurity	RobloxScriptSecurity	Unsafe	
HeightmapImporterService	ColormapHasUnknownPixels	Event	()	RobloxScriptSecurity	RobloxScriptSecurity	Unsafe	
HeightmapImporterService	GetHeightmapPreviewAsync	Function	(heightmapAssetId: ContentId) -> Tuple	RobloxScriptSecurity	RobloxScriptSecurity	Unsafe	yields
HeightmapImporterService	ImportHeightmap	Function	(region: Region3, heightmapAssetId: ContentId, colormapAssetId: ContentId, defaultMaterial: Material) -> ()	RobloxScriptSecurity	RobloxScriptSecurity	Unsafe	yields
HeightmapImporterService	ImportHeightmapWithMaterialSlotsAsync	Function	(region: Region3, heightmapAssetId: ContentId, colormapAssetId: ContentId, defaultMaterialIndex: int) -> ()	RobloxScriptSecurity	RobloxScriptSecurity	Unsafe	yields
HeightmapImporterService	IsValidColormap	Function	(colormapAssetId: ContentId) -> Tuple	RobloxScriptSecurity	RobloxScriptSecurity	Unsafe	
HeightmapImporterService	IsValidHeightmap	Function	(heightmapAssetId: ContentId) -> Tuple	RobloxScriptSecurity	RobloxScriptSecurity	Unsafe	
HeightmapImporterService	ProgressUpdate	Event	(progressRatio: float, operation: string)	RobloxScriptSecurity	RobloxScriptSecurity	Unsafe	
HeightmapImporterService	SetImportHeightmapPaused	Function	(paused: bool) -> ()	RobloxScriptSecurity	RobloxScriptSecurity	Unsafe	
HiddenSurfaceRemovalAsset	HSRData	Property	BinaryString	RobloxSecurity	RobloxSecurity	ReadSafe	hidden,notreplicated,notscriptable
HiddenSurfaceRemovalAsset	HSRMeshIdData	Property	BinaryString	RobloxSecurity	RobloxSecurity	ReadSafe	hidden,notreplicated,notscriptable
Highlight	Adornee	Property	Instance	None	None	ReadSafe	cap=Basic
Highlight	DepthMode	Property	HighlightDepthMode	None	None	ReadSafe	cap=Basic
Highlight	Enabled	Property	bool	None	None	ReadSafe	cap=Basic
Highlight	FillColor	Property	Color3	None	None	ReadSafe	cap=Basic
Highlight	FillTransparency	Property	float	None	None	ReadSafe	cap=Basic
Highlight	LineThickness	Property	int	RobloxScriptSecurity	RobloxScriptSecurity	ReadSafe	hidden,cap=Basic
Highlight	OutlineColor	Property	Color3	None	None	ReadSafe	cap=Basic
Highlight	OutlineTransparency	Property	float	None	None	ReadSafe	cap=Basic
Highlight	ReservedId	Property	ReservedHighlightId	RobloxScriptSecurity	RobloxScriptSecurity	ReadSafe	hidden,cap=Basic
HingeConstraint	ActuatorType	Property	ActuatorType	None	None	ReadSafe	sim,cap=Physics
HingeConstraint	AngularResponsiveness	Property	float	None	None	ReadSafe	sim,cap=Physics
HingeConstraint	AngularSpeed	Property	float	None	None	ReadSafe	sim,cap=Physics
HingeConstraint	AngularVelocity	Property	float	None	None	ReadSafe	sim,cap=Physics
HingeConstraint	CurrentAngle	Property	float	None	None	ReadSafe	readonly,notreplicated,sim,cap=Physics
HingeConstraint	LimitsEnabled	Property	bool	None	None	ReadSafe	sim,cap=Physics
HingeConstraint	LowerAngle	Property	float	None	None	ReadSafe	sim,cap=Physics
HingeConstraint	MotorMaxAcceleration	Property	float	None	None	ReadSafe	sim,cap=Physics
HingeConstraint	MotorMaxTorque	Property	float	None	None	ReadSafe	sim,cap=Physics
HingeConstraint	Radius	Property	float	None	None	ReadSafe	sim,cap=Physics
HingeConstraint	Restitution	Property	float	None	None	ReadSafe	sim,cap=Physics
HingeConstraint	ServoMaxTorque	Property	float	None	None	ReadSafe	sim,cap=Physics
HingeConstraint	SoftlockServoUponReachingTarget	Property	bool	None	None	ReadSafe	deprecated,sim,cap=Physics
HingeConstraint	TargetAngle	Property	float	None	None	ReadSafe	sim,cap=Physics
HingeConstraint	UpperAngle	Property	float	None	None	ReadSafe	sim,cap=Physics
HopperBin	Active	Property	bool	None	None	ReadSafe	cap=Input
HopperBin	BinType	Property	BinType	None	None	ReadSafe	cap=Input
HopperBin	Command	Property	string	None	None	ReadSafe	hidden,writeonly,notreplicated,notscriptable,cap=Input
HopperBin	Deselected	Event	()	None	None	Unsafe	cap=Input
HopperBin	Disable	Function	() -> ()	RobloxScriptSecurity	RobloxScriptSecurity	Unsafe	cap=Input
HopperBin	ReplicatedSelected	Event	()	None	None	Unsafe	hidden,cap=Input
HopperBin	Selected	Event	(mouse: Instance)	None	None	Unsafe	cap=Input
HopperBin	TextureName	Property	string	None	None	ReadSafe	hidden,writeonly,notreplicated,notscriptable,cap=Input
HopperBin	ToggleSelect	Function	() -> ()	RobloxScriptSecurity	RobloxScriptSecurity	Unsafe	cap=Input
HttpRbxApiService	GetAsync	Function	(apiUrlPath: string, priority: ThrottlingPriority = Default, httpRequestType: HttpRequestType = Default) -> string	RobloxScriptSecurity	RobloxScriptSecurity	Unsafe	yields,cap=Network
HttpRbxApiService	GetAsyncFullUrl	Function	(apiUrl: string, priority: ThrottlingPriority = Default, httpRequestType: HttpRequestType = Default) -> string	RobloxScriptSecurity	RobloxScriptSecurity	Unsafe	yields,cap=Network
HttpRbxApiService	GetDocumentationUrl	Function	(partialUrl: string) -> string	RobloxScriptSecurity	RobloxScriptSecurity	Unsafe	cap=Network
HttpRbxApiService	PostAsync	Function	(apiUrlPath: string, data: string, priority: ThrottlingPriority = Default, content_type: HttpContentType = ApplicationJson, httpRequestType: HttpRequestType = Default) -> string	RobloxScriptSecurity	RobloxScriptSecurity	Unsafe	yields,cap=Network
HttpRbxApiService	PostAsyncFullUrl	Function	(apiUrl: string, data: string, priority: ThrottlingPriority = Default, content_type: HttpContentType = ApplicationJson, httpRequestType: HttpRequestType = Default) -> string	RobloxScriptSecurity	RobloxScriptSecurity	Unsafe	yields,cap=Network
HttpRbxApiService	RequestAsync	Function	(requestOptions: Dictionary, priority: ThrottlingPriority = Default, content_type: HttpContentType = ApplicationJson, httpRequestType: HttpRequestType = Default) -> string	RobloxScriptSecurity	RobloxScriptSecurity	Unsafe	yields,cap=Network
HttpRbxApiService	RequestLimitedAsync	Function	(requestOptions: Dictionary, priority: ThrottlingPriority = Default, content_type: HttpContentType = ApplicationJson, httpRequestType: HttpRequestType = Default) -> string	None	None	Unsafe	yields,cap=Network,undocumented
HttpRequest	Cancel	Function	() -> ()	RobloxScriptSecurity	RobloxScriptSecurity	Unsafe	
HttpRequest	Start	Function	(callback: Function) -> ()	RobloxScriptSecurity	RobloxScriptSecurity	Unsafe	
HttpService	CreateWebStreamClient	Function	(streamClientType: WebStreamClientType, requestOptions: Dictionary) -> WebStreamClient	None	None	Unsafe	cap=Network
HttpService	CreateWebStreamClientInternal	Function	(streamClientType: WebStreamClientType, requestOptions: Dictionary) -> WebStreamClient	RobloxScriptSecurity	RobloxScriptSecurity	Unsafe	
HttpService	GenerateGUID	Function	(wrapInCurlyBraces: bool = true) -> string	None	None	Safe	
HttpService	GetAsync	Function	(url: Variant, nocache: bool = false, headers: Variant) -> string	None	None	Unsafe	yields,cap=Network
HttpService	GetHttpEnabled	Function	() -> bool	RobloxScriptSecurity	RobloxScriptSecurity	Unsafe	
HttpService	GetSecret	Function	(key: string) -> Secret	None	None	Safe	cap=Network
HttpService	GetUserAgent	Function	() -> string	RobloxScriptSecurity	RobloxScriptSecurity	Unsafe	
HttpService	HttpEnabled	Property	bool	None	LocalUserSecurity	ReadSafe	cap=Network
HttpService	JSONDecode	Function	(input: string) -> Variant	None	None	Safe	customluastate
HttpService	JSONDecodeAsync	Function	(input: string) -> Variant	RobloxScriptSecurity	RobloxScriptSecurity	Unsafe	yields
HttpService	JSONEncode	Function	(input: Variant) -> string	None	None	Safe	customluastate
HttpService	JSONEncodeAsync	Function	(obj: Variant) -> string	RobloxScriptSecurity	RobloxScriptSecurity	Unsafe	yields
HttpService	PostAsync	Function	(url: Variant, data: string, content_type: HttpContentType = ApplicationJson, compress: bool = false, headers: Variant) -> string	None	None	Unsafe	yields,cap=Network
HttpService	RequestAccessTokenScopesAsync	Function	(requiredScopes: Array) -> Secret	LocalUserSecurity	LocalUserSecurity	Unsafe	yields
HttpService	RequestAsync	Function	(requestOptions: Dictionary) -> Dictionary	None	None	Unsafe	yields,cap=Network
HttpService	RequestInternal	Function	(options: Dictionary) -> Instance	RobloxScriptSecurity	RobloxScriptSecurity	Unsafe	
HttpService	SetHttpEnabled	Function	(enabled: bool) -> ()	RobloxScriptSecurity	RobloxScriptSecurity	Unsafe	
HttpService	UrlEncode	Function	(input: string) -> string	None	None	Safe	cap=Network
Humanoid	AddAccessory	Function	(accessory: Instance) -> ()	None	None	Unsafe	cap=AvatarAppearance
Humanoid	AddCustomStatus	Function	(status: string) -> bool	None	None	Unsafe	deprecated
Humanoid	AddStatus	Function	(status: Status = Poison) -> bool	None	None	Unsafe	deprecated
Humanoid	AnimationPlayed	Event	(animationTrack: AnimationTrack)	None	None	Unsafe	deprecated,prefer=AnimationPlayed,cap=Animation
Humanoid	ApplyAvatarRules	Function	(avatarRules: AvatarRules) -> ()	RobloxScriptSecurity	RobloxScriptSecurity	Unsafe	yields
Humanoid	ApplyDescription	Function	(humanoidDescription: HumanoidDescription, assetTypeVerification: AssetTypeVerification = Default) -> ()	None	None	Unsafe	yields,deprecated,prefer=ApplyDescriptionAsync,cap=AvatarAppearance
Humanoid	ApplyDescriptionAsync	Function	(humanoidDescription: HumanoidDescription, assetTypeVerification: AssetTypeVerification = Default) -> ()	None	None	Unsafe	yields,cap=AvatarAppearance
Humanoid	ApplyDescriptionFinished	Event	(description: HumanoidDescription)	None	None	Unsafe	cap=AvatarAppearance
Humanoid	ApplyDescriptionReset	Function	(humanoidDescription: HumanoidDescription, assetTypeVerification: AssetTypeVerification = Default) -> ()	None	None	Unsafe	yields,deprecated,prefer=ApplyDescriptionResetAsync,cap=AvatarAppearance
Humanoid	ApplyDescriptionResetAsync	Function	(humanoidDescription: HumanoidDescription, assetTypeVerification: AssetTypeVerification = Default) -> ()	None	None	Unsafe	yields,cap=AvatarAppearance
Humanoid	AutoJumpEnabled	Property	bool	None	None	ReadSafe	sim,cap=AvatarBehavior
Humanoid	AutoRotate	Property	bool	None	None	ReadSafe	sim,cap=AvatarBehavior
Humanoid	AutomaticScalingEnabled	Property	bool	None	None	ReadSafe	cap=AvatarAppearance
Humanoid	BreakJointsOnDeath	Property	bool	None	None	ReadSafe	cap=AvatarBehavior
Humanoid	BuildRigFromAttachments	Function	() -> ()	None	None	Unsafe	cap=AvatarBehavior
Humanoid	CacheDefaults	Function	() -> ()	RobloxScriptSecurity	RobloxScriptSecurity	Unsafe	
Humanoid	CameraMaxDistance	Property	float	None	None	ReadSafe	hidden,notscriptable,cap=AvatarAppearance
Humanoid	CameraMinDistance	Property	float	None	None	ReadSafe	hidden,notscriptable,cap=AvatarAppearance
Humanoid	CameraMode	Property	CameraMode	None	None	ReadSafe	hidden,notscriptable,cap=AvatarBehavior
Humanoid	CameraOffset	Property	Vector3	None	None	ReadSafe	cap=AvatarBehavior
Humanoid	ChangeState	Function	(state: HumanoidStateType = None) -> ()	None	None	Unsafe	sim,cap=AvatarBehavior
Humanoid	Climbing	Event	(speed: float)	None	None	Unsafe	cap=AvatarBehavior
Humanoid	ClusterCompositionFinished	Event	()	RobloxScriptSecurity	RobloxScriptSecurity	Unsafe	
Humanoid	CollisionType	Property	HumanoidCollisionType	None	PluginSecurity	ReadSafe	deprecated
Humanoid	ComputeOriginalSizeForPart	Function	(part: Instance) -> Vector3?	RobloxScriptSecurity	RobloxScriptSecurity	Unsafe	
Humanoid	ComputeR15BodyBoundingBox	Function	() -> (CFrame, Vector3)	RobloxScriptSecurity	RobloxScriptSecurity	Unsafe	
Humanoid	CustomStatusAdded	Event	(status: string)	None	None	Unsafe	deprecated
Humanoid	CustomStatusRemoved	Event	(status: string)	None	None	Unsafe	deprecated
Humanoid	Died	Event	()	None	None	Unsafe	cap=AvatarBehavior
Humanoid	DisplayDistanceType	Property	HumanoidDisplayDistanceType	None	None	ReadSafe	cap=AvatarAppearance
Humanoid	DisplayName	Property	string	None	None	ReadSafe	cap=AvatarAppearance
Humanoid	EmoteTriggered	Event	(success: bool, animationTrack: AnimationTrack)	RobloxScriptSecurity	RobloxScriptSecurity	Unsafe	
Humanoid	EquipTool	Function	(tool: Instance) -> ()	None	None	Unsafe	cap=AvatarBehavior
Humanoid	EvaluateStateMachine	Property	bool	None	None	ReadSafe	sim,cap=AvatarBehavior
Humanoid	FallingDown	Event	(active: bool)	None	None	Unsafe	cap=AvatarBehavior
Humanoid	FinishedState	Property	bool	None	None	ReadSafe	hidden,notscriptable,sim,cap=AvatarBehavior
Humanoid	FloorMaterial	Property	Material	None	None	ReadSafe	readonly,notreplicated,sim,cap=AvatarBehavior
Humanoid	FreeFalling	Event	(active: bool)	None	None	Unsafe	cap=AvatarBehavior
Humanoid	GetAccessories	Function	() -> Array	None	None	Unsafe	cap=AvatarAppearance
Humanoid	GetAccessoryHandleScale	Function	(instance: Instance, partType: BodyPartR15) -> Vector3	RobloxScriptSecurity	RobloxScriptSecurity	Unsafe	
Humanoid	GetAppliedDescription	Function	() -> HumanoidDescription	None	None	Unsafe	cap=AvatarAppearance
Humanoid	GetBodyPartR15	Function	(part: Instance) -> BodyPartR15	None	None	Unsafe	cap=AvatarBehavior
Humanoid	GetLimb	Function	(part: Instance) -> Limb	None	None	Unsafe	cap=AvatarBehavior
Humanoid	GetMoveVelocity	Function	() -> Vector3	None	None	Unsafe	cap=AvatarBehavior
Humanoid	GetPlayingAnimationTracks	Function	() -> Array	None	None	Unsafe	deprecated,prefer=GetPlayingAnimationTracks,cap=Animation
Humanoid	GetRelativeVelocityAtFloor	Function	() -> Vector3	None	None	Unsafe	sim,cap=AvatarBehavior
Humanoid	GetState	Function	() -> HumanoidStateType	None	None	Safe	sim,cap=AvatarBehavior
Humanoid	GetStateEnabled	Function	(state: HumanoidStateType) -> bool	None	None	Safe	sim,cap=AvatarBehavior
Humanoid	GetStatuses	Function	() -> Array	None	None	Unsafe	deprecated
Humanoid	GettingUp	Event	(active: bool)	None	None	Unsafe	cap=AvatarBehavior
Humanoid	HasCustomStatus	Function	(status: string) -> bool	None	None	Unsafe	deprecated
Humanoid	HasStatus	Function	(status: Status = Poison) -> bool	None	None	Unsafe	deprecated
Humanoid	Health	Property	float	None	None	ReadSafe	notreplicated,cap=AvatarBehavior
Humanoid	HealthChanged	Event	(health: float)	None	None	Unsafe	cap=AvatarBehavior
Humanoid	HealthDisplayDistance	Property	float	None	None	ReadSafe	cap=AvatarAppearance
Humanoid	HealthDisplayType	Property	HumanoidHealthDisplayType	None	None	ReadSafe	cap=AvatarAppearance
Humanoid	Health_XML	Property	float	None	None	ReadSafe	hidden,notscriptable,cap=AvatarBehavior
Humanoid	HipHeight	Property	float	None	None	ReadSafe	sim,cap=AvatarAppearance
Humanoid	InternalBodyScale	Property	Vector3	None	None	ReadSafe	hidden,notreplicated,notscriptable,cap=AvatarAppearance
Humanoid	InternalDisplayName	Property	string	RobloxScriptSecurity	RobloxScriptSecurity	ReadSafe	hidden,notreplicated
Humanoid	InternalHeadScale	Property	float	None	None	ReadSafe	hidden,notreplicated,notscriptable,cap=AvatarAppearance
Humanoid	InternalOriginalHipHeight	Property	float	None	None	ReadSafe	hidden,notscriptable,cap=AvatarAppearance
Humanoid	Jump	Property	bool	None	None	ReadSafe	notreplicated,sim,cap=AvatarBehavior
Humanoid	JumpHeight	Property	float	None	None	ReadSafe	sim,cap=AvatarBehavior
Humanoid	JumpPower	Property	float	None	None	ReadSafe	sim,cap=AvatarBehavior
Humanoid	JumpReplicate	Property	bool	None	None	ReadSafe	hidden,notscriptable,sim,cap=AvatarBehavior
Humanoid	Jumping	Event	(active: bool)	None	None	Unsafe	cap=AvatarBehavior
Humanoid	LeftLeg	Property	BasePart	None	None	ReadSafe	hidden,notreplicated,deprecated,cap=AvatarBehavior
Humanoid	LoadAnimation	Function	(animation: Animation) -> AnimationTrack	None	None	Unsafe	deprecated,prefer=LoadAnimation,sim,cap=Animation
Humanoid	MaxHealth	Property	float	None	None	ReadSafe	cap=AvatarBehavior
Humanoid	MaxSlopeAngle	Property	float	None	None	ReadSafe	cap=AvatarBehavior
Humanoid	Move	Function	(moveDirection: Vector3, relativeToCamera: bool = false) -> ()	None	None	Unsafe	sim,cap=AvatarBehavior
Humanoid	MoveDirection	Property	Vector3	None	None	ReadSafe	readonly,notreplicated,sim,cap=AvatarBehavior
Humanoid	MoveDirectionInternal	Property	Vector3	None	None	ReadSafe	hidden,notscriptable,sim,cap=AvatarBehavior
Humanoid	MoveTo	Function	(location: Vector3, part: Instance = nil) -> ()	None	None	Unsafe	sim,cap=AvatarBehavior
Humanoid	MoveToFinished	Event	(reached: bool)	None	None	Unsafe	cap=AvatarBehavior
Humanoid	NameDisplayDistance	Property	float	None	None	ReadSafe	cap=AvatarAppearance
Humanoid	NameOcclusion	Property	NameOcclusion	None	None	ReadSafe	cap=AvatarAppearance
Humanoid	NetworkHumanoidState	Property	HumanoidStateType	None	None	ReadSafe	hidden,notscriptable,sim,cap=AvatarBehavior
Humanoid	NoFloorTimerState	Property	float	None	None	ReadSafe	hidden,notscriptable,sim,cap=AvatarBehavior
Humanoid	OverrideDefaultCollisions	Property	bool	RobloxSecurity	RobloxSecurity	ReadSafe	hidden,notscriptable
Humanoid	PlatformStand	Property	bool	None	None	ReadSafe	cap=AvatarBehavior
Humanoid	PlatformStanding	Event	(active: bool)	None	None	Unsafe	cap=AvatarBehavior
Humanoid	PlayEmote	Function	(emoteName: string) -> bool	None	None	Unsafe	yields,deprecated,prefer=PlayEmoteAsync,cap=AvatarBehavior
Humanoid	PlayEmoteAndGetAnimTrackById	Function	(emoteId: int64) -> Tuple	RobloxScriptSecurity	RobloxScriptSecurity	Unsafe	yields
Humanoid	PlayEmoteAsync	Function	(emoteName: string) -> bool	None	None	Unsafe	yields,cap=AvatarBehavior
Humanoid	Ragdoll	Event	(active: bool)	None	None	Unsafe	cap=AvatarBehavior
Humanoid	RemoveAccessories	Function	() -> ()	None	None	Unsafe	cap=AvatarAppearance
Humanoid	RemoveCustomStatus	Function	(status: string) -> bool	None	None	Unsafe	deprecated
Humanoid	RemoveStatus	Function	(status: Status = Poison) -> bool	None	None	Unsafe	deprecated
Humanoid	ReplaceBodyPartR15	Function	(bodyPart: BodyPartR15, part: BasePart) -> bool	None	None	Unsafe	cap=AvatarAppearance
Humanoid	RequiresNeck	Property	bool	None	None	ReadSafe	cap=AvatarBehavior
Humanoid	RigType	Property	HumanoidRigType	None	None	ReadSafe	cap=AvatarAppearance
Humanoid	RightLeg	Property	BasePart	None	None	ReadSafe	hidden,notreplicated,deprecated,cap=AvatarBehavior
Humanoid	RootPart	Property	BasePart	None	None	ReadSafe	readonly,notreplicated,sim,cap=AvatarBehavior
Humanoid	RotationType	Property	RotationType	RobloxSecurity	RobloxSecurity	ReadSafe	hidden,notscriptable
Humanoid	Running	Event	(speed: float)	None	None	Unsafe	cap=AvatarBehavior
Humanoid	SeatPart	Property	BasePart	None	None	ReadSafe	readonly,notreplicated,sim,cap=AvatarBehavior
Humanoid	Seated	Event	(active: bool, currentSeatPart: BasePart)	None	None	Unsafe	cap=AvatarBehavior
Humanoid	ServerApplyDescription	Event	(status: bool)	RobloxSecurity	RobloxSecurity	Unsafe	hidden
Humanoid	ServerBreakJoints	Event	()	RobloxSecurity	RobloxSecurity	Unsafe	hidden
Humanoid	ServerEquipTool	Event	(tool: Tool)	RobloxSecurity	RobloxSecurity	Unsafe	hidden
Humanoid	ServerResetCharacter	Event	()	RobloxSecurity	RobloxSecurity	Unsafe	hidden
Humanoid	SetClickToWalkEnabled	Function	(enabled: bool) -> ()	RobloxScriptSecurity	RobloxScriptSecurity	Unsafe	
Humanoid	SetStateEnabled	Function	(state: HumanoidStateType, enabled: bool) -> ()	None	None	Unsafe	sim,cap=AvatarBehavior
Humanoid	Sit	Property	bool	None	None	ReadSafe	sim,cap=AvatarBehavior
Humanoid	StateChanged	Event	(old: HumanoidStateType, new: HumanoidStateType)	None	None	Unsafe	cap=AvatarBehavior
Humanoid	StateEnabledChanged	Event	(state: HumanoidStateType, isEnabled: bool)	None	None	Unsafe	cap=AvatarBehavior
Humanoid	StatusAdded	Event	(status: Status)	None	None	Unsafe	deprecated
Humanoid	StatusRemoved	Event	(status: Status)	None	None	Unsafe	deprecated
Humanoid	Strafe	Property	bool	None	None	ReadSafe	hidden,notscriptable,sim,cap=AvatarBehavior
Humanoid	Strafing	Event	(active: bool)	None	None	Unsafe	cap=AvatarBehavior
Humanoid	Swimming	Event	(speed: float)	None	None	Unsafe	cap=AvatarBehavior
Humanoid	TakeDamage	Function	(amount: float) -> ()	None	None	Unsafe	cap=AvatarBehavior
Humanoid	TargetPoint	Property	Vector3	None	None	ReadSafe	cap=AvatarBehavior
Humanoid	TimerState	Property	float	None	None	ReadSafe	hidden,notscriptable,sim,cap=AvatarBehavior
Humanoid	Torso	Property	BasePart	None	None	ReadSafe	hidden,notreplicated,deprecated,cap=AvatarBehavior
Humanoid	Touched	Event	(touchingPart: BasePart, humanoidPart: BasePart)	None	None	Unsafe	cap=AvatarBehavior
Humanoid	UnequipTools	Function	() -> ()	None	None	Unsafe	cap=AvatarBehavior
Humanoid	UseJumpPower	Property	bool	None	None	ReadSafe	sim,cap=AvatarBehavior
Humanoid	WalkAngleError	Property	float	None	None	ReadSafe	hidden,notscriptable,cap=AvatarBehavior
Humanoid	WalkDirection	Property	Vector3	None	None	ReadSafe	hidden,notscriptable,sim,cap=AvatarBehavior
Humanoid	WalkSpeed	Property	float	None	None	ReadSafe	sim,cap=AvatarBehavior
Humanoid	WalkToPart	Property	BasePart	None	None	ReadSafe	cap=AvatarBehavior
Humanoid	WalkToPoint	Property	Vector3	None	None	ReadSafe	sim,cap=AvatarBehavior
Humanoid	loadAnimation	Function	(animation: Animation) -> AnimationTrack	None	None	Unsafe	deprecated,prefer=LoadAnimation,sim,cap=Animation
Humanoid	maxHealth	Property	float	None	None	ReadSafe	notreplicated,deprecated,prefer=MaxHealth,cap=AvatarBehavior
Humanoid	takeDamage	Function	(amount: float) -> ()	None	None	Unsafe	deprecated,prefer=TakeDamage,cap=AvatarBehavior
HumanoidDescription	AccessoryBlob	Property	string	None	None	ReadSafe	notreplicated,notscriptable,cap=AvatarAppearance
HumanoidDescription	AddEmote	Function	(name: string, assetId: int64) -> ()	None	None	Unsafe	cap=AvatarAppearance
HumanoidDescription	BackAccessory	Property	string	None	None	ReadSafe	notreplicated,cap=AvatarAppearance
HumanoidDescription	BodyTypeScale	Property	float	None	None	ReadSafe	cap=AvatarAppearance
HumanoidDescription	ClimbAnimation	Property	int64	None	None	ReadSafe	cap=AvatarAppearance
HumanoidDescription	DepthScale	Property	float	None	None	ReadSafe	cap=AvatarAppearance
HumanoidDescription	EmotesChanged	Event	(newEmotes: Dictionary)	None	None	Unsafe	cap=AvatarAppearance
HumanoidDescription	EmotesDataInternal	Property	string	None	None	ReadSafe	hidden,notscriptable,cap=AvatarAppearance
HumanoidDescription	EquippedEmotesChanged	Event	(newEquippedEmotes: Array)	None	None	Unsafe	cap=AvatarAppearance
HumanoidDescription	EquippedEmotesDataInternal	Property	string	None	None	ReadSafe	hidden,notscriptable,cap=AvatarAppearance
HumanoidDescription	Face	Property	int64	None	None	ReadSafe	cap=AvatarAppearance
HumanoidDescription	FaceAccessory	Property	string	None	None	ReadSafe	notreplicated,cap=AvatarAppearance
HumanoidDescription	FallAnimation	Property	int64	None	None	ReadSafe	cap=AvatarAppearance
HumanoidDescription	FrontAccessory	Property	string	None	None	ReadSafe	notreplicated,cap=AvatarAppearance
HumanoidDescription	GetAccessories	Function	(includeRigidAccessories: bool) -> Array	None	None	Unsafe	cap=AvatarAppearance
HumanoidDescription	GetEmotes	Function	() -> Dictionary	None	None	Unsafe	cap=AvatarAppearance
HumanoidDescription	GetEquippedEmotes	Function	() -> Array	None	None	Unsafe	cap=AvatarAppearance
HumanoidDescription	GraphicTShirt	Property	int64	None	None	ReadSafe	cap=AvatarAppearance
HumanoidDescription	HairAccessory	Property	string	None	None	ReadSafe	notreplicated,cap=AvatarAppearance
HumanoidDescription	HatAccessory	Property	string	None	None	ReadSafe	notreplicated,cap=AvatarAppearance
HumanoidDescription	Head	Property	int64	None	None	ReadSafe	notreplicated,cap=AvatarAppearance
HumanoidDescription	HeadColor	Property	Color3	None	None	ReadSafe	notreplicated,cap=AvatarAppearance
HumanoidDescription	HeadScale	Property	float	None	None	ReadSafe	cap=AvatarAppearance
HumanoidDescription	HeightScale	Property	float	None	None	ReadSafe	cap=AvatarAppearance
HumanoidDescription	IdleAnimation	Property	int64	None	None	ReadSafe	cap=AvatarAppearance
HumanoidDescription	JumpAnimation	Property	int64	None	None	ReadSafe	cap=AvatarAppearance
HumanoidDescription	LeftArm	Property	int64	None	None	ReadSafe	notreplicated,cap=AvatarAppearance
HumanoidDescription	LeftArmColor	Property	Color3	None	None	ReadSafe	notreplicated,cap=AvatarAppearance
HumanoidDescription	LeftLeg	Property	int64	None	None	ReadSafe	notreplicated,cap=AvatarAppearance
HumanoidDescription	LeftLegColor	Property	Color3	None	None	ReadSafe	notreplicated,cap=AvatarAppearance
HumanoidDescription	MoodAnimation	Property	int64	None	None	ReadSafe	cap=AvatarAppearance
HumanoidDescription	NeckAccessory	Property	string	None	None	ReadSafe	notreplicated,cap=AvatarAppearance
HumanoidDescription	NumberEmotesLoaded	Property	int	RobloxScriptSecurity	RobloxScriptSecurity	ReadSafe	hidden,cap=AvatarAppearance
HumanoidDescription	Pants	Property	int64	None	None	ReadSafe	cap=AvatarAppearance
HumanoidDescription	ProportionScale	Property	float	None	None	ReadSafe	cap=AvatarAppearance
HumanoidDescription	RemoveEmote	Function	(name: string) -> ()	None	None	Unsafe	cap=AvatarAppearance
HumanoidDescription	ResetIncludesBodyParts	Property	bool	RobloxScriptSecurity	RobloxScriptSecurity	ReadSafe	hidden,cap=AvatarAppearance
HumanoidDescription	RightArm	Property	int64	None	None	ReadSafe	notreplicated,cap=AvatarAppearance
HumanoidDescription	RightArmColor	Property	Color3	None	None	ReadSafe	notreplicated,cap=AvatarAppearance
HumanoidDescription	RightLeg	Property	int64	None	None	ReadSafe	notreplicated,cap=AvatarAppearance
HumanoidDescription	RightLegColor	Property	Color3	None	None	ReadSafe	notreplicated,cap=AvatarAppearance
HumanoidDescription	RunAnimation	Property	int64	None	None	ReadSafe	cap=AvatarAppearance
HumanoidDescription	SetAccessories	Function	(accessories: Array, includeRigidAccessories: bool) -> ()	None	None	Unsafe	cap=AvatarAppearance
HumanoidDescription	SetEmotes	Function	(emotes: Dictionary) -> ()	None	None	Unsafe	cap=AvatarAppearance
HumanoidDescription	SetEquippedEmotes	Function	(equippedEmotes: Array) -> ()	None	None	Unsafe	cap=AvatarAppearance
HumanoidDescription	Shirt	Property	int64	None	None	ReadSafe	cap=AvatarAppearance
HumanoidDescription	ShouldersAccessory	Property	string	None	None	ReadSafe	notreplicated,cap=AvatarAppearance
HumanoidDescription	StaticFacialAnimation	Property	bool	None	None	ReadSafe	cap=AvatarAppearance
HumanoidDescription	SwimAnimation	Property	int64	None	None	ReadSafe	cap=AvatarAppearance
HumanoidDescription	Torso	Property	int64	None	None	ReadSafe	notreplicated,cap=AvatarAppearance
HumanoidDescription	TorsoColor	Property	Color3	None	None	ReadSafe	notreplicated,cap=AvatarAppearance
HumanoidDescription	UseAvatarSettings	Property	bool	None	None	ReadSafe	cap=AvatarAppearance
HumanoidDescription	WaistAccessory	Property	string	None	None	ReadSafe	notreplicated,cap=AvatarAppearance
HumanoidDescription	WalkAnimation	Property	int64	None	None	ReadSafe	cap=AvatarAppearance
HumanoidDescription	WidthScale	Property	float	None	None	ReadSafe	cap=AvatarAppearance
HumanoidRigDescription	AutoRig	Function	(character: Instance) -> ()	RobloxScriptSecurity	RobloxScriptSecurity	Safe	cap=Animation
HumanoidRigDescription	Chest	Property	Instance	None	None	ReadSafe	cap=Animation
HumanoidRigDescription	ChestRangeMax	Property	Vector3	None	None	ReadSafe	cap=Animation
HumanoidRigDescription	ChestRangeMin	Property	Vector3	None	None	ReadSafe	cap=Animation
HumanoidRigDescription	ChestSize	Property	float	None	None	ReadSafe	cap=Animation
HumanoidRigDescription	ChestTposeAdjustment	Property	CFrame	None	None	ReadSafe	cap=Animation
HumanoidRigDescription	GetContainedJointLabels	Function	(bodyMeshPartName: string) -> Array	RobloxScriptSecurity	RobloxScriptSecurity	Safe	cap=Animation
HumanoidRigDescription	GetJoint	Function	(label: RigLabel) -> Instance	RobloxScriptSecurity	RobloxScriptSecurity	Safe	cap=Animation
HumanoidRigDescription	GetJointFromName	Function	(name: string) -> Instance	None	None	Safe	cap=Animation
HumanoidRigDescription	GetJointLabels	Function	() -> Array	RobloxScriptSecurity	RobloxScriptSecurity	Safe	cap=Animation
HumanoidRigDescription	GetJointNames	Function	() -> Array	None	None	Safe	cap=Animation
HumanoidRigDescription	GetJointRangeMax	Function	(rigLabel: RigLabel) -> Vector3	RobloxScriptSecurity	RobloxScriptSecurity	Safe	cap=Animation
HumanoidRigDescription	GetJointRangeMin	Function	(rigLabel: RigLabel) -> Vector3	RobloxScriptSecurity	RobloxScriptSecurity	Safe	cap=Animation
HumanoidRigDescription	GetJointSize	Function	(label: RigLabel) -> float	RobloxScriptSecurity	RobloxScriptSecurity	Safe	cap=Animation
HumanoidRigDescription	GetR15JointLabels	Function	() -> Array	RobloxScriptSecurity	RobloxScriptSecurity	Safe	cap=Animation
HumanoidRigDescription	GetR15JointNames	Function	() -> Array	None	None	Safe	cap=Animation
HumanoidRigDescription	GetR6JointLabels	Function	() -> Array	RobloxScriptSecurity	RobloxScriptSecurity	Safe	cap=Animation
HumanoidRigDescription	GetR6JointNames	Function	() -> Array	None	None	Safe	cap=Animation
HumanoidRigDescription	GetTposeAdjustment	Function	(label: RigLabel) -> CFrame	RobloxScriptSecurity	RobloxScriptSecurity	Safe	cap=Animation
HumanoidRigDescription	HeadBase	Property	Instance	None	None	ReadSafe	cap=Animation
HumanoidRigDescription	HeadBaseRangeMax	Property	Vector3	None	None	ReadSafe	cap=Animation
HumanoidRigDescription	HeadBaseRangeMin	Property	Vector3	None	None	ReadSafe	cap=Animation
HumanoidRigDescription	HeadBaseSize	Property	float	None	None	ReadSafe	cap=Animation
HumanoidRigDescription	HeadBaseTposeAdjustment	Property	CFrame	None	None	ReadSafe	cap=Animation
HumanoidRigDescription	LeftAnkle	Property	Instance	None	None	ReadSafe	cap=Animation
HumanoidRigDescription	LeftAnkleRangeMax	Property	Vector3	None	None	ReadSafe	cap=Animation
HumanoidRigDescription	LeftAnkleRangeMin	Property	Vector3	None	None	ReadSafe	cap=Animation
HumanoidRigDescription	LeftAnkleSize	Property	float	None	None	ReadSafe	cap=Animation
HumanoidRigDescription	LeftAnkleTposeAdjustment	Property	CFrame	None	None	ReadSafe	cap=Animation
HumanoidRigDescription	LeftClavicle	Property	Instance	None	None	ReadSafe	cap=Animation
HumanoidRigDescription	LeftClavicleRangeMax	Property	Vector3	None	None	ReadSafe	cap=Animation
HumanoidRigDescription	LeftClavicleRangeMin	Property	Vector3	None	None	ReadSafe	cap=Animation
HumanoidRigDescription	LeftClavicleSize	Property	float	None	None	ReadSafe	cap=Animation
HumanoidRigDescription	LeftClavicleTposeAdjustment	Property	CFrame	None	None	ReadSafe	cap=Animation
HumanoidRigDescription	LeftElbow	Property	Instance	None	None	ReadSafe	cap=Animation
HumanoidRigDescription	LeftElbowRangeMax	Property	Vector3	None	None	ReadSafe	cap=Animation
HumanoidRigDescription	LeftElbowRangeMin	Property	Vector3	None	None	ReadSafe	cap=Animation
HumanoidRigDescription	LeftElbowSize	Property	float	None	None	ReadSafe	cap=Animation
HumanoidRigDescription	LeftElbowTposeAdjustment	Property	CFrame	None	None	ReadSafe	cap=Animation
HumanoidRigDescription	LeftHip	Property	Instance	None	None	ReadSafe	cap=Animation
HumanoidRigDescription	LeftHipRangeMax	Property	Vector3	None	None	ReadSafe	cap=Animation
HumanoidRigDescription	LeftHipRangeMin	Property	Vector3	None	None	ReadSafe	cap=Animation
HumanoidRigDescription	LeftHipSize	Property	float	None	None	ReadSafe	cap=Animation
HumanoidRigDescription	LeftHipTposeAdjustment	Property	CFrame	None	None	ReadSafe	cap=Animation
HumanoidRigDescription	LeftKnee	Property	Instance	None	None	ReadSafe	cap=Animation
HumanoidRigDescription	LeftKneeRangeMax	Property	Vector3	None	None	ReadSafe	cap=Animation
HumanoidRigDescription	LeftKneeRangeMin	Property	Vector3	None	None	ReadSafe	cap=Animation
HumanoidRigDescription	LeftKneeSize	Property	float	None	None	ReadSafe	cap=Animation
HumanoidRigDescription	LeftKneeTposeAdjustment	Property	CFrame	None	None	ReadSafe	cap=Animation
HumanoidRigDescription	LeftShoulder	Property	Instance	None	None	ReadSafe	cap=Animation
HumanoidRigDescription	LeftShoulderRangeMax	Property	Vector3	None	None	ReadSafe	cap=Animation
HumanoidRigDescription	LeftShoulderRangeMin	Property	Vector3	None	None	ReadSafe	cap=Animation
HumanoidRigDescription	LeftShoulderSize	Property	float	None	None	ReadSafe	cap=Animation
HumanoidRigDescription	LeftShoulderTposeAdjustment	Property	CFrame	None	None	ReadSafe	cap=Animation
HumanoidRigDescription	LeftToeBase	Property	Instance	None	None	ReadSafe	cap=Animation
HumanoidRigDescription	LeftToeBaseRangeMax	Property	Vector3	None	None	ReadSafe	cap=Animation
HumanoidRigDescription	LeftToeBaseRangeMin	Property	Vector3	None	None	ReadSafe	cap=Animation
HumanoidRigDescription	LeftToeBaseSize	Property	float	None	None	ReadSafe	cap=Animation
HumanoidRigDescription	LeftToeBaseTposeAdjustment	Property	CFrame	None	None	ReadSafe	cap=Animation
HumanoidRigDescription	LeftWrist	Property	Instance	None	None	ReadSafe	cap=Animation
HumanoidRigDescription	LeftWristRangeMax	Property	Vector3	None	None	ReadSafe	cap=Animation
HumanoidRigDescription	LeftWristRangeMin	Property	Vector3	None	None	ReadSafe	cap=Animation
HumanoidRigDescription	LeftWristSize	Property	float	None	None	ReadSafe	cap=Animation
HumanoidRigDescription	LeftWristTposeAdjustment	Property	CFrame	None	None	ReadSafe	cap=Animation
HumanoidRigDescription	Neck	Property	Instance	None	None	ReadSafe	cap=Animation
HumanoidRigDescription	NeckRangeMax	Property	Vector3	None	None	ReadSafe	cap=Animation
HumanoidRigDescription	NeckRangeMin	Property	Vector3	None	None	ReadSafe	cap=Animation
HumanoidRigDescription	NeckSize	Property	float	None	None	ReadSafe	cap=Animation
HumanoidRigDescription	NeckTposeAdjustment	Property	CFrame	None	None	ReadSafe	cap=Animation
HumanoidRigDescription	OriginOffset	Property	CFrame	RobloxScriptSecurity	RobloxScriptSecurity	ReadSafe	cap=Animation
HumanoidRigDescription	RightAnkle	Property	Instance	None	None	ReadSafe	cap=Animation
HumanoidRigDescription	RightAnkleRangeMax	Property	Vector3	None	None	ReadSafe	cap=Animation
HumanoidRigDescription	RightAnkleRangeMin	Property	Vector3	None	None	ReadSafe	cap=Animation
HumanoidRigDescription	RightAnkleSize	Property	float	None	None	ReadSafe	cap=Animation
HumanoidRigDescription	RightAnkleTposeAdjustment	Property	CFrame	None	None	ReadSafe	cap=Animation
HumanoidRigDescription	RightClavicle	Property	Instance	None	None	ReadSafe	cap=Animation
HumanoidRigDescription	RightClavicleRangeMax	Property	Vector3	None	None	ReadSafe	cap=Animation
HumanoidRigDescription	RightClavicleRangeMin	Property	Vector3	None	None	ReadSafe	cap=Animation
HumanoidRigDescription	RightClavicleSize	Property	float	None	None	ReadSafe	cap=Animation
HumanoidRigDescription	RightClavicleTposeAdjustment	Property	CFrame	None	None	ReadSafe	cap=Animation
HumanoidRigDescription	RightElbow	Property	Instance	None	None	ReadSafe	cap=Animation
HumanoidRigDescription	RightElbowRangeMax	Property	Vector3	None	None	ReadSafe	cap=Animation
HumanoidRigDescription	RightElbowRangeMin	Property	Vector3	None	None	ReadSafe	cap=Animation
HumanoidRigDescription	RightElbowSize	Property	float	None	None	ReadSafe	cap=Animation
HumanoidRigDescription	RightElbowTposeAdjustment	Property	CFrame	None	None	ReadSafe	cap=Animation
HumanoidRigDescription	RightHip	Property	Instance	None	None	ReadSafe	cap=Animation
HumanoidRigDescription	RightHipRangeMax	Property	Vector3	None	None	ReadSafe	cap=Animation
HumanoidRigDescription	RightHipRangeMin	Property	Vector3	None	None	ReadSafe	cap=Animation
HumanoidRigDescription	RightHipSize	Property	float	None	None	ReadSafe	cap=Animation
HumanoidRigDescription	RightHipTposeAdjustment	Property	CFrame	None	None	ReadSafe	cap=Animation
HumanoidRigDescription	RightKnee	Property	Instance	None	None	ReadSafe	cap=Animation
HumanoidRigDescription	RightKneeRangeMax	Property	Vector3	None	None	ReadSafe	cap=Animation
HumanoidRigDescription	RightKneeRangeMin	Property	Vector3	None	None	ReadSafe	cap=Animation
HumanoidRigDescription	RightKneeSize	Property	float	None	None	ReadSafe	cap=Animation
HumanoidRigDescription	RightKneeTposeAdjustment	Property	CFrame	None	None	ReadSafe	cap=Animation
HumanoidRigDescription	RightShoulder	Property	Instance	None	None	ReadSafe	cap=Animation
HumanoidRigDescription	RightShoulderRangeMax	Property	Vector3	None	None	ReadSafe	cap=Animation
HumanoidRigDescription	RightShoulderRangeMin	Property	Vector3	None	None	ReadSafe	cap=Animation
HumanoidRigDescription	RightShoulderSize	Property	float	None	None	ReadSafe	cap=Animation
HumanoidRigDescription	RightShoulderTposeAdjustment	Property	CFrame	None	None	ReadSafe	cap=Animation
HumanoidRigDescription	RightToeBase	Property	Instance	None	None	ReadSafe	cap=Animation
HumanoidRigDescription	RightToeBaseRangeMax	Property	Vector3	None	None	ReadSafe	cap=Animation
HumanoidRigDescription	RightToeBaseRangeMin	Property	Vector3	None	None	ReadSafe	cap=Animation
HumanoidRigDescription	RightToeBaseSize	Property	float	None	None	ReadSafe	cap=Animation
HumanoidRigDescription	RightToeBaseTposeAdjustment	Property	CFrame	None	None	ReadSafe	cap=Animation
HumanoidRigDescription	RightWrist	Property	Instance	None	None	ReadSafe	cap=Animation
HumanoidRigDescription	RightWristRangeMax	Property	Vector3	None	None	ReadSafe	cap=Animation
HumanoidRigDescription	RightWristRangeMin	Property	Vector3	None	None	ReadSafe	cap=Animation
HumanoidRigDescription	RightWristSize	Property	float	None	None	ReadSafe	cap=Animation
HumanoidRigDescription	RightWristTposeAdjustment	Property	CFrame	None	None	ReadSafe	cap=Animation
HumanoidRigDescription	Root	Property	Instance	None	None	ReadSafe	cap=Animation
HumanoidRigDescription	RootRangeMax	Property	Vector3	None	None	ReadSafe	cap=Animation
HumanoidRigDescription	RootRangeMin	Property	Vector3	None	None	ReadSafe	cap=Animation
HumanoidRigDescription	RootSize	Property	float	None	None	ReadSafe	cap=Animation
HumanoidRigDescription	RootTposeAdjustment	Property	CFrame	None	None	ReadSafe	cap=Animation
HumanoidRigDescription	SetJoint	Function	(label: RigLabel, joint: Instance) -> ()	RobloxScriptSecurity	RobloxScriptSecurity	Safe	cap=Animation
HumanoidRigDescription	SetJointRangeMax	Function	(rigLabel: RigLabel, rangeMax: Vector3) -> ()	RobloxScriptSecurity	RobloxScriptSecurity	Safe	cap=Animation
HumanoidRigDescription	SetJointRangeMin	Function	(rigLabel: RigLabel, rangeMin: Vector3) -> ()	RobloxScriptSecurity	RobloxScriptSecurity	Safe	cap=Animation
HumanoidRigDescription	SetJointSize	Function	(label: RigLabel, size: float) -> ()	RobloxScriptSecurity	RobloxScriptSecurity	Safe	cap=Animation
HumanoidRigDescription	SetTposeAdjustment	Function	(label: RigLabel, transform: CFrame) -> ()	RobloxScriptSecurity	RobloxScriptSecurity	Safe	cap=Animation
HumanoidRigDescription	ShowVolumes	Function	(show: bool) -> ()	RobloxScriptSecurity	RobloxScriptSecurity	Safe	cap=Animation
HumanoidRigDescription	Spine	Property	Instance	None	None	ReadSafe	cap=Animation
HumanoidRigDescription	SpineRangeMax	Property	Vector3	None	None	ReadSafe	cap=Animation
HumanoidRigDescription	SpineRangeMin	Property	Vector3	None	None	ReadSafe	cap=Animation
HumanoidRigDescription	SpineSize	Property	float	None	None	ReadSafe	cap=Animation
HumanoidRigDescription	SpineTposeAdjustment	Property	CFrame	None	None	ReadSafe	cap=Animation
HumanoidRigDescription	Waist	Property	Instance	None	None	ReadSafe	cap=Animation
HumanoidRigDescription	WaistRangeMax	Property	Vector3	None	None	ReadSafe	cap=Animation
HumanoidRigDescription	WaistRangeMin	Property	Vector3	None	None	ReadSafe	cap=Animation
HumanoidRigDescription	WaistSize	Property	float	None	None	ReadSafe	cap=Animation
HumanoidRigDescription	WaistTposeAdjustment	Property	CFrame	None	None	ReadSafe	cap=Animation
IKControl	ChainRoot	Property	Instance	None	None	ReadSafe	sim,cap=Animation
IKControl	Enabled	Property	bool	None	None	ReadSafe	sim,cap=Animation
IKControl	EndEffector	Property	Instance	None	None	ReadSafe	sim,cap=Animation
IKControl	EndEffectorOffset	Property	CFrame	None	None	ReadSafe	cap=Animation
IKControl	GetChainCount	Function	() -> int	None	None	Unsafe	cap=Animation
IKControl	GetChainLength	Function	() -> float	None	None	Unsafe	cap=Animation
IKControl	GetNodeLocalCFrame	Function	(index: int) -> CFrame	None	None	Unsafe	cap=Animation
IKControl	GetNodeWorldCFrame	Function	(index: int) -> CFrame	None	None	Unsafe	cap=Animation
IKControl	GetRawFinalTarget	Function	() -> CFrame	None	None	Unsafe	cap=Animation
IKControl	GetSmoothedFinalTarget	Function	() -> CFrame	None	None	Unsafe	cap=Animation
IKControl	Offset	Property	CFrame	None	None	ReadSafe	cap=Animation
IKControl	Pole	Property	Instance	None	None	ReadSafe	cap=Animation
IKControl	Priority	Property	int	None	None	ReadSafe	cap=Animation
IKControl	SmoothTime	Property	float	None	None	ReadSafe	cap=Animation
IKControl	Solve	Function	() -> ()	RobloxScriptSecurity	RobloxScriptSecurity	Unsafe	cap=Animation
IKControl	Target	Property	Instance	None	None	ReadSafe	sim,cap=Animation
IKControl	Type	Property	IKControlType	None	None	ReadSafe	sim,cap=Animation
IKControl	Weight	Property	float	None	None	ReadSafe	sim,cap=Animation
IXPService	ClearCreatorLayers	Function	() -> ()	LocalUserSecurity	LocalUserSecurity	Unsafe	
IXPService	ClearUserLayers	Function	() -> ()	LocalUserSecurity	LocalUserSecurity	Unsafe	
IXPService	GetBrowserTrackerLayerLoadingStatus	Function	() -> IXPLoadingStatus	LocalUserSecurity	LocalUserSecurity	Unsafe	
IXPService	GetBrowserTrackerLayerVariables	Function	(layerName: string) -> Dictionary	LocalUserSecurity	LocalUserSecurity	Unsafe	
IXPService	GetBrowserTrackerStatusForLayer	Function	(layerName: string) -> IXPLoadingStatus?	LocalUserSecurity	LocalUserSecurity	Unsafe	
IXPService	GetCreatorLayerLoadingStatus	Function	() -> IXPLoadingStatus	LocalUserSecurity	LocalUserSecurity	Unsafe	
IXPService	GetCreatorLayerVariables	Function	(layerName: string) -> Dictionary	LocalUserSecurity	LocalUserSecurity	Unsafe	
IXPService	GetCreatorStatusForLayer	Function	(layerName: string) -> IXPLoadingStatus?	LocalUserSecurity	LocalUserSecurity	Unsafe	
IXPService	GetRegisteredCreatorLayersToStatus	Function	() -> Dictionary	LocalUserSecurity	LocalUserSecurity	Unsafe	
IXPService	GetRegisteredUserLayersToStatus	Function	() -> Dictionary	LocalUserSecurity	LocalUserSecurity	Unsafe	
IXPService	GetUserLayerLoadingStatus	Function	() -> IXPLoadingStatus	LocalUserSecurity	LocalUserSecurity	Unsafe	
IXPService	GetUserLayerVariables	Function	(layerName: string) -> Dictionary	LocalUserSecurity	LocalUserSecurity	Unsafe	
IXPService	GetUserStatusForLayer	Function	(layerName: string) -> IXPLoadingStatus?	LocalUserSecurity	LocalUserSecurity	Unsafe	
IXPService	InitializeCreatorLayers	Function	(creatorId: int64) -> ()	LocalUserSecurity	LocalUserSecurity	Unsafe	
IXPService	InitializeUserLayers	Function	(userId: int64) -> ()	LocalUserSecurity	LocalUserSecurity	Unsafe	
IXPService	LogBrowserTrackerLayerExposure	Function	(layerName: string) -> ()	LocalUserSecurity	LocalUserSecurity	Unsafe	
IXPService	LogCreatorLayerExposure	Function	(layerName: string) -> ()	LocalUserSecurity	LocalUserSecurity	Unsafe	
IXPService	LogFlagLinkedUserLayerExposure	Function	(layerName: string) -> ()	LocalUserSecurity	LocalUserSecurity	Unsafe	
IXPService	LogUserLayerExposure	Function	(layerName: string) -> ()	LocalUserSecurity	LocalUserSecurity	Unsafe	
IXPService	OnBrowserTrackerLayerLoadingStatusChanged	Event	(status: IXPLoadingStatus)	LocalUserSecurity	LocalUserSecurity	Unsafe	
IXPService	OnCreatorLayerLoadingStatusChanged	Event	(status: IXPLoadingStatus)	LocalUserSecurity	LocalUserSecurity	Unsafe	
IXPService	OnUserLayerLoadingStatusChanged	Event	(status: IXPLoadingStatus)	LocalUserSecurity	LocalUserSecurity	Unsafe	
IXPService	RegisterCreatorLayers	Function	(creatorLayers: Variant) -> ()	LocalUserSecurity	LocalUserSecurity	Unsafe	
IXPService	RegisterUserLayers	Function	(userLayers: Variant) -> ()	LocalUserSecurity	LocalUserSecurity	Unsafe	
ImageButton	ContentImageSize	Property	Vector2	RobloxScriptSecurity	RobloxScriptSecurity	ReadSafe	hidden,readonly,notreplicated,cap=UI
ImageButton	HoverImage	Property	ContentId	None	None	ReadSafe	cap=UI
ImageButton	HoverImageContent	Property	Content	None	None	ReadSafe	cap=UI
ImageButton	Image	Property	ContentId	None	None	ReadSafe	cap=UI
ImageButton	ImageColor3	Property	Color3	None	None	ReadSafe	cap=UI
ImageButton	ImageContent	Property	Content	None	None	ReadSafe	cap=UI
ImageButton	ImageRectOffset	Property	Vector2	None	None	ReadSafe	cap=UI
ImageButton	ImageRectSize	Property	Vector2	None	None	ReadSafe	cap=UI
ImageButton	ImageTransparency	Property	float	None	None	ReadSafe	cap=UI
ImageButton	IsLoaded	Property	bool	None	None	ReadSafe	readonly,notreplicated,cap=UI
ImageButton	LocalizedImageContent	Property	Content	RobloxScriptSecurity	NotAccessibleSecurity	ReadSafe	notreplicated,cap=UI
ImageButton	PressedImage	Property	ContentId	None	None	ReadSafe	cap=UI
ImageButton	PressedImageContent	Property	Content	None	None	ReadSafe	cap=UI
ImageButton	ResampleMode	Property	ResamplerMode	None	None	ReadSafe	cap=UI
ImageButton	ScaleType	Property	ScaleType	None	None	ReadSafe	cap=UI
ImageButton	SetEnableContentImageSizeChangedEvents	Function	(enabled: bool) -> ()	RobloxScriptSecurity	RobloxScriptSecurity	Unsafe	cap=UI
ImageButton	SliceCenter	Property	Rect	None	None	ReadSafe	cap=UI
ImageButton	SliceScale	Property	float	None	None	ReadSafe	cap=UI
ImageButton	TileSize	Property	UDim2	None	None	ReadSafe	cap=UI
ImageHandleAdornment	Image	Property	ContentId	None	None	ReadSafe	cap=Basic|UI
ImageHandleAdornment	ImageContent	Property	Content	None	None	ReadSafe	cap=Basic|UI
ImageHandleAdornment	Size	Property	Vector2	None	None	ReadSafe	cap=Basic|UI
ImageLabel	ContentImageSize	Property	Vector2	RobloxScriptSecurity	RobloxScriptSecurity	ReadSafe	hidden,readonly,notreplicated,cap=UI
ImageLabel	Image	Property	ContentId	None	None	ReadSafe	cap=UI
ImageLabel	ImageColor3	Property	Color3	None	None	ReadSafe	cap=UI
ImageLabel	ImageContent	Property	Content	None	None	ReadSafe	cap=UI
ImageLabel	ImageRectOffset	Property	Vector2	None	None	ReadSafe	cap=UI
ImageLabel	ImageRectSize	Property	Vector2	None	None	ReadSafe	cap=UI
ImageLabel	ImageTransparency	Property	float	None	None	ReadSafe	cap=UI
ImageLabel	IsLoaded	Property	bool	None	None	ReadSafe	readonly,notreplicated,cap=UI
ImageLabel	LocalizedImageContent	Property	Content	RobloxScriptSecurity	NotAccessibleSecurity	ReadSafe	notreplicated,cap=UI
ImageLabel	ResampleMode	Property	ResamplerMode	None	None	ReadSafe	cap=UI
ImageLabel	ScaleType	Property	ScaleType	None	None	ReadSafe	cap=UI
ImageLabel	SetEnableContentImageSizeChangedEvents	Function	(enabled: bool) -> ()	RobloxScriptSecurity	RobloxScriptSecurity	Unsafe	cap=UI
ImageLabel	SliceCenter	Property	Rect	None	None	ReadSafe	cap=UI
ImageLabel	SliceScale	Property	float	None	None	ReadSafe	cap=UI
ImageLabel	TileSize	Property	UDim2	None	None	ReadSafe	cap=UI
ImportSession	Cancel	Function	() -> ()	RobloxScriptSecurity	RobloxScriptSecurity	Unsafe	
ImportSession	GetFilename	Function	() -> string	RobloxScriptSecurity	RobloxScriptSecurity	Unsafe	
ImportSession	GetStatuses	Function	() -> Dictionary	RobloxScriptSecurity	RobloxScriptSecurity	Unsafe	
ImportSession	Upload	Function	() -> ()	RobloxScriptSecurity	RobloxScriptSecurity	Unsafe	
ImportSession	UploadComplete	Event	(results: Dictionary)	None	None	Unsafe	undocumented
ImportSession	UploadProgress	Event	(progressRatio: float)	None	None	Unsafe	undocumented
ImportSession	UploadSource	Property	string	RobloxScriptSecurity	RobloxScriptSecurity	ReadSafe	hidden,notreplicated
IncrementalPatchBuilder	AddPathsToBundle	Property	bool	None	None	ReadSafe	
IncrementalPatchBuilder	BuildDebouncePeriod	Property	double	None	None	ReadSafe	
IncrementalPatchBuilder	HighCompression	Property	bool	None	None	ReadSafe	
IncrementalPatchBuilder	SerializePatch	Property	bool	None	None	ReadSafe	
IncrementalPatchBuilder	UseFileLevelCompressionInsteadOfChunk	Property	bool	None	None	ReadSafe	
IncrementalPatchBuilder	ZstdCompression	Property	bool	None	None	ReadSafe	
InputAction	BoolState	Property	bool	RobloxScriptSecurity	RobloxScriptSecurity	ReadSafe	readonly,notreplicated,notscriptable,cap=Input
InputAction	Direction1DState	Property	float	RobloxScriptSecurity	RobloxScriptSecurity	ReadSafe	readonly,notreplicated,notscriptable,cap=Input
InputAction	Direction2DState	Property	Vector2	RobloxScriptSecurity	RobloxScriptSecurity	ReadSafe	readonly,notreplicated,notscriptable,cap=Input
InputAction	Direction3DState	Property	Vector3	RobloxScriptSecurity	RobloxScriptSecurity	ReadSafe	readonly,notreplicated,notscriptable,cap=Input
InputAction	DisplayName	Property	string	None	None	ReadSafe	sim,cap=Input
InputAction	Enabled	Property	bool	None	None	ReadSafe	sim,cap=Input
InputAction	Fire	Function	(state: Variant) -> ()	None	None	Unsafe	deprecated,prefer=Fire,sim,cap=Input
InputAction	GetInputBindings	Function	() -> Instances	RobloxScriptSecurity	RobloxScriptSecurity	Unsafe	cap=Input
InputAction	GetPreferredBindingList	Function	(count: int = 0) -> Instances	RobloxScriptSecurity	RobloxScriptSecurity	Unsafe	cap=Input
InputAction	GetState	Function	() -> Variant	None	None	Safe	sim,cap=Input
InputAction	InputBindingsChanged	Event	()	RobloxScriptSecurity	RobloxScriptSecurity	Unsafe	cap=Input
InputAction	PreferredBinding	Property	InputBinding	None	None	ReadSafe	readonly,notreplicated,cap=Input
InputAction	Pressed	Event	()	None	None	Unsafe	cap=Input
InputAction	Released	Event	()	None	None	Unsafe	cap=Input
InputAction	StateChanged	Event	(value: Variant)	None	None	Unsafe	cap=Input
InputAction	Type	Property	InputActionType	None	None	ReadSafe	sim,cap=Input
InputAction	ViewportPositionState	Property	Vector2	RobloxScriptSecurity	RobloxScriptSecurity	ReadSafe	readonly,notreplicated,notscriptable,cap=Input
InputActionLabel	FontFace	Property	Font	None	None	ReadSafe	cap=UI
InputActionLabel	ImageColor3	Property	Color3	None	None	ReadSafe	cap=UI
InputActionLabel	ImageTransparency	Property	float	None	None	ReadSafe	cap=UI
InputActionLabel	InputAction	Property	InputAction	None	None	ReadSafe	cap=UI
InputActionLabel	ResolvedImageContent	Property	Content	None	None	ReadSafe	readonly,notreplicated,cap=UI
InputActionLabel	ResolvedText	Property	string	None	None	ReadSafe	readonly,notreplicated,cap=UI
InputActionLabel	TextColor3	Property	Color3	None	None	ReadSafe	cap=UI
InputActionLabel	TextSize	Property	float	None	None	ReadSafe	cap=UI
InputActionLabel	TextTransparency	Property	float	None	None	ReadSafe	cap=UI
InputActionLabel	TextWrapped	Property	bool	None	None	ReadSafe	cap=UI
InputActionLabel	TextXAlignment	Property	TextXAlignment	None	None	ReadSafe	cap=UI
InputActionLabel	TextYAlignment	Property	TextYAlignment	None	None	ReadSafe	cap=UI
InputBinding	Backward	Property	KeyCode	None	None	ReadSafe	cap=Input
InputBinding	ClampMagnitudeToOne	Property	bool	None	None	ReadSafe	cap=Input
InputBinding	DisplayImage	Property	Content	None	None	ReadSafe	cap=Input
InputBinding	DisplayName	Property	string	None	None	ReadSafe	cap=Input
InputBinding	Down	Property	KeyCode	None	None	ReadSafe	cap=Input
InputBinding	Fire	Function	(state: Variant) -> ()	None	None	Unsafe	sim,cap=Input
InputBinding	Forward	Property	KeyCode	None	None	ReadSafe	cap=Input
InputBinding	KeyCode	Property	KeyCode	None	None	ReadSafe	cap=Input
InputBinding	Left	Property	KeyCode	None	None	ReadSafe	cap=Input
InputBinding	PointerIndex	Property	int	None	None	ReadSafe	cap=Input
InputBinding	PressedThreshold	Property	float	None	None	ReadSafe	cap=Input
InputBinding	PrimaryModifier	Property	KeyCode	None	None	ReadSafe	cap=Input
InputBinding	ReleasedThreshold	Property	float	None	None	ReadSafe	cap=Input
InputBinding	ResponseCurve	Property	float	None	None	ReadSafe	cap=Input
InputBinding	Right	Property	KeyCode	None	None	ReadSafe	cap=Input
InputBinding	Scale	Property	float	None	None	ReadSafe	cap=Input
InputBinding	SecondaryModifier	Property	KeyCode	None	None	ReadSafe	cap=Input
InputBinding	Type	Property	InputBindingType	None	None	ReadSafe	cap=Input
InputBinding	UIButton	Property	GuiButton	None	None	ReadSafe	cap=Input
InputBinding	UIModifier	Property	GuiButton	None	None	ReadSafe	cap=Input
InputBinding	Up	Property	KeyCode	None	None	ReadSafe	cap=Input
InputBinding	Vector2Scale	Property	Vector2	None	None	ReadSafe	cap=Input
InputBinding	Vector3Scale	Property	Vector3	None	None	ReadSafe	cap=Input
InputContext	Enabled	Property	bool	None	None	ReadSafe	cap=Input
InputContext	GetInputActions	Function	() -> Instances	RobloxScriptSecurity	RobloxScriptSecurity	Unsafe	cap=Input
InputContext	InputActionsChanged	Event	()	RobloxScriptSecurity	RobloxScriptSecurity	Unsafe	cap=Input
InputContext	Priority	Property	int	None	None	ReadSafe	cap=Input
InputContext	Sink	Property	bool	None	None	ReadSafe	cap=Input
InputObject	Delta	Property	Vector3	None	None	ReadSafe	cap=Input
InputObject	IsModifierKeyDown	Function	(modifierKey: ModifierKey) -> bool	None	None	Unsafe	cap=Input
InputObject	KeyCode	Property	KeyCode	None	None	ReadSafe	cap=Input
InputObject	Position	Property	Vector3	None	None	ReadSafe	cap=Input
InputObject	UserInputState	Property	UserInputState	None	None	ReadSafe	cap=Input
InputObject	UserInputType	Property	UserInputType	None	None	ReadSafe	cap=Input
InsertService	AllowInsertFreeModels	Property	bool	None	None	ReadSafe	notreplicated,notbrowsable,deprecated,cap=LoadUnownedAsset
InsertService	ApproveAssetId	Function	(assetId: int64) -> ()	None	None	Unsafe	deprecated
InsertService	ApproveAssetVersionId	Function	(assetVersionId: int64) -> ()	None	None	Unsafe	deprecated
InsertService	CreateMeshPartAsync	Function	(meshId: ContentId, collisionFidelity: CollisionFidelity, renderFidelity: RenderFidelity) -> MeshPart	None	None	Unsafe	yields,cap=Basic
InsertService	GetBaseCategories	Function	() -> Array	None	None	Unsafe	yields,deprecated,prefer=GetBaseSets
InsertService	GetBaseSets	Function	() -> Array	None	None	Unsafe	yields,deprecated
InsertService	GetCollection	Function	(categoryId: int64) -> Array	None	None	Unsafe	yields,deprecated
InsertService	GetFreeDecals	Function	(searchText: string, pageNum: int) -> Array	None	None	Unsafe	yields,deprecated,prefer=GetFreeDecalsAsync,cap=AssetRead
InsertService	GetFreeDecalsAsync	Function	(searchText: string, pageNum: int) -> Array	None	None	Unsafe	yields,cap=AssetRead
InsertService	GetFreeModels	Function	(searchText: string, pageNum: int) -> Array	None	None	Unsafe	yields,deprecated,prefer=GetFreeModelsAsync,cap=AssetRead
InsertService	GetFreeModelsAsync	Function	(searchText: string, pageNum: int) -> Array	None	None	Unsafe	yields,cap=AssetRead
InsertService	GetLatestAssetVersionAsync	Function	(assetId: int64) -> int64	None	None	Unsafe	yields,cap=AssetRead
InsertService	GetLocalFileContents	Function	(contentId: string) -> string	RobloxScriptSecurity	RobloxScriptSecurity	Unsafe	
InsertService	GetUserCategories	Function	(userId: User) -> Array	None	None	Unsafe	yields,deprecated,prefer=GetUserSets
InsertService	GetUserSets	Function	(userId: User) -> Array	None	None	Unsafe	yields,deprecated
InsertService	Insert	Function	(instance: Instance) -> ()	None	None	Unsafe	deprecated
InsertService	InternalDelete	Event	(instance: Instance)	None	None	Unsafe	hidden,cap=AssetCreateUpdate
InsertService	LoadAsset	Function	(assetId: int64) -> Instance	None	None	Unsafe	yields,cap=LoadOwnedAsset
InsertService	LoadAssetVersion	Function	(assetVersionId: int64) -> Instance	None	None	Unsafe	yields,cap=LoadOwnedAsset
InsertService	LoadAssetWithBytecodeAsync	Function	(content: Content) -> Instance	RobloxScriptSecurity	RobloxScriptSecurity	Unsafe	yields
InsertService	LoadAssetWithFormat	Function	(assetId: int64, format: string) -> Instances	RobloxScriptSecurity	RobloxScriptSecurity	Unsafe	yields
InsertService	LoadLocalAsset	Function	(assetPath: string) -> Instance	RobloxScriptSecurity	RobloxScriptSecurity	Unsafe	
InsertService	LoadPackageAssetAsync	Function	(url: ContentId) -> Instances	RobloxScriptSecurity	RobloxScriptSecurity	Unsafe	yields
InsertService	loadAsset	Function	(assetId: int64) -> Instance	None	None	Unsafe	yields,deprecated,prefer=LoadAsset,cap=LoadOwnedAsset
Instance	AddTag	Function	(tag: string) -> ()	None	None	Unsafe	
Instance	AncestryChanged	Event	(child: Instance, parent: Instance)	None	None	Unsafe	
Instance	Archivable	Property	bool	None	None	ReadSafe	
Instance	AttributeChanged	Event	(attribute: string)	None	None	Unsafe	
Instance	Attributes	Property	string	RobloxSecurity	RobloxSecurity	ReadSafe	hidden,readonly,notreplicated,notscriptable
Instance	AttributesReplicate	Property	string	RobloxSecurity	RobloxSecurity	ReadSafe	hidden,notscriptable
Instance	AttributesSerialize	Property	BinaryString	RobloxSecurity	RobloxSecurity	ReadSafe	hidden,notreplicated,notscriptable
Instance	Capabilities	Property	SecurityCapabilities	None	None	ReadSafe	cap=CapabilityControl
Instance	ChildAdded	Event	(child: Instance)	None	None	Unsafe	
Instance	ChildRemoved	Event	(child: Instance)	None	None	Unsafe	
Instance	ClearAllChildren	Function	() -> ()	None	None	Unsafe	
Instance	Clone	Function	() -> Instance	None	None	Unsafe	sim,cap=CreateInstances
Instance	DataCost	Property	int	LocalUserSecurity	LocalUserSecurity	ReadSafe	hidden,readonly,notreplicated,deprecated
Instance	DefinesCapabilities	Property	bool	RobloxSecurity	RobloxSecurity	ReadSafe	hidden,notscriptable
Instance	DescendantAdded	Event	(descendant: Instance)	None	None	Unsafe	
Instance	DescendantRemoving	Event	(descendant: Instance)	None	None	Unsafe	
Instance	Destroy	Function	() -> ()	None	None	Unsafe	
Instance	Destroying	Event	()	None	None	Unsafe	
Instance	FindFirstAncestor	Function	(name: string) -> Instance	None	None	Safe	
Instance	FindFirstAncestorOfClass	Function	(className: string) -> Instance	None	None	Safe	
Instance	FindFirstAncestorWhichIsA	Function	(className: string) -> Instance	None	None	Safe	
Instance	FindFirstChild	Function	(name: string, recursive: bool = false) -> Instance	None	None	Safe	sim
Instance	FindFirstChildOfClass	Function	(className: string) -> Instance	None	None	Safe	
Instance	FindFirstChildWhichIsA	Function	(className: string, recursive: bool = false) -> Instance	None	None	Safe	sim
Instance	FindFirstDescendant	Function	(name: string) -> Instance	None	None	Safe	
Instance	GetActor	Function	() -> Actor	None	None	Safe	
Instance	GetAttribute	Function	(attribute: string) -> Variant	None	None	Safe	sim
Instance	GetAttributeChangedSignal	Function	(attribute: string) -> RBXScriptSignal	None	None	Unsafe	
Instance	GetAttributes	Function	() -> Dictionary	None	None	Safe	customluastate,sim
Instance	GetChildren	Function	() -> Instances	None	None	Safe	sim
Instance	GetDebugId	Function	(scopeLength: int = 4) -> string	PluginSecurity	PluginSecurity	Unsafe	notbrowsable
Instance	GetDescendants	Function	() -> Instances	None	None	Safe	customluastate,sim
Instance	GetFullName	Function	() -> string	None	None	Safe	sim
Instance	GetStyled	Function	(name: string, selector: string?) -> Variant	None	None	Unsafe	
Instance	GetStyledPropertyChangedSignal	Function	(property: string) -> RBXScriptSignal	None	None	Unsafe	
Instance	GetTags	Function	() -> Array	None	None	Safe	sim
Instance	HasTag	Function	(tag: string) -> bool	None	None	Safe	sim
Instance	HistoryId	Property	UniqueId	RobloxSecurity	RobloxSecurity	ReadSafe	hidden,notreplicated,notscriptable
Instance	IsAncestorOf	Function	(descendant: Instance) -> bool	None	None	Safe	sim
Instance	IsDescendantOf	Function	(ancestor: Instance) -> bool	None	None	Safe	sim
Instance	IsInSandbox	Property	bool	None	None	ReadSafe	readonly,notreplicated,notscriptable
Instance	IsPropertyModified	Function	(property: string) -> bool	None	None	Unsafe	sim
Instance	Name	Property	string	None	None	ReadSafe	
Instance	Parent	Property	Instance	None	None	ReadSafe	notreplicated
Instance	PredictionMode	Property	PredictionMode	None	None	ReadSafe	readonly,notreplicated,notscriptable
Instance	PropertyStatusStudio	Property	PropertyStatus	RobloxSecurity	RobloxSecurity	ReadSafe	hidden,readonly,notreplicated,notscriptable
Instance	QueryDescendants	Function	(selector: string) -> Instances	None	None	Unsafe	customluastate,sim
Instance	Remove	Function	() -> ()	None	None	Unsafe	deprecated
Instance	RemoveTag	Function	(tag: string) -> ()	None	None	Unsafe	
Instance	ResetPropertyToDefault	Function	(property: string) -> ()	None	None	Unsafe	
Instance	RobloxLocked	Property	bool	PluginSecurity	PluginSecurity	ReadSafe	hidden
Instance	Sandboxed	Property	bool	None	None	ReadSafe	notreplicated,cap=CapabilityControl
Instance	SerializedOverrides	Property	BinaryString	RobloxSecurity	RobloxSecurity	ReadSafe	hidden,notreplicated,notscriptable
Instance	SetAttribute	Function	(attribute: string, value: Variant) -> ()	None	None	Unsafe	sim
Instance	SourceAssetId	Property	int64	RobloxScriptSecurity	RobloxScriptSecurity	ReadSafe	hidden
Instance	StyledPropertiesChanged	Event	()	None	None	Unsafe	
Instance	Tags	Property	SharedString	RobloxSecurity	RobloxSecurity	ReadSafe	hidden,notscriptable
Instance	UniqueId	Property	UniqueId	RobloxScriptSecurity	RobloxSecurity	ReadSafe	notreplicated
Instance	WaitForChild	Function	(childName: string, timeOut: double) -> Instance	None	None	Unsafe	customluastate,canyield
Instance	archivable	Property	bool	None	None	ReadSafe	hidden,notreplicated,deprecated,prefer=Archivable
Instance	childAdded	Event	(child: Instance)	None	None	Unsafe	deprecated,prefer=ChildAdded
Instance	children	Function	() -> Instances	None	None	Unsafe	deprecated,prefer=GetChildren
Instance	clone	Function	() -> Instance	None	None	Unsafe	deprecated,prefer=Clone,sim,cap=CreateInstances
Instance	destroy	Function	() -> ()	None	None	Unsafe	deprecated,prefer=Destroy
Instance	findFirstChild	Function	(name: string, recursive: bool = false) -> Instance	None	None	Unsafe	deprecated,prefer=FindFirstChild,sim
Instance	getChildren	Function	() -> Instances	None	None	Unsafe	deprecated,prefer=GetChildren
Instance	isDescendantOf	Function	(ancestor: Instance) -> bool	None	None	Unsafe	deprecated,prefer=IsDescendantOf,sim
Instance	numExpectedDirectChildren	Property	int	None	None	ReadSafe	hidden,notscriptable
Instance	remove	Function	() -> ()	None	None	Unsafe	deprecated,prefer=Remove
InstanceAdornment	Adornee	Property	Instance	None	None	ReadSafe	cap=Basic|UI
InstanceExtensionsService	CountChildren	Function	(instance: Instance) -> int	RobloxScriptSecurity	RobloxScriptSecurity	Unsafe	
InstanceFileSyncService	GetAllInstances	Function	() -> Instances	PluginSecurity	PluginSecurity	Unsafe	
InstanceFileSyncService	GetStatus	Function	(instance: Instance) -> InstanceFileSyncStatus	PluginSecurity	PluginSecurity	Unsafe	
InstanceFileSyncService	GetSyncedInstance	Function	(filePath: string) -> Instance	PluginSecurity	PluginSecurity	Unsafe	
InstanceFileSyncService	GetSyncingCollaborators	Function	(instance: Instance) -> Array	RobloxScriptSecurity	RobloxScriptSecurity	Unsafe	
InstanceFileSyncService	GetTooltip	Function	(instance: Instance) -> string?	RobloxScriptSecurity	RobloxScriptSecurity	Unsafe	
InstanceFileSyncService	StatusChanged	Event	(instance: Instance, status: InstanceFileSyncStatus)	PluginSecurity	PluginSecurity	Unsafe	
InstanceFileSyncService	SyncingCollaboratorsChanged	Event	(instance: Instance)	RobloxScriptSecurity	RobloxScriptSecurity	Unsafe	
IntConstrainedValue	Changed	Event	(value: int64)	None	None	Unsafe	
IntConstrainedValue	ConstrainedValue	Property	int64	None	None	ReadSafe	hidden,notreplicated
IntConstrainedValue	MaxValue	Property	int64	None	None	ReadSafe	sim
IntConstrainedValue	MinValue	Property	int64	None	None	ReadSafe	sim
IntConstrainedValue	Value	Property	int64	None	None	ReadSafe	notreplicated,sim
IntConstrainedValue	changed	Event	(value: int64)	None	None	Unsafe	deprecated,prefer=Changed
IntConstrainedValue	value	Property	int64	None	None	ReadSafe	hidden,notscriptable
IntValue	Changed	Event	(value: int64)	None	None	Unsafe	
IntValue	Value	Property	int64	None	None	ReadSafe	sim
IntValue	changed	Event	(value: int64)	None	None	Unsafe	deprecated,prefer=Changed
InternalSyncItem	AutoSync	Property	bool	RobloxScriptSecurity	RobloxScriptSecurity	ReadSafe	notreplicated
InternalSyncItem	Enabled	Property	bool	RobloxScriptSecurity	RobloxScriptSecurity	ReadSafe	notreplicated
InternalSyncItem	Path	Property	string	RobloxScriptSecurity	RobloxScriptSecurity	ReadSafe	notreplicated
InternalSyncItem	Target	Property	Instance	RobloxScriptSecurity	RobloxScriptSecurity	ReadSafe	notreplicated
JointInstance	Active	Property	bool	None	None	ReadSafe	readonly,notreplicated,cap=Physics
JointInstance	C0	Property	CFrame	None	None	ReadSafe	cap=Physics
JointInstance	C1	Property	CFrame	None	None	ReadSafe	cap=Physics
JointInstance	Enabled	Property	bool	None	None	ReadSafe	cap=Physics
JointInstance	Part0	Property	BasePart	None	None	ReadSafe	cap=Physics
JointInstance	Part1	Property	BasePart	None	None	ReadSafe	cap=Physics
JointInstance	part1	Property	BasePart	None	None	ReadSafe	hidden,notreplicated,deprecated,prefer=Part1,cap=Physics
JointsService	ClearJoinAfterMoveJoints	Function	() -> ()	None	None	Unsafe	cap=Physics
JointsService	CreateJoinAfterMoveJoints	Function	() -> ()	None	None	Unsafe	cap=Physics
JointsService	SetJoinAfterMoveInstance	Function	(joinInstance: Instance) -> ()	None	None	Unsafe	cap=Physics
JointsService	SetJoinAfterMoveTarget	Function	(joinTarget: Instance) -> ()	None	None	Unsafe	cap=Physics
JointsService	ShowPermissibleJoints	Function	() -> ()	None	None	Unsafe	cap=Physics
Keyframe	AddMarker	Function	(marker: Instance) -> ()	None	None	Unsafe	cap=Animation
Keyframe	AddPose	Function	(pose: Instance) -> ()	None	None	Unsafe	cap=Animation
Keyframe	GetMarkers	Function	() -> Instances	None	None	Unsafe	cap=Animation
Keyframe	GetPoses	Function	() -> Instances	None	None	Unsafe	cap=Animation
Keyframe	RemoveMarker	Function	(marker: Instance) -> ()	None	None	Unsafe	cap=Animation
Keyframe	RemovePose	Function	(pose: Instance) -> ()	None	None	Unsafe	cap=Animation
Keyframe	Time	Property	float	None	None	ReadSafe	cap=Animation
KeyframeMarker	Value	Property	string	None	None	ReadSafe	cap=Animation
KeyframeSequence	AddKeyframe	Function	(keyframe: Instance) -> ()	None	None	Unsafe	cap=Animation
KeyframeSequence	AuthoredHipHeight	Property	float	PluginSecurity	PluginSecurity	ReadSafe	hidden,cap=Animation
KeyframeSequence	GetKeyframes	Function	() -> Instances	None	None	Unsafe	cap=Animation
KeyframeSequence	RemoveKeyframe	Function	(keyframe: Instance) -> ()	None	None	Unsafe	cap=Animation
KeyframeSequenceProvider	GetAnimations	Function	(userId: User) -> Instance	None	None	Unsafe	yields,deprecated,prefer=GetAnimationsAsync,cap=Animation
KeyframeSequenceProvider	GetAnimationsAsync	Function	(userId: User) -> Instance	None	None	Unsafe	yields,cap=Animation
KeyframeSequenceProvider	GetKeyframeSequence	Function	(assetId: ContentId) -> Instance	PluginSecurity	PluginSecurity	Unsafe	deprecated,prefer=GetKeyframeSequenceAsync,cap=Animation
KeyframeSequenceProvider	GetKeyframeSequenceAsync	Function	(assetId: ContentId) -> Instance	None	None	Unsafe	yields,cap=Animation
KeyframeSequenceProvider	GetKeyframeSequenceById	Function	(assetId: int64, useCache: bool) -> Instance	PluginSecurity	PluginSecurity	Unsafe	deprecated,prefer=GetKeyframeSequenceAsync,cap=Animation
KeyframeSequenceProvider	GetMemStats	Function	() -> Dictionary	RobloxScriptSecurity	RobloxScriptSecurity	Unsafe	cap=Animation
KeyframeSequenceProvider	RegisterActiveKeyframeSequence	Function	(keyframeSequence: Instance) -> ContentId	None	None	Unsafe	cap=Animation
KeyframeSequenceProvider	RegisterKeyframeSequence	Function	(keyframeSequence: Instance) -> ContentId	None	None	Unsafe	cap=Animation
LanguageService	GetCapabilitiesUsedInPackageAsync	Function	(instances: Instances) -> Dictionary	None	None	Unsafe	yields,undocumented
LayerCollector	Enabled	Property	bool	None	None	ReadSafe	cap=UI
LayerCollector	GetGuiObjectsAtPosition	Function	(x: int, y: int) -> Instances	RobloxScriptSecurity	RobloxScriptSecurity	Unsafe	cap=UI
LayerCollector	GetLayoutNodeTree	Function	() -> Dictionary	None	None	Unsafe	deprecated,cap=UI
LayerCollector	ResetOnSpawn	Property	bool	None	None	ReadSafe	cap=UI
LayerCollector	TabKeyboardNavigation	Property	bool	RobloxScriptSecurity	RobloxScriptSecurity	ReadSafe	hidden,notreplicated,cap=UI
LayerCollector	ZIndexBehavior	Property	ZIndexBehavior	None	None	ReadSafe	cap=UI
Light	Brightness	Property	float	None	None	ReadSafe	cap=Basic
Light	Color	Property	Color3	None	None	ReadSafe	cap=Basic
Light	Enabled	Property	bool	None	None	ReadSafe	cap=Basic
Light	Shadows	Property	bool	None	None	ReadSafe	cap=Basic
Lighting	Ambient	Property	Color3	None	None	ReadSafe	cap=Environment
Lighting	Brightness	Property	float	None	None	ReadSafe	cap=Environment
Lighting	ClockTime	Property	float	None	None	ReadSafe	notreplicated,cap=Environment
Lighting	ColorShift_Bottom	Property	Color3	None	None	ReadSafe	cap=Environment
Lighting	ColorShift_Top	Property	Color3	None	None	ReadSafe	cap=Environment
Lighting	EnvironmentDiffuseScale	Property	float	None	None	ReadSafe	cap=Environment
Lighting	EnvironmentSpecularScale	Property	float	None	None	ReadSafe	cap=Environment
Lighting	ExposureCompensation	Property	float	None	None	ReadSafe	cap=Environment
Lighting	ExtendLightRangeTo120	Property	RolloutState	None	None	ReadSafe	notscriptable,cap=Environment
Lighting	FogColor	Property	Color3	None	None	ReadSafe	cap=Environment
Lighting	FogEnd	Property	float	None	None	ReadSafe	cap=Environment
Lighting	FogStart	Property	float	None	None	ReadSafe	cap=Environment
Lighting	GeographicLatitude	Property	float	None	None	ReadSafe	cap=Environment
Lighting	GetMinutesAfterMidnight	Function	() -> double	None	None	Safe	cap=Environment
Lighting	GetMoonDirection	Function	() -> Vector3	None	None	Safe	cap=Environment
Lighting	GetMoonPhase	Function	() -> float	None	None	Unsafe	cap=Environment
Lighting	GetSunDirection	Function	() -> Vector3	None	None	Safe	cap=Environment
Lighting	GlobalShadows	Property	bool	None	None	ReadSafe	cap=Environment
Lighting	LightingChanged	Event	(skyChanged: bool)	None	None	Unsafe	cap=Environment
Lighting	LightingStyle	Property	LightingStyle	None	None	ReadSafe	write:plugin-only,cap=Environment
Lighting	OutdoorAmbient	Property	Color3	None	None	ReadSafe	cap=Environment
Lighting	Outlines	Property	bool	None	None	ReadSafe	deprecated,cap=Environment
Lighting	PrioritizeLightingQuality	Property	bool	None	None	ReadSafe	write:plugin-only,cap=Environment
Lighting	SetMinutesAfterMidnight	Function	(minutes: double) -> ()	None	None	Unsafe	cap=Environment
Lighting	ShadowColor	Property	Color3	None	None	ReadSafe	notreplicated,deprecated,cap=Environment
Lighting	ShadowSoftness	Property	float	None	None	ReadSafe	cap=Environment
Lighting	Technology	Property	Technology	RobloxScriptSecurity	RobloxScriptSecurity	ReadSafe	cap=Environment
Lighting	TimeOfDay	Property	string	None	None	ReadSafe	cap=Environment
Lighting	getMinutesAfterMidnight	Function	() -> double	None	None	Unsafe	deprecated,prefer=GetMinutesAfterMidnight,cap=Environment
Lighting	setMinutesAfterMidnight	Function	(minutes: double) -> ()	None	None	Unsafe	deprecated,prefer=SetMinutesAfterMidnight,cap=Environment
LineForce	ApplyAtCenterOfMass	Property	bool	None	None	ReadSafe	sim,cap=Physics
LineForce	InverseSquareLaw	Property	bool	None	None	ReadSafe	sim,cap=Physics
LineForce	Magnitude	Property	float	None	None	ReadSafe	sim,cap=Physics
LineForce	MaxForce	Property	float	None	None	ReadSafe	sim,cap=Physics
LineForce	ReactionForceEnabled	Property	bool	None	None	ReadSafe	sim,cap=Physics
LineHandleAdornment	Length	Property	float	None	None	ReadSafe	cap=Basic|UI
LineHandleAdornment	Thickness	Property	float	None	None	ReadSafe	cap=Basic|UI
LinearVelocity	ForceLimitMode	Property	ForceLimitMode	None	None	ReadSafe	sim,cap=Physics
LinearVelocity	ForceLimitsEnabled	Property	bool	None	None	ReadSafe	sim,cap=Physics
LinearVelocity	LineDirection	Property	Vector3	None	None	ReadSafe	sim,cap=Physics
LinearVelocity	LineVelocity	Property	float	None	None	ReadSafe	sim,cap=Physics
LinearVelocity	MaxAxesForce	Property	Vector3	None	None	ReadSafe	sim,cap=Physics
LinearVelocity	MaxForce	Property	float	None	None	ReadSafe	sim,cap=Physics
LinearVelocity	MaxPlanarAxesForce	Property	Vector2	None	None	ReadSafe	sim,cap=Physics
LinearVelocity	PlaneVelocity	Property	Vector2	None	None	ReadSafe	sim,cap=Physics
LinearVelocity	PrimaryTangentAxis	Property	Vector3	None	None	ReadSafe	sim,cap=Physics
LinearVelocity	ReactionForceEnabled	Property	bool	None	None	ReadSafe	sim,cap=Physics
LinearVelocity	RelativeTo	Property	ActuatorRelativeTo	None	None	ReadSafe	sim,cap=Physics
LinearVelocity	SecondaryTangentAxis	Property	Vector3	None	None	ReadSafe	sim,cap=Physics
LinearVelocity	VectorVelocity	Property	Vector3	None	None	ReadSafe	sim,cap=Physics
LinearVelocity	VelocityConstraintMode	Property	VelocityConstraintMode	None	None	ReadSafe	sim,cap=Physics
LinkingService	DetectUrl	Function	(url: string) -> ()	RobloxScriptSecurity	RobloxScriptSecurity	Unsafe	
LinkingService	GetAndClearLastPendingUrl	Function	() -> Dictionary	RobloxScriptSecurity	RobloxScriptSecurity	Unsafe	
LinkingService	GetLastLuaUrl	Function	() -> string?	RobloxScriptSecurity	RobloxScriptSecurity	Unsafe	
LinkingService	IsUrlRegistered	Function	(url: string) -> bool	RobloxScriptSecurity	RobloxScriptSecurity	Unsafe	
LinkingService	OnLuaUrl	Event	(url: string, matchedUrl: string, attributionUrl: string?)	RobloxScriptSecurity	RobloxScriptSecurity	Unsafe	
LinkingService	OpenUrl	Function	(url: string) -> bool	RobloxScriptSecurity	RobloxScriptSecurity	Unsafe	yields
LinkingService	RegisterLuaUrl	Function	(url: string) -> ()	RobloxScriptSecurity	RobloxScriptSecurity	Unsafe	
LinkingService	StartLuaUrlDelivery	Function	() -> Dictionary?	RobloxScriptSecurity	RobloxScriptSecurity	Unsafe	
LinkingService	StopLuaUrlDelivery	Function	() -> ()	RobloxScriptSecurity	RobloxScriptSecurity	Unsafe	
LinkingService	SupportsSwitchToSettingsApp	Function	() -> bool	RobloxScriptSecurity	RobloxScriptSecurity	Unsafe	yields
LinkingService	SwitchToSettingsApp	Function	(route: string?) -> ()	RobloxScriptSecurity	RobloxScriptSecurity	Unsafe	yields
LiveScriptingService	BeginEdit	Event	(id: int64, guid: string)	RobloxSecurity	RobloxSecurity	Unsafe	hidden
LiveScriptingService	BeginEditWithUri	Event	(id: int64, uri: string)	RobloxSecurity	RobloxSecurity	Unsafe	hidden
LiveScriptingService	BroadcastMessage	Event	(message: string, type: LiveEditingBroadcastMessageType)	RobloxSecurity	RobloxSecurity	Unsafe	hidden
LiveScriptingService	EndEdit	Event	(id: int64)	RobloxSecurity	RobloxSecurity	Unsafe	hidden
LiveScriptingService	FailedToOpen	Event	(id: int64, legalToOpenLocal: bool)	RobloxSecurity	RobloxSecurity	Unsafe	hidden
LiveScriptingService	KickFromEdit	Event	(id: int64, msg: string)	RobloxSecurity	RobloxSecurity	Unsafe	hidden
LiveScriptingService	LiveEditingClientConfiguration	Event	(serializedConfig: string)	RobloxSecurity	RobloxSecurity	Unsafe	hidden
LiveScriptingService	OpenedWithSource	Event	(id: int64, source: string)	RobloxSecurity	RobloxSecurity	Unsafe	hidden
LiveScriptingService	SendAtomicOperation	Event	(requestId: int, guid: string, op: string, hash: string)	RobloxSecurity	RobloxSecurity	Unsafe	hidden
LiveScriptingService	SendAtomicOperationWithUri	Event	(requestId: int, uri: string, op: string, hash: string)	RobloxSecurity	RobloxSecurity	Unsafe	hidden
LiveScriptingService	SendAtomicUpdateResponse	Event	(guid: int, response: LiveEditingAtomicUpdateResponse)	RobloxSecurity	RobloxSecurity	Unsafe	hidden
LiveScriptingService	SendOperation	Event	(id: int64, op: string)	RobloxSecurity	RobloxSecurity	Unsafe	hidden
LiveScriptingService	ServerLiveEditingMode	Property	ServerLiveEditingMode	None	None	ReadSafe	hidden,notscriptable
LiveSyncService	GetSyncState	Function	(instance: Instance) -> Tuple	None	None	Unsafe	undocumented
LiveSyncService	HasSyncedInstances	Property	bool	None	None	ReadSafe	readonly,notreplicated,undocumented
LiveSyncService	SyncStatusChanged	Event	(instance: Instance)	None	None	Unsafe	undocumented
LocalStorageService	Flush	Function	() -> ()	RobloxScriptSecurity	RobloxScriptSecurity	Unsafe	
LocalStorageService	GetItem	Function	(key: string) -> string	RobloxScriptSecurity	RobloxScriptSecurity	Unsafe	
LocalStorageService	ItemWasSet	Event	(key: string, value: string)	RobloxScriptSecurity	RobloxScriptSecurity	Unsafe	
LocalStorageService	SetItem	Function	(key: string, value: string) -> ()	RobloxScriptSecurity	RobloxScriptSecurity	Unsafe	
LocalStorageService	StoreWasCleared	Event	()	RobloxScriptSecurity	RobloxScriptSecurity	Unsafe	
LocalStorageService	WhenLoaded	Function	(callback: Function) -> ()	RobloxScriptSecurity	RobloxScriptSecurity	Unsafe	
LocalizationService	AutoTranslateWillRun	Event	()	RobloxScriptSecurity	RobloxScriptSecurity	Unsafe	cap=Basic
LocalizationService	DynamicTranslationServerToClientResponse	Event	(entries: Tuple)	RobloxSecurity	RobloxSecurity	Unsafe	hidden,cap=Basic
LocalizationService	ForcePlayModeGameLocaleId	Property	string	LocalUserSecurity	LocalUserSecurity	ReadSafe	hidden,notreplicated,cap=Basic
LocalizationService	ForcePlayModeRobloxLocaleId	Property	string	LocalUserSecurity	LocalUserSecurity	ReadSafe	hidden,notreplicated,cap=Basic
LocalizationService	GameSourceLanguageId	Property	string	None	None	ReadSafe	hidden,notscriptable,cap=Basic
LocalizationService	GetCorescriptLocalizations	Function	() -> Instances	None	None	Unsafe	cap=Basic
LocalizationService	GetCountryRegionForPlayerAsync	Function	(player: Instance) -> string	None	None	Unsafe	yields,cap=Basic
LocalizationService	GetIsLoadingInternalTranslations	Function	() -> bool	RobloxScriptSecurity	RobloxScriptSecurity	Unsafe	cap=Basic
LocalizationService	GetTableEntries	Function	(instance: Instance = nil) -> Array	None	None	Unsafe	cap=Basic
LocalizationService	GetTranslatorForLocaleAsync	Function	(locale: string) -> Instance	None	None	Unsafe	yields,cap=Basic
LocalizationService	GetTranslatorForPlayer	Function	(player: Instance) -> Instance	None	None	Unsafe	deprecated,prefer=GetTranslatorForPlayerAsync,cap=Basic
LocalizationService	GetTranslatorForPlayerAsync	Function	(player: Instance) -> Instance	None	None	Unsafe	yields,cap=Basic
LocalizationService	IsImageCaptureEnabled	Property	bool	RobloxScriptSecurity	RobloxScriptSecurity	ReadSafe	hidden,notscriptable,cap=Basic
LocalizationService	IsLoadingInternalTranslationsSettingChanged	Function	(newIsLoadingInternalTranslations: bool) -> ()	RobloxScriptSecurity	RobloxScriptSecurity	Unsafe	cap=Basic
LocalizationService	IsTextScraperRunning	Property	bool	RobloxScriptSecurity	RobloxScriptSecurity	ReadSafe	hidden,cap=Basic
LocalizationService	LocaleManifest	Property	string	None	None	ReadSafe	hidden,notscriptable,cap=Basic
LocalizationService	PromptDownloadGameTableToCSV	Function	(table: Instance) -> ()	RobloxScriptSecurity	RobloxScriptSecurity	Unsafe	yields,cap=Basic
LocalizationService	PromptExportToCSVs	Function	() -> ()	RobloxScriptSecurity	RobloxScriptSecurity	Unsafe	yields,cap=Basic
LocalizationService	PromptImportFromCSVs	Function	() -> ()	RobloxScriptSecurity	RobloxScriptSecurity	Unsafe	yields,cap=Basic
LocalizationService	PromptUploadCSVToGameTable	Function	() -> Instance	RobloxScriptSecurity	RobloxScriptSecurity	Unsafe	yields,cap=Basic
LocalizationService	RobloxForcePlayModeGameLocaleId	Property	string	RobloxScriptSecurity	RobloxScriptSecurity	ReadSafe	hidden,notreplicated,cap=Basic
LocalizationService	RobloxForcePlayModeRobloxLocaleId	Property	string	RobloxScriptSecurity	RobloxScriptSecurity	ReadSafe	hidden,notreplicated,cap=Basic
LocalizationService	RobloxLocaleId	Property	string	None	None	ReadSafe	readonly,notreplicated,cap=Basic
LocalizationService	SetRobloxLocaleId	Function	(locale: string) -> ()	RobloxScriptSecurity	RobloxScriptSecurity	Unsafe	cap=Basic
LocalizationService	ShouldUseCloudTable	Property	bool	RobloxScriptSecurity	RobloxScriptSecurity	ReadSafe	hidden,notscriptable,cap=Basic
LocalizationService	ShouldUseImageLocalizationTable	Property	bool	RobloxScriptSecurity	RobloxScriptSecurity	ReadSafe	hidden,notscriptable,cap=Basic
LocalizationService	StartTextScraper	Function	() -> ()	RobloxScriptSecurity	RobloxScriptSecurity	Unsafe	cap=Basic
LocalizationService	StopTextScraper	Function	() -> ()	RobloxScriptSecurity	RobloxScriptSecurity	Unsafe	cap=Basic
LocalizationService	SystemLocaleId	Property	string	None	None	ReadSafe	readonly,notreplicated,cap=Basic
LocalizationService	TextScraperClientMessageWithPlayerSignal	Event	(version: int, player: Instance, message: Tuple)	RobloxSecurity	RobloxSecurity	Unsafe	hidden,cap=Basic
LocalizationTable	Contents	Property	string	None	None	ReadSafe	hidden,notscriptable,cap=Basic
LocalizationTable	DevelopmentLanguage	Property	string	None	None	ReadSafe	hidden,notreplicated,deprecated,prefer=SourceLocaleId,cap=Basic
LocalizationTable	GetContents	Function	() -> string	None	None	Unsafe	deprecated,prefer=GetEntries,cap=Basic
LocalizationTable	GetEntries	Function	() -> Array	None	None	Unsafe	cap=Basic
LocalizationTable	GetString	Function	(targetLocaleId: string, key: string) -> string	None	None	Unsafe	deprecated,prefer=GetTranslator,cap=Basic
LocalizationTable	GetTranslator	Function	(localeId: string) -> Instance	None	None	Unsafe	cap=Basic
LocalizationTable	IsExemptFromUGCAnalytics	Property	bool	None	None	ReadSafe	hidden,notscriptable,cap=Basic
LocalizationTable	RemoveEntry	Function	(key: string, source: string, context: string) -> ()	None	None	Unsafe	cap=Basic
LocalizationTable	RemoveEntryValue	Function	(key: string, source: string, context: string, localeId: string) -> ()	None	None	Unsafe	cap=Basic
LocalizationTable	RemoveKey	Function	(key: string) -> ()	None	None	Unsafe	deprecated,prefer=RemoveEntry,cap=Basic
LocalizationTable	RemoveTargetLocale	Function	(localeId: string) -> ()	None	None	Unsafe	cap=Basic
LocalizationTable	Root	Property	Instance	None	None	ReadSafe	hidden,notreplicated,deprecated,prefer=RootLocalizationTable,cap=Basic
LocalizationTable	SetContents	Function	(contents: string) -> ()	None	None	Unsafe	deprecated,prefer=SetEntries,cap=Basic
LocalizationTable	SetEntries	Function	(entries: Variant) -> ()	None	None	Unsafe	cap=Basic
LocalizationTable	SetEntry	Function	(key: string, targetLocaleId: string, text: string) -> ()	None	None	Unsafe	deprecated,prefer=SetEntryValue,cap=Basic
LocalizationTable	SetEntryContext	Function	(key: string, source: string, context: string, newContext: string) -> ()	None	None	Unsafe	cap=Basic
LocalizationTable	SetEntryExample	Function	(key: string, source: string, context: string, example: string) -> ()	None	None	Unsafe	cap=Basic
LocalizationTable	SetEntryKey	Function	(key: string, source: string, context: string, newKey: string) -> ()	None	None	Unsafe	cap=Basic
LocalizationTable	SetEntrySource	Function	(key: string, source: string, context: string, newSource: string) -> ()	None	None	Unsafe	cap=Basic
LocalizationTable	SetEntryValue	Function	(key: string, source: string, context: string, localeId: string, text: string) -> ()	None	None	Unsafe	cap=Basic
LocalizationTable	SetIsExemptFromUGCAnalytics	Function	(value: bool) -> ()	RobloxScriptSecurity	RobloxScriptSecurity	Unsafe	cap=Basic
LocalizationTable	SourceLocaleId	Property	string	None	None	ReadSafe	cap=Basic
LodDataEntity	EntityData	Property	SharedString	None	None	ReadSafe	hidden,notscriptable
LodDataEntity	EntityLodEnabled	Property	bool	None	None	ReadSafe	hidden,notreplicated
LodDataEntity	EntityModelSize	Property	Vector3	RobloxSecurity	RobloxSecurity	ReadSafe	hidden,notscriptable
LodDataEntity	EntityPosition	Property	CFrame	None	None	ReadSafe	hidden,notscriptable
LodDataEntity	EntityScale	Property	Vector3	None	None	ReadSafe	hidden,notscriptable
LodDataEntity	EntitySource	Property	Instance	None	None	ReadSafe	hidden,notscriptable
LodDataEntity	EntityVisible	Property	bool	RobloxSecurity	RobloxSecurity	ReadSafe	hidden,notscriptable
LodDataEntity	IsSlimEnabled	Property	bool	None	None	ReadSafe	hidden,notscriptable
LodDataEntity	SlimAnimationSource	Property	SlimAnimationDataEntity	None	None	ReadSafe	hidden,notscriptable
LodDataEntity	SlimReplicationTimestampSec	Property	double	None	None	ReadSafe	hidden,notscriptable
LodDataEntity	TranscoderFailureReason	Property	string	RobloxSecurity	RobloxSecurity	ReadSafe	hidden,notscriptable
LodDataEntity	TranscoderStatus	Property	SlimTranscoderStatus	RobloxSecurity	RobloxSecurity	ReadSafe	hidden,notscriptable
LodDataService	RequestTranscoderStatusTracking	Event	(enabled: bool)	RobloxSecurity	RobloxSecurity	Unsafe	hidden
LogReporterService	ReportLog	Function	(fingerprint: string, uuid: string, desc: string, attributes: Dictionary, annotations: Dictionary) -> bool	RobloxScriptSecurity	RobloxScriptSecurity	Unsafe	
LogReporterService	ReportMultipleLogs	Function	(fingerprint: string, uuid: string, desc: string, attributes: Dictionary, annotations: Dictionary, numLogs: int) -> bool	RobloxScriptSecurity	RobloxScriptSecurity	Unsafe	
LogReporterService	SubmitStratusBugReport	Function	(description: string, username: string) -> bool	RobloxScriptSecurity	RobloxScriptSecurity	Unsafe	
LogService	ClearOutput	Function	() -> ()	None	None	Unsafe	cap=Logging
LogService	Error	Function	(message: string, context: Dictionary = nil) -> ()	None	None	Unsafe	customluastate,cap=Logging
LogService	ExecuteScript	Function	(source: string) -> ()	RobloxScriptSecurity	RobloxScriptSecurity	Unsafe	cap=Logging
LogService	GetHttpResultHistory	Function	() -> Array	RobloxScriptSecurity	RobloxScriptSecurity	Unsafe	cap=Logging
LogService	GetLogHistory	Function	() -> Array	None	None	Unsafe	cap=Logging
LogService	GetLogHistoryAsync	Function	(user: User) -> Array	None	None	Unsafe	yields,cap=Logging,undocumented
LogService	GetLogger	Function	(name: string) -> Logger	None	None	Unsafe	customluastate,cap=Logging,undocumented
LogService	HttpResultOut	Event	(httpResult: Dictionary)	RobloxScriptSecurity	RobloxScriptSecurity	Unsafe	cap=Logging
LogService	Info	Function	(message: string, context: Dictionary = nil) -> ()	None	None	Unsafe	customluastate,cap=Logging
LogService	Log	Function	(messageType: MessageType, message: string, context: Dictionary = nil) -> ()	None	None	Unsafe	customluastate,cap=Logging
LogService	MessageOut	Event	(message: string, messageType: MessageType, context: Dictionary)	None	None	Unsafe	cap=Logging
LogService	OnHttpResultApproved	Event	(isApproved: bool)	RobloxScriptSecurity	RobloxScriptSecurity	Unsafe	cap=Logging
LogService	Output	Function	(message: string, context: Dictionary = nil) -> ()	None	None	Unsafe	customluastate,cap=Logging
LogService	RequestHttpResultApproved	Function	() -> ()	RobloxScriptSecurity	RobloxScriptSecurity	Unsafe	cap=Logging
LogService	RequestHttpResultApprovedSignal	Event	(requestingPlayer: Instance)	RobloxSecurity	RobloxSecurity	Unsafe	hidden,cap=Logging
LogService	RequestScriptExecutionSignal	Event	(requestingPlayer: Instance, source: string)	RobloxSecurity	RobloxSecurity	Unsafe	hidden,cap=Logging
LogService	RequestServerHttpResult	Function	() -> ()	RobloxScriptSecurity	RobloxScriptSecurity	Unsafe	cap=Logging
LogService	RequestServerHttpResultSignal	Event	(requestingPlayer: Instance)	RobloxSecurity	RobloxSecurity	Unsafe	hidden,cap=Logging
LogService	RequestServerOutput	Function	() -> ()	RobloxScriptSecurity	RobloxScriptSecurity	Unsafe	cap=Logging
LogService	RequestServerOutputSignal	Event	(requestingPlayer: Instance)	RobloxSecurity	RobloxSecurity	Unsafe	hidden,cap=Logging
LogService	RequestSettingsChange	Event	(requestingPlayer: Instance, expressivePrinting: bool)	RobloxSecurity	RobloxSecurity	Unsafe	hidden,cap=Logging
LogService	ServerContextOut	Event	(contextData: Dictionary)	RobloxScriptSecurity	RobloxScriptSecurity	Unsafe	cap=Logging
LogService	ServerHttpResultOut	Event	(httpResult: Dictionary)	RobloxScriptSecurity	RobloxScriptSecurity	Unsafe	cap=Logging
LogService	ServerMessageOut	Event	(message: string, messageType: MessageType, timestamp: double)	RobloxScriptSecurity	RobloxScriptSecurity	Unsafe	cap=Logging
LogService	ServerVariantMessageOut	Event	(data: Dictionary)	RobloxSecurity	RobloxSecurity	Unsafe	hidden,cap=Logging
LogService	Warn	Function	(message: string, context: Dictionary = nil) -> ()	None	None	Unsafe	customluastate,cap=Logging
Logger	Error	Function	(message: string, context: Dictionary = nil) -> ()	None	None	Unsafe	customluastate,cap=Logging,undocumented
Logger	FullPath	Property	string	None	None	ReadSafe	readonly,notreplicated,cap=Logging,undocumented
Logger	GetLogger	Function	(name: string) -> Logger	None	None	Unsafe	customluastate,cap=Logging,undocumented
Logger	Info	Function	(message: string, context: Dictionary = nil) -> ()	None	None	Unsafe	customluastate,cap=Logging,undocumented
Logger	Log	Function	(messageType: MessageType, message: string, context: Dictionary = nil) -> ()	None	None	Unsafe	customluastate,cap=Logging,undocumented
Logger	MessageOut	Event	(message: string, messageType: MessageType, context: Dictionary)	None	None	Unsafe	cap=Logging,undocumented
Logger	Name	Property	string	None	None	ReadSafe	readonly,notreplicated,cap=Logging,undocumented
Logger	Output	Function	(message: string, context: Dictionary = nil) -> ()	None	None	Unsafe	customluastate,cap=Logging,undocumented
Logger	Warn	Function	(message: string, context: Dictionary = nil) -> ()	None	None	Unsafe	customluastate,cap=Logging,undocumented
LoginService	LoginFailed	Event	(loginError: string)	RobloxSecurity	RobloxSecurity	Unsafe	
LoginService	LoginSucceeded	Event	(username: string)	RobloxSecurity	RobloxSecurity	Unsafe	
LoginService	Logout	Function	() -> ()	RobloxSecurity	RobloxSecurity	Unsafe	
LoginService	PromptLogin	Function	() -> ()	RobloxSecurity	RobloxSecurity	Unsafe	
LuaSourceContainer	CachedRemoteSource	Property	ProtectedString	None	None	ReadSafe	hidden,notscriptable
LuaSourceContainer	CachedRemoteSourceLoadState	Property	int	None	None	ReadSafe	hidden,notscriptable
LuaSourceContainer	HasAssociatedDrafts	Property	bool	RobloxSecurity	RobloxSecurity	ReadSafe	hidden,notscriptable
LuaSourceContainer	IsDifferentFromFileSystem	Property	bool	RobloxSecurity	RobloxSecurity	ReadSafe	hidden,notreplicated,notscriptable
LuaSourceContainer	SandboxedSource	Property	ProtectedString	RobloxSecurity	RobloxSecurity	ReadSafe	hidden,notreplicated,notscriptable
LuaSourceContainer	ScriptGuid	Property	string	None	None	ReadSafe	hidden,notscriptable
LuaSourceContainer	isPlayerScript	Property	bool	RobloxSecurity	RobloxSecurity	ReadSafe	hidden,notscriptable
LuauExpression	Evaluate	Function	(args: Dictionary) -> Dictionary	RobloxScriptSecurity	RobloxScriptSecurity	Unsafe	
LuauExpression	References	Function	(variableName: string) -> bool	RobloxScriptSecurity	RobloxScriptSecurity	Unsafe	
LuauExpressionService	CreateExpression	Function	(code: string) -> Tuple	RobloxScriptSecurity	RobloxScriptSecurity	Unsafe	
MLService	CreateSessionAsync	Function	(assetId: string) -> MLSession	None	None	Unsafe	yields,cap=Basic
MLService	IsPostProcessReady	Function	() -> bool	None	None	Unsafe	cap=Basic|InternalTest,undocumented
MLService	LoadPostProcessModelAsync	Function	(assetId: int64) -> ()	None	None	Unsafe	yields,cap=Basic|InternalTest,undocumented
MLService	SetPostProcessEnabled	Function	(enabled: bool) -> ()	None	None	Unsafe	cap=Basic|InternalTest,undocumented
MLSession	ForwardAsync	Function	(data: Dictionary) -> Dictionary	None	None	Unsafe	yields,cap=Basic
MakeupDescription	AssetId	Property	int64	None	None	ReadSafe	cap=AvatarAppearance
MakeupDescription	GetAppliedInstance	Function	() -> Instance	None	None	Unsafe	cap=AvatarAppearance
MakeupDescription	Instance	Property	Instance	None	None	ReadSafe	cap=AvatarAppearance
MakeupDescription	MakeupType	Property	MakeupType	None	None	ReadSafe	cap=AvatarAppearance
MakeupDescription	Order	Property	int	None	None	ReadSafe	cap=AvatarAppearance
MarkerCurve	GetMarkerAtIndex	Function	(index: int) -> Dictionary	None	None	Unsafe	cap=Animation
MarkerCurve	GetMarkers	Function	() -> Array	None	None	Unsafe	cap=Animation
MarkerCurve	InsertMarkerAtTime	Function	(time: float, marker: string) -> Array	None	None	Unsafe	cap=Animation
MarkerCurve	Length	Property	int	None	None	ReadSafe	readonly,notreplicated,cap=Animation
MarkerCurve	RemoveMarkerAtIndex	Function	(startingIndex: int, count: int = 1) -> int	None	None	Unsafe	cap=Animation
MarkerCurve	ValuesAndTimes	Property	BinaryString	None	None	ReadSafe	hidden,notscriptable,cap=Animation
MarketplaceService	AssetTypePurchased	Event	(player: Instance, assetType: AssetType)	RobloxScriptSecurity	RobloxScriptSecurity	Unsafe	hidden
MarketplaceService	BindReceiptHandler	Function	(transactionType: ReceiptType, handler: Function, filter: Array?) -> RBXScriptConnection	None	None	Unsafe	cap=Monetization
MarketplaceService	ClearProductInfoCaches	Function	() -> ()	RobloxScriptSecurity	RobloxScriptSecurity	Unsafe	
MarketplaceService	ClientLuaDialogRequested	Event	(arguments: Tuple)	RobloxScriptSecurity	RobloxScriptSecurity	Unsafe	
MarketplaceService	ClientPurchaseSuccess	Event	(ticket: string, playerId: int64, productId: int64)	RobloxScriptSecurity	RobloxScriptSecurity	Unsafe	
MarketplaceService	ConfirmPlayerHasRobloxSubscription	Event	()	RobloxScriptSecurity	RobloxScriptSecurity	Unsafe	hidden
MarketplaceService	ConfirmPlayerMembership	Event	()	RobloxScriptSecurity	RobloxScriptSecurity	Unsafe	hidden
MarketplaceService	ConfirmUserSubscriptionPurchase	Event	(subscriptionId: string)	RobloxSecurity	RobloxSecurity	Unsafe	hidden
MarketplaceService	GetAvailableSubscriptionProductsAsync	Function	(productType: string) -> Array	RobloxScriptSecurity	RobloxScriptSecurity	Unsafe	yields
MarketplaceService	GetDeveloperProductsAsync	Function	() -> Instance	None	None	Unsafe	yields,cap=AssetRead
MarketplaceService	GetProductInfo	Function	(assetId: int64, infoType: InfoType = Asset) -> Dictionary	None	None	Unsafe	yields,deprecated,prefer=GetProductInfoAsync,cap=AssetRead
MarketplaceService	GetProductInfoAsync	Function	(assetId: int64, infoType: InfoType = Asset) -> Dictionary	None	None	Unsafe	yields,cap=AssetRead
MarketplaceService	GetRobloxSubscriptionDetailsAsync	Function	(user: Player) -> Dictionary	None	None	Unsafe	yields,cap=Monetization
MarketplaceService	GetRobuxBalance	Function	() -> int	RobloxScriptSecurity	RobloxScriptSecurity	Unsafe	yields
MarketplaceService	GetSubscriptionProductInfoAsync	Function	(subscriptionId: string) -> Dictionary	None	None	Unsafe	yields,cap=AssetRead
MarketplaceService	GetSubscriptionPurchaseInfoAsync	Function	(subscriptionId: string) -> Dictionary	RobloxScriptSecurity	RobloxScriptSecurity	Unsafe	yields
MarketplaceService	GetUserSubscriptionDetailsAsync	Function	(user: Player, subscriptionId: string) -> Dictionary	None	None	Unsafe	yields,cap=Monetization
MarketplaceService	GetUserSubscriptionDetailsInternalAsync	Function	(subscriptionId: string) -> Dictionary	RobloxScriptSecurity	RobloxScriptSecurity	Unsafe	yields
MarketplaceService	GetUserSubscriptionPaymentHistoryAsync	Function	(user: Player, subscriptionId: string) -> Array	None	None	Unsafe	yields,cap=Monetization
MarketplaceService	GetUserSubscriptionStatusAsync	Function	(user: Player, subscriptionId: string) -> Dictionary	None	None	Unsafe	yields,cap=Monetization
MarketplaceService	GetUsersPriceLevelsAsync	Function	(userIds: Array) -> Array	None	None	Unsafe	yields,cap=Monetization
MarketplaceService	IsPurchaseSimulated	Function	() -> bool	RobloxScriptSecurity	RobloxScriptSecurity	Unsafe	
MarketplaceService	LuaDialogCallbackSignal	Event	(value: bool, player: Instance)	RobloxScriptSecurity	RobloxScriptSecurity	Unsafe	hidden
MarketplaceService	MockConfirmUserSubscriptionPurchase	Event	(userId: int64, subscriptionId: string)	RobloxSecurity	RobloxSecurity	Unsafe	hidden
MarketplaceService	MockPurchasePremium	Event	()	RobloxScriptSecurity	RobloxScriptSecurity	Unsafe	hidden
MarketplaceService	MockPurchaseRobloxSubscription	Event	()	RobloxScriptSecurity	RobloxScriptSecurity	Unsafe	hidden
MarketplaceService	NativePurchaseFinished	Event	(player: Instance, productId: string, wasPurchased: bool)	RobloxScriptSecurity	RobloxScriptSecurity	Unsafe	
MarketplaceService	NativePurchaseFinishedV2	Event	(player: Instance, productId: string, wasPurchased: bool, checkoutSessionId: string)	RobloxScriptSecurity	RobloxScriptSecurity	Unsafe	
MarketplaceService	NativePurchaseFinishedWithLocalPlayer	Event	(productId: string, wasPurchased: bool)	RobloxScriptSecurity	RobloxScriptSecurity	Unsafe	
MarketplaceService	NativePurchaseFinishedWithLocalPlayerV2	Event	(productId: string, wasPurchased: bool, checkoutSessionId: string)	RobloxScriptSecurity	RobloxScriptSecurity	Unsafe	
MarketplaceService	OpenShop	Function	(player: Player) -> ()	None	None	Unsafe	cap=PromptExternalPurchase
MarketplaceService	OpenShopRequested	Event	(player: Player)	RobloxScriptSecurity	RobloxScriptSecurity	Unsafe	
MarketplaceService	PerformBulkPurchase	Function	(orderRequest: Dictionary, options: Dictionary) -> Dictionary	RobloxScriptSecurity	RobloxScriptSecurity	Unsafe	yields
MarketplaceService	PerformCancelSubscription	Function	(subscriptionId: string) -> ()	RobloxScriptSecurity	RobloxScriptSecurity	Unsafe	yields
MarketplaceService	PerformPurchase	Function	(infoType: InfoType, productId: int64, expectedPrice: int, requestId: string, isRobloxPurchase: bool, collectibleItemId: string = , collectibleProductId: string = , idempotencyKey: string = , purchaseAuthToken: string = , timedOptionsDays: int64 = 0, purchasePayload: string = , purchaseOptions: Dictionary = nil) -> Dictionary	RobloxScriptSecurity	RobloxScriptSecurity	Unsafe	yields
MarketplaceService	PerformPurchaseV2	Function	(infoType: InfoType, productId: int64, expectedPrice: int, requestId: string, isRobloxPurchase: bool, collectiblesProductDetails: Dictionary) -> Dictionary	RobloxScriptSecurity	RobloxScriptSecurity	Unsafe	yields
MarketplaceService	PerformSubscriptionPurchase	Function	(subscriptionId: string) -> string	RobloxScriptSecurity	RobloxScriptSecurity	Unsafe	yields
MarketplaceService	PerformSubscriptionPurchaseV2	Function	(subscriptionId: string, paymentProvider: string) -> ()	RobloxScriptSecurity	RobloxScriptSecurity	Unsafe	yields
MarketplaceService	PerformSubscriptionPurchaseV3Async	Function	(productType: string, productId: string, paymentProvider: string, paymentSessionId: string) -> ()	RobloxScriptSecurity	RobloxScriptSecurity	Unsafe	yields
MarketplaceService	PerformSubscriptionPurchaseWithRobuxAsync	Function	(subscriptionId: string, priceInRobux: int) -> ()	RobloxScriptSecurity	RobloxScriptSecurity	Unsafe	yields
MarketplaceService	PlayerCanMakePurchases	Function	(player: Instance) -> bool	RobloxScriptSecurity	RobloxScriptSecurity	Unsafe	
MarketplaceService	PlayerOwnsAsset	Function	(player: Instance, assetId: int64) -> bool	None	None	Unsafe	yields,deprecated,prefer=PlayerOwnsAssetAsync,cap=AssetRead
MarketplaceService	PlayerOwnsAssetAsync	Function	(player: Instance, assetId: int64) -> bool	None	None	Unsafe	yields,cap=AssetRead
MarketplaceService	PlayerOwnsBundle	Function	(player: Player, bundleId: int64) -> bool	None	None	Unsafe	yields,deprecated,prefer=PlayerOwnsBundleAsync,cap=AssetRead
MarketplaceService	PlayerOwnsBundleAsync	Function	(player: Player, bundleId: int64) -> bool	None	None	Unsafe	yields,cap=AssetRead
MarketplaceService	PrepareCollectiblesPurchase	Function	(player: Instance, assetId: int64, collectibleItemId: string, collectibleItemInstanceId: string, collectibleProductId: string, expectedPrice: int) -> ()	RobloxScriptSecurity	RobloxScriptSecurity	Unsafe	
MarketplaceService	PrepareCollectiblesPurchaseRequested	Event	(player: Instance, assetId: int64, collectibleItemId: string, collectibleItemInstanceId: string, collectibleProductId: string, expectedPrice: int)	RobloxScriptSecurity	RobloxScriptSecurity	Unsafe	
MarketplaceService	ProcessReceipt	Callback	(receiptInfo: Dictionary) -> ProductPurchaseDecision	None	None	Unsafe	cap=Monetization
MarketplaceService	PromptBulkPurchase	Function	(player: Player, lineItems: Array, options: Dictionary) -> ()	None	None	Unsafe	cap=PromptExternalPurchase
MarketplaceService	PromptBulkPurchaseFinished	Event	(player: Instance, status: MarketplaceBulkPurchasePromptStatus, results: Dictionary)	None	None	Unsafe	cap=PromptExternalPurchase
MarketplaceService	PromptBulkPurchaseRefreshed	Event	(player: Instance, status: MarketplaceBulkPurchasePromptStatus, response: Dictionary)	RobloxScriptSecurity	RobloxScriptSecurity	Unsafe	
MarketplaceService	PromptBulkPurchaseRequested	Event	(player: Instance, displayData: Array, orderRequest: Dictionary, purchaserRobuxBalance: int64, orderTotalRobux: int64, options: Dictionary)	RobloxScriptSecurity	RobloxScriptSecurity	Unsafe	
MarketplaceService	PromptBulkPurchaseRequestedV2	Event	(player: Instance, displayData: Array, orderRequest: Dictionary, purchaserRobuxBalance: int64, orderTotalRobux: int64, options: Dictionary, discountInformation: Dictionary)	RobloxScriptSecurity	RobloxScriptSecurity	Unsafe	
MarketplaceService	PromptBulkPurchaseRequestedV3	Event	(player: Instance, status: MarketplaceBulkPurchasePromptStatus, response: Dictionary)	RobloxScriptSecurity	RobloxScriptSecurity	Unsafe	
MarketplaceService	PromptBundlePurchase	Function	(player: Instance, bundleId: int64) -> ()	None	None	Unsafe	cap=PromptExternalPurchase
MarketplaceService	PromptBundlePurchaseFinished	Event	(player: Instance, bundleId: int64, wasPurchased: bool)	None	None	Unsafe	cap=PromptExternalPurchase
MarketplaceService	PromptBundlePurchaseRequested	Event	(player: Instance, bundleId: int64)	RobloxScriptSecurity	RobloxScriptSecurity	Unsafe	
MarketplaceService	PromptCancelSubscription	Function	(user: Player, subscriptionId: string) -> ()	None	None	Unsafe	cap=PromptExternalPurchase
MarketplaceService	PromptCancelSubscriptionRequested	Event	(subscriptionId: string)	RobloxScriptSecurity	RobloxScriptSecurity	Unsafe	
MarketplaceService	PromptCollectibleBundlePurchaseRequested	Event	(player: Instance, bundleId: int64, collectibleItemId: string, collectibleItemInstanceId: string, collectibleProductId: string, expectedPrice: int, idempotencyKey: string, purchaseAuthToken: string)	RobloxScriptSecurity	RobloxScriptSecurity	Unsafe	
MarketplaceService	PromptCollectiblesPurchase	Function	(player: Instance, assetId: int64, collectibleItemId: string, collectibleItemInstanceId: string, collectibleProductId: string, expectedPrice: int) -> ()	RobloxScriptSecurity	RobloxScriptSecurity	Unsafe	
MarketplaceService	PromptCollectiblesPurchaseRequested	Event	(player: Instance, assetId: int64, collectibleItemId: string, collectibleItemInstanceId: string, collectibleProductId: string, expectedPrice: int, idempotencyKey: string, purchaseAuthToken: string)	RobloxScriptSecurity	RobloxScriptSecurity	Unsafe	
MarketplaceService	PromptGamePassPurchase	Function	(player: Instance, gamePassId: int64) -> ()	None	None	Unsafe	cap=PromptExternalPurchase
MarketplaceService	PromptGamePassPurchaseFinished	Event	(player: Instance, gamePassId: int64, wasPurchased: bool)	None	None	Unsafe	cap=PromptExternalPurchase
MarketplaceService	PromptGamePassPurchaseRequested	Event	(player: Instance, gamePassId: int64)	RobloxScriptSecurity	RobloxScriptSecurity	Unsafe	
MarketplaceService	PromptNativePurchase	Function	(player: Instance, productId: string) -> ()	RobloxScriptSecurity	RobloxScriptSecurity	Unsafe	
MarketplaceService	PromptNativePurchaseRequested	Event	(player: Instance, productId: string)	RobloxSecurity	RobloxSecurity	Unsafe	hidden
MarketplaceService	PromptNativePurchaseRequestedWithLocalPlayer	Event	(userId: int64, productId: string)	RobloxSecurity	RobloxSecurity	Unsafe	hidden
MarketplaceService	PromptNativePurchaseRequestedWithLocalPlayerWithPaymentSessionId	Event	(userId: int64, productId: string, paymentSessionId: string)	RobloxSecurity	RobloxSecurity	Unsafe	hidden
MarketplaceService	PromptNativePurchaseRequestedWithPaymentSessionId	Event	(player: Instance, productId: string, paymentSessionId: string)	RobloxSecurity	RobloxSecurity	Unsafe	hidden
MarketplaceService	PromptNativePurchaseWithLocalPlayer	Function	(productId: string) -> ()	RobloxScriptSecurity	RobloxScriptSecurity	Unsafe	
MarketplaceService	PromptNativePurchaseWithLocalPlayerWithPaymentSessionId	Function	(productId: string, paymentSessionId: string) -> ()	RobloxScriptSecurity	RobloxScriptSecurity	Unsafe	
MarketplaceService	PromptNativePurchaseWithPaymentSessionId	Function	(player: Instance, productId: string, paymentSessionId: string) -> ()	RobloxScriptSecurity	RobloxScriptSecurity	Unsafe	
MarketplaceService	PromptPremiumPurchase	Function	(player: Instance) -> ()	None	None	Unsafe	deprecated,prefer=PromptRobloxSubscriptionPurchase,cap=PromptExternalPurchase
MarketplaceService	PromptPremiumPurchaseFinished	Event	()	None	None	Unsafe	cap=PromptExternalPurchase
MarketplaceService	PromptPremiumPurchaseRequested	Event	(player: Instance)	RobloxScriptSecurity	RobloxScriptSecurity	Unsafe	
MarketplaceService	PromptProductPurchase	Function	(player: Instance, productId: int64, equipIfPurchased: bool = true, currencyType: CurrencyType = Default) -> ()	None	None	Unsafe	cap=PromptExternalPurchase
MarketplaceService	PromptProductPurchaseFinished	Event	(userId: int64, productId: int64, isPurchased: bool)	None	None	Unsafe	cap=PromptExternalPurchase
MarketplaceService	PromptProductPurchaseRequested	Event	(player: Instance, productId: int64, equipIfPurchased: bool, currencyType: CurrencyType)	RobloxScriptSecurity	RobloxScriptSecurity	Unsafe	
MarketplaceService	PromptPurchase	Function	(player: Instance, assetId: int64, equipIfPurchased: bool = true, currencyType: CurrencyType = Default) -> ()	None	None	Unsafe	cap=PromptExternalPurchase
MarketplaceService	PromptPurchaseFinished	Event	(player: Instance, assetId: int64, isPurchased: bool)	None	None	Unsafe	cap=PromptExternalPurchase
MarketplaceService	PromptPurchaseRequested	Event	(player: Instance, assetId: int64, equipIfPurchased: bool, currencyType: CurrencyType)	RobloxScriptSecurity	RobloxScriptSecurity	Unsafe	
MarketplaceService	PromptPurchaseRequestedV2	Event	(player: Instance, assetId: int64, equipIfPurchased: bool, currencyType: CurrencyType, idempotencyKey: string, purchaseAuthToken: string)	RobloxScriptSecurity	RobloxScriptSecurity	Unsafe	
MarketplaceService	PromptRobloxPurchase	Function	(assetId: int64, equipIfPurchased: bool) -> ()	RobloxScriptSecurity	RobloxScriptSecurity	Unsafe	
MarketplaceService	PromptRobloxPurchaseRequested	Event	(assetId: int64, equipIfPurchased: bool)	RobloxScriptSecurity	RobloxScriptSecurity	Unsafe	
MarketplaceService	PromptRobloxSubscriptionPurchase	Function	(user: Player) -> ()	None	None	Unsafe	cap=PromptExternalPurchase
MarketplaceService	PromptRobloxSubscriptionPurchaseFinished	Event	(user: Player, didTryPurchasing: bool)	None	None	Unsafe	cap=PromptExternalPurchase
MarketplaceService	PromptRobloxSubscriptionPurchaseRequested	Event	()	RobloxScriptSecurity	RobloxScriptSecurity	Unsafe	
MarketplaceService	PromptRobuxTransferAsync	Function	(sender: Player, receiverUserId: int64, amount: int64) -> string	None	None	Unsafe	yields,cap=PromptExternalPurchase
MarketplaceService	PromptRobuxTransferRequested	Event	(player: Instance, jsonResponse: string)	RobloxScriptSecurity	RobloxScriptSecurity	Unsafe	
MarketplaceService	PromptRobuxTransferSubscriptionUpsellRequested	Event	()	RobloxScriptSecurity	RobloxScriptSecurity	Unsafe	
MarketplaceService	PromptSubscriptionPurchase	Function	(user: Player, subscriptionId: string) -> ()	None	None	Unsafe	cap=PromptExternalPurchase
MarketplaceService	PromptSubscriptionPurchaseFinished	Event	(user: Player, subscriptionId: string, didTryPurchasing: bool)	None	None	Unsafe	cap=PromptExternalPurchase
MarketplaceService	PromptSubscriptionPurchaseRequested	Event	(subscriptionId: string)	RobloxScriptSecurity	RobloxScriptSecurity	Unsafe	
MarketplaceService	PromptThirdPartyPurchase	Function	(player: Instance, productId: string) -> ()	LocalUserSecurity	LocalUserSecurity	Unsafe	
MarketplaceService	PromptThirdPartyPurchaseRequested	Event	(player: Instance, productId: string)	RobloxSecurity	RobloxSecurity	Unsafe	hidden
MarketplaceService	RankProductsAsync	Function	(productIdentifiers: Array) -> Array	None	None	Unsafe	yields
MarketplaceService	RecommendTopProductsAsync	Function	(infoTypes: Array) -> Array	None	None	Unsafe	yields
MarketplaceService	RefreshBulkPurchase	Function	(batchPurchaseAuthToken: string, options: Dictionary = nil) -> ()	RobloxScriptSecurity	RobloxScriptSecurity	Unsafe	
MarketplaceService	RefreshBulkPurchaseRequested	Event	(playerId: int64, batchPurchaseAuthToken: string, options: Dictionary)	RobloxScriptSecurity	RobloxScriptSecurity	Unsafe	
MarketplaceService	ReportAssetSale	Function	(assetId: string, robuxAmount: int) -> ()	RobloxScriptSecurity	RobloxScriptSecurity	Unsafe	
MarketplaceService	ReportRobuxUpsellStarted	Function	() -> ()	RobloxScriptSecurity	RobloxScriptSecurity	Unsafe	
MarketplaceService	RobuxTransferCompleted	Event	(userId: int64)	RobloxScriptSecurity	RobloxScriptSecurity	Unsafe	
MarketplaceService	ServerPurchaseVerification	Event	(serverResponseTable: Dictionary)	RobloxScriptSecurity	RobloxScriptSecurity	Unsafe	
MarketplaceService	SignalAssetTypePurchased	Function	(player: Instance, assetType: AssetType) -> ()	RobloxScriptSecurity	RobloxScriptSecurity	Unsafe	
MarketplaceService	SignalCheckPlayerHasRobloxSubscription	Function	() -> ()	RobloxScriptSecurity	RobloxScriptSecurity	Unsafe	
MarketplaceService	SignalClientPurchaseSuccess	Function	(ticket: string, playerId: int64, productId: int64) -> ()	RobloxScriptSecurity	RobloxScriptSecurity	Unsafe	
MarketplaceService	SignalMockPurchasePremium	Function	() -> ()	RobloxScriptSecurity	RobloxScriptSecurity	Unsafe	
MarketplaceService	SignalMockPurchaseRobloxSubscription	Function	() -> ()	RobloxScriptSecurity	RobloxScriptSecurity	Unsafe	
MarketplaceService	SignalPromptBulkPurchaseFinished	Function	(status: MarketplaceBulkPurchasePromptStatus, results: Dictionary) -> ()	RobloxScriptSecurity	RobloxScriptSecurity	Unsafe	
MarketplaceService	SignalPromptBundlePurchaseFinished	Function	(player: Instance, bundleId: int64, success: bool) -> ()	RobloxScriptSecurity	RobloxScriptSecurity	Unsafe	
MarketplaceService	SignalPromptGamePassPurchaseFinished	Function	(player: Instance, gamePassId: int64, success: bool) -> ()	RobloxScriptSecurity	RobloxScriptSecurity	Unsafe	
MarketplaceService	SignalPromptPremiumPurchaseFinished	Function	(didTryPurchasing: bool) -> ()	RobloxScriptSecurity	RobloxScriptSecurity	Unsafe	
MarketplaceService	SignalPromptProductPurchaseFinished	Function	(userId: int64, productId: int64, success: bool) -> ()	RobloxScriptSecurity	RobloxScriptSecurity	Unsafe	
MarketplaceService	SignalPromptPurchaseFinished	Function	(player: Instance, assetId: int64, success: bool) -> ()	RobloxScriptSecurity	RobloxScriptSecurity	Unsafe	
MarketplaceService	SignalPromptRobloxSubscriptionPurchaseFinished	Function	(subscriptionId: string, didTryPurchasing: bool) -> ()	RobloxScriptSecurity	RobloxScriptSecurity	Unsafe	
MarketplaceService	SignalPromptSubscriptionPurchaseFinished	Function	(subscriptionId: string, didTryPurchasing: bool) -> ()	RobloxScriptSecurity	RobloxScriptSecurity	Unsafe	
MarketplaceService	SignalRobuxTransferCompleted	Function	(userId: int64) -> ()	RobloxScriptSecurity	RobloxScriptSecurity	Unsafe	
MarketplaceService	SignalServerLuaDialogClosed	Function	(value: bool) -> ()	RobloxScriptSecurity	RobloxScriptSecurity	Unsafe	
MarketplaceService	SignalUserSubscriptionStatusChanged	Function	(subscriptionId: string) -> ()	RobloxScriptSecurity	RobloxScriptSecurity	Unsafe	
MarketplaceService	ThirdPartyPurchaseFinished	Event	(player: Instance, productId: string, receipt: string, wasPurchased: bool)	LocalUserSecurity	LocalUserSecurity	Unsafe	
MarketplaceService	UserOwnsGamePassAsync	Function	(userId: User, gamePassId: int64) -> bool	None	None	Unsafe	yields,cap=AssetRead
MarketplaceService	UserSubscriptionStatusChanged	Event	(subscriptionId: string)	RobloxScriptSecurity	RobloxScriptSecurity	Unsafe	
MatchmakingService	GetServerAttribute	Function	(name: string) -> Tuple	None	None	Unsafe	cap=Basic
MatchmakingService	InitializeServerAttributesForStudio	Function	(serverAttributes: Dictionary) -> Tuple	None	None	Unsafe	cap=Basic
MatchmakingService	SetServerAttribute	Function	(name: string, value: Variant) -> Tuple	None	None	Unsafe	cap=Basic
MaterialGenerationService	GenerateMaterialVariantsAsync	Function	(prompt: string, samples: int64) -> Dictionary	RobloxScriptSecurity	RobloxScriptSecurity	Unsafe	yields
MaterialImportData	DiffuseFilePath	Property	string	None	None	ReadSafe	undocumented
MaterialImportData	DiffuseVersionedAssetId	Property	int64	None	None	ReadSafe	undocumented
MaterialImportData	EmissiveFilePath	Property	string	None	None	ReadSafe	undocumented
MaterialImportData	EmissiveVersionedAssetId	Property	int64	None	None	ReadSafe	undocumented
MaterialImportData	IsPbr	Property	bool	None	None	ReadSafe	readonly,notreplicated,undocumented
MaterialImportData	MetalnessFilePath	Property	string	None	None	ReadSafe	undocumented
MaterialImportData	MetalnessVersionedAssetId	Property	int64	None	None	ReadSafe	undocumented
MaterialImportData	NormalFilePath	Property	string	None	None	ReadSafe	undocumented
MaterialImportData	NormalVersionedAssetId	Property	int64	None	None	ReadSafe	undocumented
MaterialImportData	RoughnessFilePath	Property	string	None	None	ReadSafe	undocumented
MaterialImportData	RoughnessVersionedAssetId	Property	int64	None	None	ReadSafe	undocumented
MaterialService	AsphaltName	Property	string	RobloxSecurity	RobloxSecurity	ReadSafe	notscriptable,cap=Material
MaterialService	BasaltName	Property	string	RobloxSecurity	RobloxSecurity	ReadSafe	notscriptable,cap=Material
MaterialService	BrickName	Property	string	RobloxSecurity	RobloxSecurity	ReadSafe	notscriptable,cap=Material
MaterialService	CardboardName	Property	string	RobloxSecurity	RobloxSecurity	ReadSafe	notscriptable,cap=Material
MaterialService	CarpetName	Property	string	RobloxSecurity	RobloxSecurity	ReadSafe	notscriptable,cap=Material
MaterialService	CeramicTilesName	Property	string	RobloxSecurity	RobloxSecurity	ReadSafe	notscriptable,cap=Material
MaterialService	ClayRoofTilesName	Property	string	RobloxSecurity	RobloxSecurity	ReadSafe	notscriptable,cap=Material
MaterialService	CobblestoneName	Property	string	RobloxSecurity	RobloxSecurity	ReadSafe	notscriptable,cap=Material
MaterialService	ConcreteName	Property	string	RobloxSecurity	RobloxSecurity	ReadSafe	notscriptable,cap=Material
MaterialService	CorrodedMetalName	Property	string	RobloxSecurity	RobloxSecurity	ReadSafe	notscriptable,cap=Material
MaterialService	CrackedLavaName	Property	string	RobloxSecurity	RobloxSecurity	ReadSafe	notscriptable,cap=Material
MaterialService	DiamondPlateName	Property	string	RobloxSecurity	RobloxSecurity	ReadSafe	notscriptable,cap=Material
MaterialService	FabricName	Property	string	RobloxSecurity	RobloxSecurity	ReadSafe	notscriptable,cap=Material
MaterialService	FoilName	Property	string	RobloxSecurity	RobloxSecurity	ReadSafe	notscriptable,cap=Material
MaterialService	GetBaseMaterialOverride	Function	(material: Material) -> string	None	None	Unsafe	cap=Material
MaterialService	GetIsMaterialActionAsToolEnabled	Function	() -> bool	RobloxScriptSecurity	RobloxScriptSecurity	Unsafe	cap=Material
MaterialService	GetMaterialOverrideChanged	Function	(material: Material) -> RBXScriptSignal	RobloxScriptSecurity	RobloxScriptSecurity	Unsafe	cap=Material
MaterialService	GetMaterialVariant	Function	(material: Material, name: string) -> MaterialVariant	None	None	Unsafe	cap=Material
MaterialService	GetOverrideStatus	Function	(material: Material) -> PropertyStatus	RobloxScriptSecurity	RobloxScriptSecurity	Unsafe	cap=Material
MaterialService	GlacierName	Property	string	RobloxSecurity	RobloxSecurity	ReadSafe	notscriptable,cap=Material
MaterialService	GraniteName	Property	string	RobloxSecurity	RobloxSecurity	ReadSafe	notscriptable,cap=Material
MaterialService	GrassName	Property	string	RobloxSecurity	RobloxSecurity	ReadSafe	notscriptable,cap=Material
MaterialService	GroundName	Property	string	RobloxSecurity	RobloxSecurity	ReadSafe	notscriptable,cap=Material
MaterialService	IceName	Property	string	RobloxSecurity	RobloxSecurity	ReadSafe	notscriptable,cap=Material
MaterialService	LeafyGrassName	Property	string	RobloxSecurity	RobloxSecurity	ReadSafe	notscriptable,cap=Material
MaterialService	LeatherName	Property	string	RobloxSecurity	RobloxSecurity	ReadSafe	notscriptable,cap=Material
MaterialService	LimestoneName	Property	string	RobloxSecurity	RobloxSecurity	ReadSafe	notscriptable,cap=Material
MaterialService	MarbleName	Property	string	RobloxSecurity	RobloxSecurity	ReadSafe	notscriptable,cap=Material
MaterialService	MaterialFillToolEnabledChanged	Event	(shouldEnable: bool)	RobloxScriptSecurity	RobloxScriptSecurity	Unsafe	cap=Material
MaterialService	MetalName	Property	string	RobloxSecurity	RobloxSecurity	ReadSafe	notscriptable,cap=Material
MaterialService	MudName	Property	string	RobloxSecurity	RobloxSecurity	ReadSafe	notscriptable,cap=Material
MaterialService	OverrideStatusChanged	Event	(material: Material)	RobloxScriptSecurity	RobloxScriptSecurity	Unsafe	cap=Material
MaterialService	PavementName	Property	string	RobloxSecurity	RobloxSecurity	ReadSafe	notscriptable,cap=Material
MaterialService	PebbleName	Property	string	RobloxSecurity	RobloxSecurity	ReadSafe	notscriptable,cap=Material
MaterialService	PlasterName	Property	string	RobloxSecurity	RobloxSecurity	ReadSafe	notscriptable,cap=Material
MaterialService	PlasticName	Property	string	RobloxSecurity	RobloxSecurity	ReadSafe	notscriptable,cap=Material
MaterialService	RockName	Property	string	RobloxSecurity	RobloxSecurity	ReadSafe	notscriptable,cap=Material
MaterialService	RoofShinglesName	Property	string	RobloxSecurity	RobloxSecurity	ReadSafe	notscriptable,cap=Material
MaterialService	RubberName	Property	string	RobloxSecurity	RobloxSecurity	ReadSafe	notscriptable,cap=Material
MaterialService	SaltName	Property	string	RobloxSecurity	RobloxSecurity	ReadSafe	notscriptable,cap=Material
MaterialService	SandName	Property	string	RobloxSecurity	RobloxSecurity	ReadSafe	notscriptable,cap=Material
MaterialService	SandstoneName	Property	string	RobloxSecurity	RobloxSecurity	ReadSafe	notscriptable,cap=Material
MaterialService	SetBaseMaterialOverride	Function	(material: Material, name: string) -> ()	None	None	Unsafe	cap=Material
MaterialService	SetCurrentMaterial	Function	(baseMaterial: Material, materialVariant: string) -> ()	RobloxScriptSecurity	RobloxScriptSecurity	Unsafe	cap=Material
MaterialService	SlateName	Property	string	RobloxSecurity	RobloxSecurity	ReadSafe	notscriptable,cap=Material
MaterialService	SmoothPlasticName	Property	string	RobloxSecurity	RobloxSecurity	ReadSafe	notscriptable,cap=Material
MaterialService	SnowName	Property	string	RobloxSecurity	RobloxSecurity	ReadSafe	notscriptable,cap=Material
MaterialService	ToggleMaterialFillToolEnabled	Function	() -> ()	RobloxScriptSecurity	RobloxScriptSecurity	Unsafe	cap=Material
MaterialService	Use2022Materials	Property	bool	RobloxScriptSecurity	RobloxScriptSecurity	ReadSafe	notreplicated,cap=Material
MaterialService	Use2022MaterialsXml	Property	bool	None	None	ReadSafe	hidden,notscriptable,cap=Material
MaterialService	WoodName	Property	string	RobloxSecurity	RobloxSecurity	ReadSafe	notscriptable,cap=Material
MaterialService	WoodPlanksName	Property	string	RobloxSecurity	RobloxSecurity	ReadSafe	notscriptable,cap=Material
MaterialVariant	AlphaMode	Property	AlphaMode	None	None	ReadSafe	cap=Material
MaterialVariant	AvgMetalness	Property	int	None	None	ReadSafe	hidden,notreplicated,notscriptable,cap=Material
MaterialVariant	AvgRoughness	Property	int	None	None	ReadSafe	hidden,notreplicated,notscriptable,cap=Material
MaterialVariant	BaseMaterial	Property	Material	None	PluginSecurity	ReadSafe	cap=Material
MaterialVariant	ColorMap	Property	ContentId	PluginSecurity	PluginSecurity	ReadSafe	cap=Material
MaterialVariant	ColorMapContent	Property	Content	PluginSecurity	PluginSecurity	ReadSafe	cap=Material
MaterialVariant	CustomPhysicalProperties	Property	PhysicalProperties	None	None	ReadSafe	cap=Material
MaterialVariant	EmissiveMaskContent	Property	Content	PluginSecurity	PluginSecurity	ReadSafe	cap=Material
MaterialVariant	EmissiveStrength	Property	float	None	None	ReadSafe	cap=Material
MaterialVariant	EmissiveTint	Property	Color3	None	None	ReadSafe	cap=Material
MaterialVariant	MaterialPattern	Property	MaterialPattern	None	None	ReadSafe	cap=Material
MaterialVariant	MetalnessMap	Property	ContentId	PluginSecurity	PluginSecurity	ReadSafe	cap=Material
MaterialVariant	MetalnessMapContent	Property	Content	PluginSecurity	PluginSecurity	ReadSafe	cap=Material
MaterialVariant	NormalMap	Property	ContentId	PluginSecurity	PluginSecurity	ReadSafe	cap=Material
MaterialVariant	NormalMapContent	Property	Content	PluginSecurity	PluginSecurity	ReadSafe	cap=Material
MaterialVariant	RoughnessMap	Property	ContentId	PluginSecurity	PluginSecurity	ReadSafe	cap=Material
MaterialVariant	RoughnessMapContent	Property	Content	PluginSecurity	PluginSecurity	ReadSafe	cap=Material
MaterialVariant	StudsPerTile	Property	float	None	None	ReadSafe	cap=Material
MaterialVariant	TexturePack	Property	ContentId	None	None	ReadSafe	hidden,notscriptable,cap=Material
MaterialVariant	TexturePackContent	Property	Content	None	None	ReadSafe	hidden,notscriptable,cap=Material
MemStorageConnection	Disconnect	Function	() -> ()	PluginSecurity	PluginSecurity	Unsafe	
MemStorageService	Bind	Function	(key: string, callback: Function) -> MemStorageConnection	RobloxScriptSecurity	RobloxScriptSecurity	Unsafe	
MemStorageService	BindAndFire	Function	(key: string, callback: Function) -> MemStorageConnection	RobloxScriptSecurity	RobloxScriptSecurity	Unsafe	
MemStorageService	Call	Function	(key: string, input: Variant) -> Variant	RobloxScriptSecurity	RobloxScriptSecurity	Unsafe	
MemStorageService	Fire	Function	(key: string, value: string = ) -> ()	RobloxScriptSecurity	RobloxScriptSecurity	Unsafe	
MemStorageService	GetItem	Function	(key: string, defaultValue: string = ) -> string	RobloxScriptSecurity	RobloxScriptSecurity	Unsafe	
MemStorageService	HasItem	Function	(key: string) -> bool	RobloxScriptSecurity	RobloxScriptSecurity	Unsafe	
MemStorageService	RemoveItem	Function	(key: string) -> bool	RobloxScriptSecurity	RobloxScriptSecurity	Unsafe	
MemStorageService	SetItem	Function	(key: string, value: string = ) -> ()	RobloxScriptSecurity	RobloxScriptSecurity	Unsafe	
MemoryStoreDistributedCounter	GetAsync	Function	() -> int64	None	None	Unsafe	yields,cap=DataStore,undocumented
MemoryStoreDistributedCounter	IncrementAsync	Function	(delta: int64, expiration: int64) -> int64	None	None	Unsafe	yields,cap=DataStore,undocumented
MemoryStoreHashMap	GetAsync	Function	(key: string) -> Variant	None	None	Unsafe	yields,cap=DataStore
MemoryStoreHashMap	ListItemsAsync	Function	(count: int) -> MemoryStoreHashMapPages	None	None	Unsafe	yields,cap=DataStore
MemoryStoreHashMap	RemoveAsync	Function	(key: string) -> ()	None	None	Unsafe	yields,cap=DataStore
MemoryStoreHashMap	SetAsync	Function	(key: string, value: Variant, expiration: int64) -> bool	None	None	Unsafe	yields,cap=DataStore
MemoryStoreHashMap	UpdateAsync	Function	(key: string, transformFunction: Function, expiration: int64) -> Variant	None	None	Unsafe	yields,cap=DataStore
MemoryStoreQueue	AddAsync	Function	(value: Variant, expiration: int64, priority: double = 0) -> ()	None	None	Unsafe	yields,cap=DataStore
MemoryStoreQueue	GetSizeAsync	Function	(excludeInvisible: bool = false) -> int	None	None	Unsafe	yields,cap=DataStore
MemoryStoreQueue	ReadAsync	Function	(count: int, allOrNothing: bool = false, waitTimeout: double = -1) -> Tuple	None	None	Unsafe	yields,cap=DataStore
MemoryStoreQueue	RemoveAsync	Function	(id: string) -> ()	None	None	Unsafe	yields,cap=DataStore
MemoryStoreService	GetDistributedCounter	Function	(name: string) -> MemoryStoreDistributedCounter	None	None	Unsafe	cap=DataStore,undocumented
MemoryStoreService	GetHashMap	Function	(name: string) -> MemoryStoreHashMap	None	None	Unsafe	cap=DataStore
MemoryStoreService	GetQueue	Function	(name: string, invisibilityTimeout: int = 30) -> MemoryStoreQueue	None	None	Unsafe	cap=DataStore
MemoryStoreService	GetSortedMap	Function	(name: string) -> MemoryStoreSortedMap	None	None	Unsafe	cap=DataStore
MemoryStoreSortedMap	GetAsync	Function	(key: string) -> Tuple	None	None	Unsafe	yields,cap=DataStore
MemoryStoreSortedMap	GetRangeAsync	Function	(direction: SortDirection, count: int, exclusiveLowerBound: Variant, exclusiveUpperBound: Variant) -> Array	None	None	Unsafe	yields,cap=DataStore
MemoryStoreSortedMap	GetSizeAsync	Function	() -> int	None	None	Unsafe	yields,cap=DataStore
MemoryStoreSortedMap	RemoveAsync	Function	(key: string) -> ()	None	None	Unsafe	yields,cap=DataStore
MemoryStoreSortedMap	SetAsync	Function	(key: string, value: Variant, expiration: int64, sortKey: Variant) -> bool	None	None	Unsafe	yields,cap=DataStore
MemoryStoreSortedMap	UpdateAsync	Function	(key: string, transformFunction: Function, expiration: int64) -> Tuple	None	None	Unsafe	yields,cap=DataStore
MeshContentProvider	GetContentMemoryData	Function	() -> Dictionary	RobloxScriptSecurity	RobloxScriptSecurity	Unsafe	cap=AssetManagement
MeshImportData	Anchored	Property	bool	None	None	ReadSafe	undocumented
MeshImportData	CageManifold	Property	bool	None	None	ReadSafe	readonly,notreplicated,undocumented
MeshImportData	CageMeshIntersectedPreview	Property	bool	None	None	ReadSafe	undocumented
MeshImportData	CageMeshNotIntersected	Property	bool	None	None	ReadSafe	readonly,notreplicated,undocumented
MeshImportData	CageNoOverlappingVertices	Property	bool	None	None	ReadSafe	readonly,notreplicated,undocumented
MeshImportData	CageNonManifoldPreview	Property	bool	None	None	ReadSafe	undocumented
MeshImportData	CageOverlappingVerticesPreview	Property	bool	None	None	ReadSafe	undocumented
MeshImportData	CageUVMatched	Property	bool	None	None	ReadSafe	readonly,notreplicated,undocumented
MeshImportData	CageUVMisMatchedPreview	Property	bool	None	None	ReadSafe	undocumented
MeshImportData	Dimensions	Property	Vector3	None	None	ReadSafe	readonly,notreplicated,undocumented
MeshImportData	DoubleSided	Property	bool	None	None	ReadSafe	undocumented
MeshImportData	IgnoreVertexColors	Property	bool	None	None	ReadSafe	undocumented
MeshImportData	IrrelevantCageModifiedPreview	Property	bool	None	None	ReadSafe	undocumented
MeshImportData	MeshHoleDetectedPreview	Property	bool	None	None	ReadSafe	undocumented
MeshImportData	MeshNoHoleDetected	Property	bool	None	None	ReadSafe	readonly,notreplicated,undocumented
MeshImportData	NoIrrelevantCageModified	Property	bool	None	None	ReadSafe	readonly,notreplicated,undocumented
MeshImportData	NoOuterCageFarExtendedFromMesh	Property	bool	None	None	ReadSafe	readonly,notreplicated,undocumented
MeshImportData	OuterCageFarExtendedFromMeshPreview	Property	bool	None	None	ReadSafe	undocumented
MeshImportData	PolygonCount	Property	float	None	None	ReadSafe	readonly,notreplicated,undocumented
MeshImportData	UseImportedPivot	Property	bool	None	None	ReadSafe	undocumented
MeshImportData	VersionedAssetId	Property	int64	None	None	ReadSafe	undocumented
MeshPart	AlternateMeshHash	Property	int64	RobloxSecurity	RobloxSecurity	ReadSafe	hidden,readonly,notreplicated,notscriptable,cap=Basic
MeshPart	ApplyMesh	Function	(meshPart: Instance) -> ()	None	None	Unsafe	cap=Basic
MeshPart	DoubleSided	Property	bool	None	None	ReadSafe	cap=Basic
MeshPart	HasJointOffset	Property	bool	None	NotAccessibleSecurity	ReadSafe	hidden,deprecated,cap=Basic
MeshPart	HasSkinnedMesh	Property	bool	None	NotAccessibleSecurity	ReadSafe	hidden,cap=Basic
MeshPart	InitialSize	Property	Vector3	RobloxSecurity	RobloxSecurity	ReadSafe	hidden,notscriptable,cap=Basic
MeshPart	JointOffset	Property	Vector3	None	NotAccessibleSecurity	ReadSafe	hidden,deprecated,cap=Basic
MeshPart	MeshContent	Property	Content	None	NotAccessibleSecurity	ReadSafe	cap=Basic
MeshPart	MeshID	Property	ContentId	None	None	ReadSafe	hidden,notreplicated,notscriptable,deprecated,prefer=MeshId,cap=Basic
MeshPart	MeshId	Property	ContentId	None	NotAccessibleSecurity	ReadSafe	cap=Basic
MeshPart	PhysicsData	Property	BinaryString	RobloxSecurity	RobloxSecurity	ReadSafe	hidden,notscriptable,cap=Basic
MeshPart	RenderFidelity	Property	RenderFidelity	None	PluginSecurity	ReadSafe	notreplicated,cap=Basic
MeshPart	RenderFidelityReplicate	Property	RenderFidelity	None	PluginSecurity	ReadSafe	hidden,notscriptable,cap=Basic
MeshPart	SolidMeshHolder	Property	NetAssetRef	None	None	ReadSafe	hidden,notscriptable,cap=Basic
MeshPart	TextureContent	Property	Content	None	None	ReadSafe	cap=Basic
MeshPart	TextureID	Property	ContentId	None	None	ReadSafe	cap=Basic
MeshPart	VertexCount	Property	int	RobloxSecurity	RobloxSecurity	ReadSafe	hidden,notscriptable,cap=Basic
Message	Text	Property	string	None	None	ReadSafe	cap=UI
MessageBusConnection	Disconnect	Function	() -> ()	RobloxScriptSecurity	RobloxScriptSecurity	Unsafe	
MessageBusService	Call	Function	(key: string, input: Variant) -> Variant	RobloxScriptSecurity	RobloxScriptSecurity	Unsafe	
MessageBusService	GetLast	Function	(mid: string) -> Variant	RobloxScriptSecurity	RobloxScriptSecurity	Unsafe	
MessageBusService	GetMessageId	Function	(domainName: string, messageName: string) -> string	RobloxScriptSecurity	RobloxScriptSecurity	Unsafe	
MessageBusService	GetProtocolMethodRequestMessageId	Function	(protocolName: string, methodName: string) -> string	RobloxScriptSecurity	RobloxScriptSecurity	Unsafe	
MessageBusService	GetProtocolMethodResponseMessageId	Function	(protocolName: string, methodName: string) -> string	RobloxScriptSecurity	RobloxScriptSecurity	Unsafe	
MessageBusService	MakeRequest	Function	(protocolName: string, methodName: string, message: Variant, callback: Function, customTelemetryData: Variant) -> ()	RobloxScriptSecurity	RobloxScriptSecurity	Unsafe	
MessageBusService	Publish	Function	(mid: string, params: Variant) -> ()	RobloxScriptSecurity	RobloxScriptSecurity	Unsafe	
MessageBusService	PublishProtocolMethodRequest	Function	(protocolName: string, methodName: string, message: Variant, customTelemetryData: Variant) -> ()	RobloxScriptSecurity	RobloxScriptSecurity	Unsafe	
MessageBusService	PublishProtocolMethodResponse	Function	(protocolName: string, methodName: string, message: Variant, responseCode: int, customTelemetryData: Variant) -> ()	RobloxScriptSecurity	RobloxScriptSecurity	Unsafe	
MessageBusService	SetRequestHandler	Function	(protocolName: string, methodName: string, callback: Function) -> ()	RobloxScriptSecurity	RobloxScriptSecurity	Unsafe	
MessageBusService	Subscribe	Function	(mid: string, callback: Function, once: bool, sticky: bool) -> Instance	RobloxScriptSecurity	RobloxScriptSecurity	Unsafe	
MessageBusService	SubscribeToProtocolMethodRequest	Function	(protocolName: string, methodName: string, callback: Function, once: bool, sticky: bool) -> Instance	RobloxScriptSecurity	RobloxScriptSecurity	Unsafe	
MessageBusService	SubscribeToProtocolMethodResponse	Function	(protocolName: string, methodName: string, callback: Function, once: bool, sticky: bool) -> Instance	RobloxScriptSecurity	RobloxScriptSecurity	Unsafe	
MessagingService	PublishAsync	Function	(topic: string, message: Variant) -> ()	None	None	Unsafe	yields,cap=ServerCommunication
MessagingService	SubscribeAsync	Function	(topic: string, callback: Function) -> RBXScriptConnection	None	None	Unsafe	yields,cap=ServerCommunication
MetaBreakpoint	Condition	Property	string	RobloxScriptSecurity	RobloxScriptSecurity	ReadSafe	hidden,notreplicated
MetaBreakpoint	ContinueExecution	Property	bool	RobloxScriptSecurity	RobloxScriptSecurity	ReadSafe	hidden,notreplicated
MetaBreakpoint	Enabled	Property	bool	RobloxScriptSecurity	RobloxScriptSecurity	ReadSafe	hidden,notreplicated
MetaBreakpoint	GetContextBreakpoints	Function	() -> Dictionary	RobloxScriptSecurity	RobloxScriptSecurity	Unsafe	
MetaBreakpoint	Id	Property	int	RobloxScriptSecurity	RobloxScriptSecurity	ReadSafe	hidden,readonly,notreplicated
MetaBreakpoint	IsLogpoint	Property	bool	RobloxScriptSecurity	RobloxScriptSecurity	ReadSafe	hidden,readonly,notreplicated
MetaBreakpoint	Line	Property	int	RobloxScriptSecurity	RobloxScriptSecurity	ReadSafe	hidden,notreplicated
MetaBreakpoint	LogMessage	Property	string	RobloxScriptSecurity	RobloxScriptSecurity	ReadSafe	hidden,notreplicated
MetaBreakpoint	Remove	Function	(status: Function) -> int	RobloxScriptSecurity	RobloxScriptSecurity	Unsafe	
MetaBreakpoint	RemoveOnHit	Property	bool	RobloxScriptSecurity	RobloxScriptSecurity	ReadSafe	hidden,notreplicated
MetaBreakpoint	Script	Property	string	RobloxScriptSecurity	RobloxScriptSecurity	ReadSafe	hidden,notreplicated
MetaBreakpoint	SetChildBreakpointEnabledByScriptAndContext	Function	(script: string, contextGST: int, enabled: bool) -> ()	RobloxScriptSecurity	RobloxScriptSecurity	Unsafe	
MetaBreakpoint	SetContextEnabled	Function	(context: int, enabled: bool) -> ()	RobloxScriptSecurity	RobloxScriptSecurity	Unsafe	
MetaBreakpoint	SetContinueExecution	Function	(enabled: bool) -> ()	RobloxScriptSecurity	RobloxScriptSecurity	Unsafe	
MetaBreakpoint	SetEnabled	Function	(enabled: bool) -> ()	RobloxScriptSecurity	RobloxScriptSecurity	Unsafe	
MetaBreakpoint	SetLine	Function	(line: int, status: Function) -> int	RobloxScriptSecurity	RobloxScriptSecurity	Unsafe	
MetaBreakpoint	SetRemoveOnHit	Function	(enabled: bool) -> ()	RobloxScriptSecurity	RobloxScriptSecurity	Unsafe	
MetaBreakpoint	Valid	Property	bool	RobloxScriptSecurity	RobloxScriptSecurity	ReadSafe	hidden,readonly,notreplicated
MetaBreakpointContext	ContextDataInternal	Property	string	None	None	ReadSafe	hidden,notscriptable
MetaBreakpointManager	AddBreakpoint	Function	(script: Instance, line: int, condition: Instance) -> Instance	RobloxScriptSecurity	RobloxScriptSecurity	Unsafe	
MetaBreakpointManager	GetBreakpointById	Function	(metaBreakpointId: int) -> MetaBreakpoint	RobloxScriptSecurity	RobloxScriptSecurity	Unsafe	
MetaBreakpointManager	MetaBreakpointAdded	Event	(breakpoint: MetaBreakpoint)	RobloxScriptSecurity	RobloxScriptSecurity	Unsafe	
MetaBreakpointManager	MetaBreakpointChanged	Event	(breakpoint: MetaBreakpoint)	RobloxScriptSecurity	RobloxScriptSecurity	Unsafe	
MetaBreakpointManager	MetaBreakpointRemoved	Event	(breakpoint: MetaBreakpoint)	RobloxScriptSecurity	RobloxScriptSecurity	Unsafe	
MetaBreakpointManager	MetaBreakpointSetChanged	Event	(breakpoint: MetaBreakpoint, detail: Dictionary)	RobloxScriptSecurity	RobloxScriptSecurity	Unsafe	
MetaBreakpointManager	RemoveBreakpointById	Function	(metaBreakpointId: int) -> ()	RobloxScriptSecurity	RobloxScriptSecurity	Unsafe	
MicroProfilerService	ContextLabel	Property	string	RobloxScriptSecurity	RobloxScriptSecurity	ReadSafe	
MicroProfilerService	DataChanged	Event	(slotId: int, flags: int)	None	None	Unsafe	cap=Logging,undocumented
MicroProfilerService	DumpToFileAsync	Function	(secondsToDelay: int, framesToDump: int) -> string	RobloxScriptSecurity	RobloxScriptSecurity	Unsafe	yields
MicroProfilerService	GetDataInRange	Function	(slotId: int, offset: int, size: int, destBuffer: buffer, destBufferOffset: int) -> int	None	None	Unsafe	customluastate,cap=Logging,undocumented
MicroProfilerService	GetDataSize	Function	(slotId: int) -> int	None	None	Unsafe	cap=Logging,undocumented
MicroProfilerService	ProcessCommand	Function	(cmdBuf: buffer, cmdOffset: int, cmdSize: int, respBuf: buffer, respOffset: int, respSize: int) -> int	None	None	Unsafe	customluastate,cap=Logging,undocumented
Model	AddPersistentPlayer	Function	(playerInstance: Player = nil) -> ()	None	None	Unsafe	
Model	BreakJoints	Function	() -> ()	None	None	Unsafe	deprecated
Model	GetBoundingBox	Function	() -> (CFrame, Vector3)	None	None	Unsafe	
Model	GetExtentsSize	Function	() -> Vector3	None	None	Unsafe	
Model	GetModelCFrame	Function	() -> CFrame	None	None	Unsafe	deprecated,prefer=GetPrimaryPartCFrame
Model	GetModelSize	Function	() -> Vector3	None	None	Unsafe	deprecated,prefer=GetExtentsSize
Model	GetPersistentPlayers	Function	() -> Instances	None	None	Unsafe	
Model	GetPrimaryPartCFrame	Function	() -> CFrame	None	None	Unsafe	deprecated,prefer=GetPivot
Model	GetScale	Function	() -> float	None	None	Unsafe	sim
Model	LevelOfDetail	Property	ModelLevelOfDetail	PluginSecurity	PluginSecurity	ReadSafe	
Model	LodEntity	Property	LodDataEntity	None	None	ReadSafe	hidden,notscriptable
Model	MakeJoints	Function	() -> ()	None	None	Unsafe	deprecated
Model	ModelMeshCFrame	Property	CFrame	None	None	ReadSafe	hidden,notscriptable
Model	ModelMeshData	Property	SharedString	None	None	ReadSafe	hidden,notscriptable
Model	ModelMeshSize	Property	Vector3	None	None	ReadSafe	hidden,notscriptable
Model	ModelStreamingMode	Property	ModelStreamingMode	None	None	ReadSafe	
Model	MoveTo	Function	(position: Vector3) -> ()	None	None	Unsafe	
Model	NeedsPivotMigration	Property	bool	None	None	ReadSafe	hidden,notreplicated,notscriptable
Model	PrimaryPart	Property	BasePart	None	None	ReadSafe	
Model	RemovePersistentPlayer	Function	(playerInstance: Player = nil) -> ()	None	None	Unsafe	
Model	ResetOrientationToIdentity	Function	() -> ()	None	None	Unsafe	deprecated,prefer=SetPrimaryPartCFrame
Model	Scale	Property	float	None	None	ReadSafe	notreplicated,notscriptable
Model	ScaleFactor	Property	float	None	None	ReadSafe	hidden,notscriptable
Model	ScaleTo	Function	(newScaleFactor: float) -> ()	None	None	Unsafe	
Model	SetIdentityOrientation	Function	() -> ()	None	None	Unsafe	deprecated,prefer=SetPrimaryPartCFrame
Model	SetPrimaryPartCFrame	Function	(cframe: CFrame) -> ()	None	None	Unsafe	deprecated,prefer=PivotTo
Model	SlimAnimationTarget	Property	SlimAnimationDataEntity	None	None	ReadSafe	hidden,notscriptable
Model	SlimHash	Property	SharedString	RobloxSecurity	RobloxSecurity	ReadSafe	hidden,notscriptable
Model	TranslateBy	Function	(delta: Vector3) -> ()	None	None	Unsafe	
Model	WorldPivot	Property	CFrame	None	None	ReadSafe	notreplicated
Model	WorldPivotData	Property	OptionalCoordinateFrame	None	None	ReadSafe	hidden,notscriptable
Model	breakJoints	Function	() -> ()	None	None	Unsafe	deprecated,prefer=BreakJoints
Model	makeJoints	Function	() -> ()	None	None	Unsafe	deprecated,prefer=MakeJoints
Model	move	Function	(location: Vector3) -> ()	None	None	Unsafe	deprecated,prefer=MoveTo
Model	moveTo	Function	(location: Vector3) -> ()	None	None	Unsafe	deprecated,prefer=MoveTo
ModerationService	BindReviewableContentEventProcessor	Function	(priority: int, callback: Function) -> RBXScriptConnection	None	None	Unsafe	cap=Consequences
ModerationService	CreateReviewableContentAsync	Function	(config: Dictionary) -> string	None	None	Unsafe	yields,cap=Consequences
ModerationService	CreateReviewableContentKey	Function	(content: Content) -> string	None	None	Unsafe	cap=Consequences
ModerationService	InternalRequestReviewableContentReviewAsync	Function	(config: Dictionary) -> ()	None	None	Unsafe	yields,cap=Consequences|InternalTest,undocumented
ModerationService	TriggeredCaptureUpload	Event	(config: Dictionary)	RobloxSecurity	RobloxSecurity	Unsafe	hidden,cap=Consequences
ModuleScript	Confidential	Property	bool	RobloxSecurity	RobloxSecurity	ReadSafe	hidden,notreplicated,notscriptable
ModuleScript	LinkedSource	Property	ContentId	None	None	ReadSafe	deprecated,cap=LoadUnownedAsset
ModuleScript	Source	Property	ProtectedString	None	None	ReadSafe	read:plugin-only,write:plugin-only
ModuleScript	UnrestrictedRequireAllowed	Property	bool	RobloxSecurity	RobloxSecurity	ReadSafe	hidden,notscriptable
MomentsService	CheckMomentTextStatusAsync	Function	(token: string) -> Tuple	RobloxScriptSecurity	RobloxScriptSecurity	Unsafe	yields,cap=Capture
MomentsService	CreatePostAsync	Function	(postRequest: Dictionary) -> Dictionary	RobloxScriptSecurity	RobloxScriptSecurity	Unsafe	yields,cap=Capture
MomentsService	FetchPostAsync	Function	(assetId: int64) -> buffer	RobloxScriptSecurity	RobloxScriptSecurity	Unsafe	yields,cap=Capture
MomentsService	GenerateMomentTextAsync	Function	(capture: Capture, tone: string = ) -> Tuple	RobloxScriptSecurity	RobloxScriptSecurity	Unsafe	yields,cap=Capture
Motor	CurrentAngle	Property	float	None	None	ReadSafe	notreplicated,cap=Physics
Motor	DesiredAngle	Property	float	None	None	ReadSafe	cap=Physics
Motor	MaxVelocity	Property	float	None	None	ReadSafe	cap=Physics
Motor	ReplicateCurrentAngle	Property	float	RobloxSecurity	RobloxSecurity	ReadSafe	hidden,notscriptable,cap=Physics
Motor	SetDesiredAngle	Function	(value: float) -> ()	None	None	Unsafe	cap=Physics
Motor6D	ChildName	Property	string	None	None	ReadSafe	readonly,notreplicated,notscriptable,cap=Physics
Motor6D	EnableSkinning	Property	bool	RobloxScriptSecurity	RobloxScriptSecurity	ReadSafe	hidden,cap=Physics
Motor6D	ParentName	Property	string	None	None	ReadSafe	readonly,notreplicated,notscriptable,cap=Physics
Motor6D	ReplicateCurrentAngle6D	Property	Vector3	RobloxSecurity	RobloxSecurity	ReadSafe	hidden,notscriptable,cap=Physics
Motor6D	ReplicateCurrentOffset6D	Property	Vector3	RobloxSecurity	RobloxSecurity	ReadSafe	hidden,notscriptable,cap=Physics
Motor6D	Transform	Property	CFrame	None	None	ReadSafe	hidden,notreplicated,sim,cap=Physics
Mouse	Button1Down	Event	()	None	None	Unsafe	cap=Input
Mouse	Button1Up	Event	()	None	None	Unsafe	cap=Input
Mouse	Button2Down	Event	()	None	None	Unsafe	cap=Input
Mouse	Button2Up	Event	()	None	None	Unsafe	cap=Input
Mouse	Hit	Property	CFrame	None	None	ReadSafe	readonly,notreplicated,cap=Input
Mouse	Icon	Property	ContentId	None	None	ReadSafe	cap=Input
Mouse	IconContent	Property	Content	None	None	ReadSafe	cap=Input
Mouse	Idle	Event	()	None	None	Unsafe	cap=Input
Mouse	KeyDown	Event	(key: string)	None	None	Unsafe	deprecated,prefer=InputBegan,cap=Input
Mouse	KeyUp	Event	(key: string)	None	None	Unsafe	deprecated,prefer=InputEnded,cap=Input
Mouse	Move	Event	()	None	None	Unsafe	cap=Input
Mouse	Origin	Property	CFrame	None	None	ReadSafe	readonly,notreplicated,cap=Input
Mouse	Target	Property	BasePart	None	None	ReadSafe	readonly,notreplicated,cap=Input
Mouse	TargetFilter	Property	Instance	None	None	ReadSafe	cap=Input
Mouse	TargetSurface	Property	NormalId	None	None	ReadSafe	readonly,notreplicated,cap=Input
Mouse	UnitRay	Property	Ray	None	None	ReadSafe	readonly,notreplicated,cap=Input
Mouse	ViewSizeX	Property	int	None	None	ReadSafe	readonly,notreplicated,cap=Input
Mouse	ViewSizeY	Property	int	None	None	ReadSafe	readonly,notreplicated,cap=Input
Mouse	WheelBackward	Event	()	None	None	Unsafe	cap=Input
Mouse	WheelForward	Event	()	None	None	Unsafe	cap=Input
Mouse	X	Property	int	None	None	ReadSafe	readonly,notreplicated,cap=Input
Mouse	Y	Property	int	None	None	ReadSafe	readonly,notreplicated,cap=Input
Mouse	hit	Property	CFrame	None	None	ReadSafe	hidden,readonly,notreplicated,deprecated,prefer=Hit,cap=Input
Mouse	keyDown	Event	(key: string)	None	None	Unsafe	deprecated,prefer=InputBegan,cap=Input
Mouse	target	Property	BasePart	None	None	ReadSafe	readonly,notreplicated,deprecated,prefer=Target,cap=Input
MouseService	MouseEnterStudioViewport	Event	()	RobloxScriptSecurity	RobloxScriptSecurity	Unsafe	cap=Input
MouseService	MouseLeaveStudioViewport	Event	()	RobloxScriptSecurity	RobloxScriptSecurity	Unsafe	cap=Input
MultipleDocumentInterfaceInstance	DataModelSessionEnded	Event	(dataModelSession: Instance)	RobloxScriptSecurity	RobloxScriptSecurity	Unsafe	
MultipleDocumentInterfaceInstance	DataModelSessionStarted	Event	(dataModelSession: Instance)	RobloxScriptSecurity	RobloxScriptSecurity	Unsafe	
MultipleDocumentInterfaceInstance	FocusedDataModelSession	Property	DataModelSession	RobloxScriptSecurity	RobloxScriptSecurity	ReadSafe	hidden,readonly,notreplicated
NegateOperation	PreviousOperation	Property	NegateOperationHiddenHistory	RobloxSecurity	RobloxSecurity	ReadSafe	hidden,notreplicated,notscriptable,cap=Basic|CSG
NetworkClient	ConnectionAccepted	Event	(peer: string, replicator: Instance)	None	None	Unsafe	cap=Network
NetworkClient	ConnectionFailed	Event	(peer: string, code: int)	None	None	Unsafe	cap=Network
NetworkMarker	Received	Event	()	None	None	Unsafe	cap=Network
NetworkPeer	InitializeRemoteAllowList	Function	(names: Array) -> ()	RobloxScriptSecurity	RobloxScriptSecurity	Unsafe	
NetworkPeer	SetOutgoingKBPSLimit	Function	(limit: int) -> ()	PluginSecurity	PluginSecurity	Unsafe	
NetworkReplicator	GetPlayer	Function	() -> Instance	None	None	Unsafe	cap=Network|Players
NetworkServer	EncryptStringForPlayerId	Function	(toEncrypt: string, playerId: int64) -> string	None	None	Unsafe	cap=Network
NetworkSettings	EmulatedTotalMemoryInMB	Property	int	PluginSecurity	PluginSecurity	ReadSafe	hidden,notreplicated,cap=Network
NetworkSettings	FreeMemoryMBytes	Property	float	PluginSecurity	PluginSecurity	ReadSafe	hidden,readonly,notreplicated,cap=Network
NetworkSettings	HttpProxyEnabled	Property	bool	None	RobloxScriptSecurity	ReadSafe	cap=Network
NetworkSettings	HttpProxyURL	Property	string	None	RobloxScriptSecurity	ReadSafe	cap=Network
NetworkSettings	InboundNetworkJitterMs	Property	float	PluginSecurity	PluginSecurity	ReadSafe	notreplicated,cap=Network
NetworkSettings	InboundNetworkLossPercent	Property	float	PluginSecurity	PluginSecurity	ReadSafe	notreplicated,cap=Network
NetworkSettings	InboundNetworkMinDelayMs	Property	float	PluginSecurity	PluginSecurity	ReadSafe	notreplicated,cap=Network
NetworkSettings	IncomingReplicationLag	Property	double	None	None	ReadSafe	cap=Network
NetworkSettings	OpenCertManagerDialog	Property	int	NotAccessibleSecurity	NotAccessibleSecurity	ReadSafe	hidden,notreplicated,notscriptable,cap=Network
NetworkSettings	OutboundNetworkJitterMs	Property	float	PluginSecurity	PluginSecurity	ReadSafe	notreplicated,cap=Network
NetworkSettings	OutboundNetworkLossPercent	Property	float	PluginSecurity	PluginSecurity	ReadSafe	notreplicated,cap=Network
NetworkSettings	OutboundNetworkMinDelayMs	Property	float	PluginSecurity	PluginSecurity	ReadSafe	notreplicated,cap=Network
NetworkSettings	PrintJoinSizeBreakdown	Property	bool	None	None	ReadSafe	cap=Network
NetworkSettings	PrintPhysicsErrors	Property	bool	None	None	ReadSafe	cap=Network
NetworkSettings	PrintStreamInstanceQuota	Property	bool	None	None	ReadSafe	cap=Network
NetworkSettings	RandomizeJoinInstanceOrder	Property	bool	None	None	ReadSafe	cap=Network
NetworkSettings	RenderStreamedRegions	Property	bool	None	None	ReadSafe	cap=Network
NetworkSettings	ShowActiveAnimationAsset	Property	bool	None	None	ReadSafe	cap=Animation|Network
NoCollisionConstraint	Enabled	Property	bool	None	None	ReadSafe	sim,cap=Physics
NoCollisionConstraint	Part0	Property	BasePart	None	None	ReadSafe	sim,cap=Physics
NoCollisionConstraint	Part1	Property	BasePart	None	None	ReadSafe	sim,cap=Physics
Noise	NoiseType	Property	NoiseType	RobloxScriptSecurity	RobloxScriptSecurity	ReadSafe	
Noise	SampleDirectional	Function	(position: Vector3, direction: Vector3) -> float	RobloxScriptSecurity	RobloxScriptSecurity	Unsafe	
Noise	SampleUniform	Function	(position: Vector3) -> float	RobloxScriptSecurity	RobloxScriptSecurity	Unsafe	
Noise	Seed	Property	int	RobloxScriptSecurity	RobloxScriptSecurity	ReadSafe	
NotificationService	ActionEnabled	Function	(actionType: AppShellActionType) -> ()	RobloxScriptSecurity	RobloxScriptSecurity	Unsafe	cap=Players
NotificationService	ActionTaken	Function	(actionType: AppShellActionType) -> ()	RobloxScriptSecurity	RobloxScriptSecurity	Unsafe	cap=Players
NotificationService	CancelAllNotification	Function	(userId: int64) -> ()	LocalUserSecurity	LocalUserSecurity	Unsafe	cap=Players
NotificationService	CancelNotification	Function	(userId: int64, alertId: int) -> ()	LocalUserSecurity	LocalUserSecurity	Unsafe	cap=Players
NotificationService	GetScheduledNotifications	Function	(userId: int64) -> Array	LocalUserSecurity	LocalUserSecurity	Unsafe	yields,cap=Players
NotificationService	IsConnected	Property	bool	RobloxScriptSecurity	RobloxScriptSecurity	ReadSafe	hidden,readonly,notreplicated,cap=Players
NotificationService	IsLuaChatEnabled	Property	bool	RobloxScriptSecurity	RobloxScriptSecurity	ReadSafe	hidden,readonly,notreplicated,cap=Players
NotificationService	IsLuaGameDetailsEnabled	Property	bool	RobloxScriptSecurity	RobloxScriptSecurity	ReadSafe	readonly,notreplicated,cap=Players
NotificationService	RccConnectionChanged	Event	(connectionName: string, connectionState: ConnectionState, rccSequenceNumber: string, userIdToNamespaceSequenceNumbers: Map)	RobloxScriptSecurity	RobloxScriptSecurity	Unsafe	cap=Players
NotificationService	RccEventReceived	Event	(eventData: Map, userId: int64)	RobloxScriptSecurity	RobloxScriptSecurity	Unsafe	cap=Players
NotificationService	Roblox17sConnectionChanged	Event	(connectionName: string, connectionState: ConnectionState, namespaceSequenceNumbers: string)	None	None	Unsafe	cap=Players,undocumented
NotificationService	Roblox17sEventReceived	Event	(eventData: Map)	None	None	Unsafe	cap=Players,undocumented
NotificationService	RobloxConnectionChanged	Event	(connectionName: string, connectionState: ConnectionState, sequenceNumber: string, namespaceSequenceNumbers: string)	RobloxScriptSecurity	RobloxScriptSecurity	Unsafe	cap=Players
NotificationService	RobloxEventReceived	Event	(eventData: Map)	RobloxScriptSecurity	RobloxScriptSecurity	Unsafe	cap=Players
NotificationService	ScheduleNotification	Function	(userId: int64, alertId: int, alertMsg: string, minutesToFire: int) -> ()	LocalUserSecurity	LocalUserSecurity	Unsafe	cap=Players
NotificationService	SelectedTheme	Property	string	RobloxScriptSecurity	RobloxScriptSecurity	ReadSafe	notreplicated,cap=Players
NotificationService	SubscribeToRccEventNamespace	Function	(eventNamespace: string) -> ()	RobloxScriptSecurity	RobloxScriptSecurity	Unsafe	cap=Players
NotificationService	SubscribeToTopic	Function	(token: string, replaceToken: string = ) -> ()	RobloxScriptSecurity	RobloxScriptSecurity	Unsafe	cap=Players
NotificationService	SwitchedToAppShellFeature	Function	(appShellFeature: AppShellFeature) -> ()	RobloxScriptSecurity	RobloxScriptSecurity	Unsafe	cap=Players
NotificationService	TopicNotificationReceived	Event	(eventData: Map)	RobloxScriptSecurity	RobloxScriptSecurity	Unsafe	cap=Players
NotificationService	UnsubscribeFromTopic	Function	(token: string) -> ()	RobloxScriptSecurity	RobloxScriptSecurity	Unsafe	cap=Players
NumberPose	Value	Property	double	None	None	ReadSafe	cap=Animation
NumberValue	Changed	Event	(value: double)	None	None	Unsafe	
NumberValue	Value	Property	double	None	None	ReadSafe	sim
NumberValue	changed	Event	(value: double)	None	None	Unsafe	deprecated,prefer=Changed
Object	Changed	Event	(property: string)	None	None	Unsafe	
Object	ClassName	Property	string	None	None	ReadSafe	readonly,notreplicated
Object	GetPropertyChangedSignal	Function	(property: string) -> RBXScriptSignal	None	None	Unsafe	
Object	IsA	Function	(className: string) -> bool	None	None	Safe	customluastate
Object	className	Property	string	None	None	ReadSafe	readonly,notreplicated,deprecated,prefer=ClassName
Object	isA	Function	(className: string) -> bool	None	None	Unsafe	deprecated,prefer=IsA,customluastate
ObjectValue	Changed	Event	(value: Instance)	None	None	Unsafe	
ObjectValue	Value	Property	Instance	None	None	ReadSafe	sim
ObjectValue	changed	Event	(value: Instance)	None	None	Unsafe	deprecated,prefer=Changed
OmniRecommendationsService	ClearSessionId	Function	() -> ()	RobloxScriptSecurity	RobloxScriptSecurity	Unsafe	
OmniRecommendationsService	GetSessionId	Function	() -> string	RobloxScriptSecurity	RobloxScriptSecurity	Unsafe	
OmniRecommendationsService	MakeRequest	Function	(nextPageToken: string) -> HttpRequest	RobloxScriptSecurity	RobloxScriptSecurity	Unsafe	
OpenCloudApiV1	CreateModel	Function	(name: string) -> OpenCloudModel	None	None	Unsafe	deprecated,customluastate,cap=Network
OpenCloudApiV1	CreateUserNotificationAsync	Function	(user: string, userNotification: OpenCloudModel) -> OpenCloudModel	None	None	Unsafe	yields,deprecated,cap=Network
OpenCloudService	GetApiV1	Function	() -> OpenCloudApiV1	None	None	Unsafe	deprecated,cap=Network
OpenCloudService	HttpRequestAsync	Function	(options: Dictionary) -> Dictionary	RobloxScriptSecurity	RobloxScriptSecurity	Unsafe	yields,cap=Network
OpenCloudService	InvokeAsync	Function	(version: string, methodName: string, arguments: Dictionary, headers: Dictionary = nil) -> Dictionary	None	None	Unsafe	yields,deprecated,cap=Network
OpenCloudService	RegisterOpenCloud	Function	(version: string, methodName: string, method: Function) -> ()	RobloxScriptSecurity	RobloxScriptSecurity	Unsafe	cap=Network
OpenCloudService	RegistrationComplete	Function	() -> ()	RobloxScriptSecurity	RobloxScriptSecurity	Unsafe	cap=Network
OrderedDataStore	GetSortedAsync	Function	(ascending: bool, pagesize: int, minValue: Variant, maxValue: Variant) -> DataStorePages	None	None	Unsafe	yields,cap=DataStore
OutputLink	Print	Function	(messageType: MessageType, message: string, urlText: string) -> ()	RobloxScriptSecurity	RobloxScriptSecurity	Unsafe	
PVAdornment	Adornee	Property	PVInstance	None	None	ReadSafe	cap=UI
PVInstance	GetPivot	Function	() -> CFrame	None	None	Safe	sim
PVInstance	Origin	Property	CFrame	None	None	ReadSafe	notreplicated,notscriptable
PVInstance	Pivot Offset	Property	CFrame	None	None	ReadSafe	notreplicated,notscriptable
PVInstance	PivotTo	Function	(targetCFrame: CFrame) -> ()	None	None	Unsafe	sim
PackageLink	AutoUpdate	Property	bool	RobloxScriptSecurity	RobloxScriptSecurity	ReadSafe	cap=AssetRead
PackageLink	CanAutoUpdate	Property	bool	RobloxSecurity	RobloxSecurity	ReadSafe	hidden,notreplicated,notscriptable,cap=AssetRead
PackageLink	Creator	Property	string	None	None	ReadSafe	readonly,notreplicated,notscriptable,cap=AssetRead
PackageLink	DefaultName	Property	string	None	NotAccessibleSecurity	ReadSafe	cap=AssetRead
PackageLink	HasNewVersion	Property	bool	RobloxScriptSecurity	RobloxScriptSecurity	ReadSafe	hidden,notreplicated,cap=AssetRead
PackageLink	ModifiedState	Property	int	RobloxScriptSecurity	RobloxScriptSecurity	ReadSafe	hidden,cap=AssetRead
PackageLink	PackageAssetName	Property	string	None	None	ReadSafe	readonly,notreplicated,notscriptable,cap=AssetRead
PackageLink	PackageContent	Property	Content	None	None	ReadSafe	readonly,notreplicated,cap=AssetRead
PackageLink	PackageContentSerialize	Property	Content	None	None	ReadSafe	hidden,notscriptable,cap=AssetRead
PackageLink	PackageGuid	Property	int64	None	None	ReadSafe	hidden,notscriptable,cap=AssetRead
PackageLink	PackageId	Property	ContentId	None	None	ReadSafe	readonly,notreplicated,cap=AssetRead
PackageLink	PackageIdSerialize	Property	ContentId	None	None	ReadSafe	hidden,notscriptable,cap=AssetRead
PackageLink	PermissionLevel	Property	PackagePermission	None	None	ReadSafe	readonly,notreplicated,notscriptable,cap=AssetRead
PackageLink	SerializedDefaultAttributes	Property	BinaryString	None	NotAccessibleSecurity	ReadSafe	cap=AssetRead
PackageLink	Status	Property	string	RobloxScriptSecurity	RobloxScriptSecurity	ReadSafe	readonly,notreplicated,cap=AssetRead
PackageLink	VersionIdSerialize	Property	int64	None	None	ReadSafe	hidden,notscriptable,cap=AssetRead
PackageLink	VersionNumber	Property	int64	None	NotAccessibleSecurity	ReadSafe	notreplicated,cap=AssetRead
PackageLink	getOverrides	Function	() -> DataModelDiff	RobloxScriptSecurity	RobloxScriptSecurity	Unsafe	cap=AssetRead
PackageService	GetOverrides	Function	(scopeRoot: Instance) -> DataModelDiff	RobloxScriptSecurity	RobloxScriptSecurity	Unsafe	
PackageService	OverrideStateChanged	Event	(scopeRoot: Instance, identity: ScopedInstanceIdentity, changeType: DataModelChangeType, propertyNames: Array)	RobloxScriptSecurity	RobloxScriptSecurity	Unsafe	
PackageService	OverridesCleared	Event	(scopeRoot: Instance, identity: ScopedInstanceIdentity)	RobloxScriptSecurity	RobloxScriptSecurity	Unsafe	
PackageService	UpdateAsync	Function	(packageRoot: Instance, version: int64 = 0) -> Instance	RobloxScriptSecurity	RobloxScriptSecurity	Unsafe	yields
PackageUIService	ConvertToMockPackage	Function	(instance: Instance) -> ()	RobloxScriptSecurity	RobloxScriptSecurity	Unsafe	
PackageUIService	ConvertToPackageAsync	Function	(sourceRoot: Instance, name: string, cloneRoot: Instance) -> Instance	RobloxScriptSecurity	RobloxScriptSecurity	Unsafe	yields
PackageUIService	ConvertToPackageClosedCallback	Function	(sourceRoot: Instance) -> ()	RobloxScriptSecurity	RobloxScriptSecurity	Unsafe	
PackageUIService	ConvertToPackageUpload	Function	(uploadUrl: string, cloneInstances: Instances, originalInstances: Instances) -> ()	RobloxScriptSecurity	RobloxScriptSecurity	Unsafe	
PackageUIService	GetPackageInfo	Function	(packageAssetId: int64) -> Dictionary	RobloxScriptSecurity	RobloxScriptSecurity	Unsafe	yields
PackageUIService	OnConvertToPackageResult	Event	(isSuccessful: bool, errorMessage: string)	RobloxScriptSecurity	RobloxScriptSecurity	Unsafe	
PackageUIService	OnOpenConvertToPackagePlugin	Event	(instances: Instances, name: string, cloneInstances: Instances)	RobloxScriptSecurity	RobloxScriptSecurity	Unsafe	
PackageUIService	PublishPackage	Function	(packageInstance: Instance, addUndoWayPoint: bool) -> ()	RobloxScriptSecurity	RobloxScriptSecurity	Unsafe	yields
PackageUIService	SetPackageVersion	Function	(packageInstance: Instance, versionNumber: int64) -> Instance	RobloxScriptSecurity	RobloxScriptSecurity	Unsafe	yields
Packages	IsDehydrated	Property	bool	RobloxSecurity	RobloxSecurity	ReadSafe	hidden
Packages	ShellPackagesCount	Property	int	RobloxSecurity	RobloxSecurity	ReadSafe	hidden
Packages	SkippedInstancesCount	Property	int	RobloxSecurity	RobloxSecurity	ReadSafe	hidden
Pages	AdvanceToNextPageAsync	Function	() -> ()	None	None	Unsafe	yields
Pages	GetCurrentPage	Function	() -> Array	None	None	Unsafe	
Pages	IsFinished	Property	bool	None	None	ReadSafe	readonly,notreplicated
Pants	PantsTemplate	Property	ContentId	None	None	ReadSafe	cap=AvatarAppearance
Pants	PantsTemplateContent	Property	Content	None	None	ReadSafe	cap=AvatarAppearance
ParabolaAdornment	A	Property	float	RobloxScriptSecurity	RobloxScriptSecurity	ReadSafe	hidden,cap=UI
ParabolaAdornment	B	Property	float	RobloxScriptSecurity	RobloxScriptSecurity	ReadSafe	hidden,cap=UI
ParabolaAdornment	C	Property	float	RobloxScriptSecurity	RobloxScriptSecurity	ReadSafe	hidden,cap=UI
ParabolaAdornment	FindPartOnParabola	Function	(ignoreDescendentsTable: Instances) -> Tuple	RobloxScriptSecurity	RobloxScriptSecurity	Unsafe	cap=UI
ParabolaAdornment	Range	Property	float	RobloxScriptSecurity	RobloxScriptSecurity	ReadSafe	hidden,cap=UI
ParabolaAdornment	Thickness	Property	float	RobloxScriptSecurity	RobloxScriptSecurity	ReadSafe	hidden,cap=UI
Part	Shape	Property	PartType	None	None	ReadSafe	notreplicated,cap=Basic
Part	shap	Property	PartType	None	None	ReadSafe	hidden,writeonly,notreplicated,notscriptable,cap=Basic
Part	shape	Property	PartType	None	None	ReadSafe	hidden,notscriptable,cap=Basic
PartAdornment	Adornee	Property	BasePart	None	None	ReadSafe	cap=Basic|UI
PartOperation	AssetId	Property	ContentId	RobloxSecurity	RobloxSecurity	ReadSafe	hidden,notscriptable,cap=Basic|CSG
PartOperation	ChildData	Property	BinaryString	RobloxSecurity	RobloxSecurity	ReadSafe	hidden,notreplicated,notscriptable,cap=Basic|CSG
PartOperation	ChildData2	Property	SharedString	RobloxSecurity	RobloxSecurity	ReadSafe	hidden,notreplicated,notscriptable,cap=Basic|CSG
PartOperation	ComponentIndex	Property	int	RobloxSecurity	RobloxSecurity	ReadSafe	hidden,notreplicated,notscriptable,cap=Basic|CSG
PartOperation	Content	Property	Content	RobloxSecurity	RobloxSecurity	ReadSafe	hidden,notscriptable,cap=Basic|CSG
PartOperation	DCDPropertyData	Property	CSGPropertyData	RobloxSecurity	RobloxSecurity	ReadSafe	hidden,notreplicated,notscriptable,cap=Basic|CSG
PartOperation	FormFactor	Property	FormFactor	RobloxSecurity	RobloxSecurity	ReadSafe	hidden,notscriptable,cap=Basic|CSG
PartOperation	InitialSize	Property	Vector3	RobloxSecurity	RobloxSecurity	ReadSafe	hidden,notscriptable,cap=Basic|CSG
PartOperation	ManifoldMesh_DEPRECATED	Property	SharedString	RobloxSecurity	RobloxSecurity	ReadSafe	hidden,notreplicated,notscriptable,deprecated,cap=Basic|CSG
PartOperation	MeshData	Property	BinaryString	RobloxSecurity	RobloxSecurity	ReadSafe	hidden,notscriptable,cap=Basic|CSG
PartOperation	MeshData2	Property	SharedString	RobloxSecurity	RobloxSecurity	ReadSafe	hidden,notscriptable,cap=Basic|CSG
PartOperation	OffCentered	Property	bool	RobloxSecurity	RobloxSecurity	ReadSafe	hidden,notreplicated,notscriptable,cap=Basic|CSG
PartOperation	PhysicsData	Property	BinaryString	RobloxSecurity	RobloxSecurity	ReadSafe	hidden,notscriptable,cap=Basic|CSG
PartOperation	RenderFidelity	Property	RenderFidelity	None	None	ReadSafe	write:plugin-only,cap=Basic|CSG
PartOperation	SmoothingAngle	Property	float	None	None	ReadSafe	write:plugin-only,cap=Basic|CSG
PartOperation	SolidMeshHolder	Property	NetAssetRef	None	None	ReadSafe	hidden,notscriptable,cap=Basic|CSG
PartOperation	SubstituteGeometry	Function	(source: Instance) -> ()	None	None	Unsafe	cap=Basic|CSG
PartOperation	TriangleCount	Property	int	None	RobloxSecurity	ReadSafe	cap=Basic|CSG
PartOperation	UsePartColor	Property	bool	None	None	ReadSafe	cap=Basic|CSG
PartOperationAsset	ChildData	Property	BinaryString	RobloxSecurity	RobloxSecurity	ReadSafe	hidden,notreplicated,notscriptable
PartOperationAsset	MeshData	Property	BinaryString	RobloxSecurity	RobloxSecurity	ReadSafe	hidden,notscriptable
ParticleEmitter	Acceleration	Property	Vector3	None	None	ReadSafe	cap=Basic
ParticleEmitter	Brightness	Property	float	None	None	ReadSafe	cap=Basic
ParticleEmitter	Clear	Function	() -> ()	None	None	Unsafe	cap=Basic
ParticleEmitter	Color	Property	ColorSequence	None	None	ReadSafe	cap=Basic
ParticleEmitter	Drag	Property	float	None	None	ReadSafe	cap=Basic
ParticleEmitter	EmissionDirection	Property	NormalId	None	None	ReadSafe	cap=Basic
ParticleEmitter	Emit	Function	(particleCount: int = 16) -> ()	None	None	Unsafe	cap=Basic
ParticleEmitter	Enabled	Property	bool	None	None	ReadSafe	cap=Basic
ParticleEmitter	FastForward	Function	(numFrames: int) -> ()	RobloxScriptSecurity	RobloxScriptSecurity	Unsafe	cap=Basic
ParticleEmitter	FlipbookBlendFrames	Property	bool	None	None	ReadSafe	cap=Basic
ParticleEmitter	FlipbookFramerate	Property	NumberRange	None	None	ReadSafe	cap=Basic
ParticleEmitter	FlipbookIncompatible	Property	string	None	None	ReadSafe	cap=Basic
ParticleEmitter	FlipbookLayout	Property	ParticleFlipbookLayout	None	None	ReadSafe	cap=Basic
ParticleEmitter	FlipbookMode	Property	ParticleFlipbookMode	None	None	ReadSafe	cap=Basic
ParticleEmitter	FlipbookSizeX	Property	int	None	None	ReadSafe	cap=Basic
ParticleEmitter	FlipbookSizeY	Property	int	None	None	ReadSafe	cap=Basic
ParticleEmitter	FlipbookStartRandom	Property	bool	None	None	ReadSafe	cap=Basic
ParticleEmitter	Lifetime	Property	NumberRange	None	None	ReadSafe	cap=Basic
ParticleEmitter	LightEmission	Property	float	None	None	ReadSafe	cap=Basic
ParticleEmitter	LightInfluence	Property	float	None	None	ReadSafe	cap=Basic
ParticleEmitter	LocalTransparencyModifier	Property	float	None	None	ReadSafe	hidden,notreplicated,cap=Basic
ParticleEmitter	LockedToPart	Property	bool	None	None	ReadSafe	cap=Basic
ParticleEmitter	OnClearRequested	Event	()	None	None	Unsafe	hidden,cap=Basic
ParticleEmitter	OnEmitRequested	Event	(particleCount: int)	None	None	Unsafe	hidden,cap=Basic
ParticleEmitter	Orientation	Property	ParticleOrientation	None	None	ReadSafe	cap=Basic
ParticleEmitter	Rate	Property	float	None	None	ReadSafe	cap=Basic
ParticleEmitter	RotSpeed	Property	NumberRange	None	None	ReadSafe	cap=Basic
ParticleEmitter	Rotation	Property	NumberRange	None	None	ReadSafe	cap=Basic
ParticleEmitter	Shape	Property	ParticleEmitterShape	None	None	ReadSafe	cap=Basic
ParticleEmitter	ShapeInOut	Property	ParticleEmitterShapeInOut	None	None	ReadSafe	cap=Basic
ParticleEmitter	ShapePartial	Property	float	None	None	ReadSafe	cap=Basic
ParticleEmitter	ShapeStyle	Property	ParticleEmitterShapeStyle	None	None	ReadSafe	cap=Basic
ParticleEmitter	Size	Property	NumberSequence	None	None	ReadSafe	cap=Basic
ParticleEmitter	Speed	Property	NumberRange	None	None	ReadSafe	cap=Basic
ParticleEmitter	SpreadAngle	Property	Vector2	None	None	ReadSafe	cap=Basic
ParticleEmitter	Squash	Property	NumberSequence	None	None	ReadSafe	cap=Basic
ParticleEmitter	Texture	Property	ContentId	None	None	ReadSafe	cap=Basic
ParticleEmitter	TextureContent	Property	Content	None	None	ReadSafe	cap=Basic
ParticleEmitter	TimeScale	Property	float	None	None	ReadSafe	cap=Basic
ParticleEmitter	Transparency	Property	NumberSequence	None	None	ReadSafe	cap=Basic
ParticleEmitter	VelocityInheritance	Property	float	None	None	ReadSafe	cap=Basic
ParticleEmitter	VelocitySpread	Property	float	None	None	ReadSafe	notreplicated,deprecated,prefer=SpreadAngle,cap=Basic
ParticleEmitter	WindAffectsDrag	Property	bool	None	None	ReadSafe	cap=Basic
ParticleEmitter	ZOffset	Property	float	None	None	ReadSafe	cap=Basic
PartyEmulatorService	ConfigurationChanged	Event	(configuration: Dictionary)	RobloxScriptSecurity	RobloxScriptSecurity	Unsafe	
PartyEmulatorService	CreateNewParty	Function	() -> string	RobloxScriptSecurity	RobloxScriptSecurity	Unsafe	
PartyEmulatorService	DeleteParty	Function	(partyId: string) -> ()	RobloxScriptSecurity	RobloxScriptSecurity	Unsafe	
PartyEmulatorService	GetEmulatedPartyAsync	Function	(partyId: string) -> Array	RobloxScriptSecurity	RobloxScriptSecurity	Unsafe	yields
PartyEmulatorService	GetEmulatedPartyConfiguration	Function	() -> Dictionary	RobloxScriptSecurity	RobloxScriptSecurity	Unsafe	
PartyEmulatorService	GetIsEmulationEnabled	Function	() -> bool	RobloxScriptSecurity	RobloxScriptSecurity	Unsafe	
PartyEmulatorService	OnTestPlayerCountChanged	Function	(newPlayerCount: int) -> ()	RobloxScriptSecurity	RobloxScriptSecurity	Unsafe	
PartyEmulatorService	SetIsEmulationEnabled	Function	(isEnabled: bool) -> ()	RobloxScriptSecurity	RobloxScriptSecurity	Unsafe	
PartyEmulatorService	SetPlayerPartyId	Function	(userId: int64, partyId: string) -> ()	RobloxScriptSecurity	RobloxScriptSecurity	Unsafe	
PartyEmulatorService	applyPartyIdToPlayer	Function	(player: Player) -> ()	RobloxScriptSecurity	RobloxScriptSecurity	Unsafe	
PatchMapping	FlattenTree	Property	bool	None	None	ReadSafe	undocumented
PatchMapping	PatchId	Property	string	None	None	ReadSafe	undocumented
PatchMapping	TargetPath	Property	string	None	None	ReadSafe	undocumented
Path	Blocked	Event	(blockedWaypointIdx: int)	None	None	Unsafe	cap=Basic
Path	CheckOcclusionAsync	Function	(start: int) -> int	None	None	Unsafe	yields,cap=Basic
Path	ComputeAsync	Function	(start: Vector3, finish: Vector3) -> ()	None	None	Unsafe	yields,cap=Basic
Path	GetPointCoordinates	Function	() -> Array	None	None	Unsafe	deprecated,prefer=GetWaypoints,cap=Basic
Path	GetWaypoints	Function	() -> Array	None	None	Unsafe	cap=Basic
Path	Status	Property	PathStatus	None	None	ReadSafe	readonly,notreplicated,cap=Basic
Path	Unblocked	Event	(unblockedWaypointIdx: int)	None	None	Unsafe	cap=Basic
Path2D	Closed	Property	bool	None	None	ReadSafe	cap=UI
Path2D	Color3	Property	Color3	None	None	ReadSafe	cap=UI
Path2D	ControlPointChanged	Event	()	None	None	Unsafe	cap=UI
Path2D	GetBoundingRect	Function	() -> Rect	None	None	Unsafe	cap=UI
Path2D	GetControlPoint	Function	(index: int) -> Path2DControlPoint	None	None	Unsafe	cap=UI
Path2D	GetControlPoints	Function	() -> Array	None	None	Unsafe	cap=UI
Path2D	GetLength	Function	() -> float	None	None	Unsafe	cap=UI
Path2D	GetMaxControlPoints	Function	() -> int	None	None	Unsafe	cap=UI
Path2D	GetPositionOnCurve	Function	(t: float) -> UDim2	None	None	Unsafe	cap=UI
Path2D	GetPositionOnCurveArcLength	Function	(t: float) -> UDim2	None	None	Unsafe	cap=UI
Path2D	GetSegmentCount	Function	() -> int	RobloxScriptSecurity	RobloxScriptSecurity	Unsafe	cap=UI
Path2D	GetTangentOnCurve	Function	(t: float) -> Vector2	None	None	Unsafe	cap=UI
Path2D	GetTangentOnCurveArcLength	Function	(t: float) -> Vector2	None	None	Unsafe	cap=UI
Path2D	InsertControlPoint	Function	(index: int, point: Path2DControlPoint) -> ()	None	None	Unsafe	cap=UI
Path2D	PropertiesSerialize	Property	BinaryString	RobloxScriptSecurity	RobloxScriptSecurity	ReadSafe	hidden,notscriptable,cap=UI
Path2D	RemoveControlPoint	Function	(index: int) -> ()	None	None	Unsafe	cap=UI
Path2D	SelectedControlPoint	Property	int	RobloxScriptSecurity	RobloxScriptSecurity	ReadSafe	notreplicated,cap=UI
Path2D	SelectedControlPointData	Property	Path2DControlPoint	RobloxScriptSecurity	RobloxScriptSecurity	ReadSafe	notreplicated,cap=UI
Path2D	SetControlPoints	Function	(controlPoints: Array) -> ()	None	None	Unsafe	cap=UI
Path2D	Thickness	Property	float	None	None	ReadSafe	cap=UI
Path2D	Transparency	Property	float	RobloxScriptSecurity	RobloxScriptSecurity	ReadSafe	cap=UI
Path2D	UpdateControlPoint	Function	(index: int, point: Path2DControlPoint) -> ()	None	None	Unsafe	cap=UI
Path2D	Visible	Property	bool	None	None	ReadSafe	cap=UI
Path2D	ZIndex	Property	int	None	None	ReadSafe	cap=UI
Path3D	ControlPointChanged	Event	()	RobloxScriptSecurity	RobloxScriptSecurity	Unsafe	
Path3D	GetControlPoint	Function	(index: int) -> Dictionary	RobloxScriptSecurity	RobloxScriptSecurity	Unsafe	
Path3D	GetControlPoints	Function	() -> Array	RobloxScriptSecurity	RobloxScriptSecurity	Unsafe	
Path3D	GetLength	Function	() -> float	RobloxScriptSecurity	RobloxScriptSecurity	Unsafe	
Path3D	GetMaxControlPoints	Function	() -> int	RobloxScriptSecurity	RobloxScriptSecurity	Unsafe	
Path3D	GetPositionOnCurve	Function	(t: float) -> Vector3	RobloxScriptSecurity	RobloxScriptSecurity	Unsafe	
Path3D	GetPositionOnCurveArcLength	Function	(t: float) -> Vector3	RobloxScriptSecurity	RobloxScriptSecurity	Unsafe	
Path3D	GetSegmentCount	Function	() -> int	RobloxScriptSecurity	RobloxScriptSecurity	Unsafe	
Path3D	GetTangentOnCurve	Function	(t: float) -> Vector3	RobloxScriptSecurity	RobloxScriptSecurity	Unsafe	
Path3D	GetTangentOnCurveArcLength	Function	(t: float) -> Vector3	RobloxScriptSecurity	RobloxScriptSecurity	Unsafe	
Path3D	InsertControlPoint	Function	(index: int, point: Dictionary) -> ()	RobloxScriptSecurity	RobloxScriptSecurity	Unsafe	
Path3D	RemoveControlPoint	Function	(index: int) -> ()	RobloxScriptSecurity	RobloxScriptSecurity	Unsafe	
Path3D	SetControlPoints	Function	(path3DControlPoints: Array) -> ()	RobloxScriptSecurity	RobloxScriptSecurity	Unsafe	
Path3D	UpdateControlPoint	Function	(index: int, point: Dictionary) -> ()	RobloxScriptSecurity	RobloxScriptSecurity	Unsafe	
PathfindingLink	Attachment0	Property	Attachment	None	None	ReadSafe	cap=Basic
PathfindingLink	Attachment1	Property	Attachment	None	None	ReadSafe	cap=Basic
PathfindingLink	IsBidirectional	Property	bool	None	None	ReadSafe	cap=Basic
PathfindingLink	Label	Property	string	None	None	ReadSafe	cap=Basic
PathfindingModifier	Label	Property	string	None	None	ReadSafe	cap=Basic
PathfindingModifier	PassThrough	Property	bool	None	None	ReadSafe	cap=Basic
PathfindingService	ComputeRawPathAsync	Function	(start: Vector3, finish: Vector3, maxDistance: float) -> Path	None	None	Unsafe	yields,deprecated,prefer=FindPathAsync,cap=Basic
PathfindingService	ComputeSmoothPathAsync	Function	(start: Vector3, finish: Vector3, maxDistance: float) -> Path	None	None	Unsafe	yields,deprecated,prefer=FindPathAsync,cap=Basic
PathfindingService	CreatePath	Function	(agentParameters: Dictionary = nil) -> Path	None	None	Unsafe	cap=Basic
PathfindingService	EmptyCutoff	Property	float	None	None	ReadSafe	notreplicated,deprecated,cap=Basic
PathfindingService	FindPathAsync	Function	(start: Vector3, finish: Vector3) -> Path	None	None	Unsafe	yields,cap=Basic
PausedState	AllThreadsPaused	Property	bool	RobloxScriptSecurity	RobloxScriptSecurity	ReadSafe	hidden,readonly,notreplicated
PausedState	Reason	Property	DebuggerPauseReason	RobloxScriptSecurity	RobloxScriptSecurity	ReadSafe	hidden,readonly,notreplicated
PausedState	ThreadId	Property	int	RobloxScriptSecurity	RobloxScriptSecurity	ReadSafe	hidden,readonly,notreplicated
PausedStateBreakpoint	Breakpoint	Property	Breakpoint	RobloxScriptSecurity	RobloxScriptSecurity	ReadSafe	hidden,readonly,notreplicated
PausedStateException	ExceptionText	Property	string	RobloxScriptSecurity	RobloxScriptSecurity	ReadSafe	hidden,readonly,notreplicated
PerformanceControlService	IsCrossExperienceLaunchFeasible	Function	(type: string) -> bool	RobloxScriptSecurity	RobloxScriptSecurity	Unsafe	
PerformanceControlService	SetUserActivity	Function	(state: ScrollState) -> ()	RobloxScriptSecurity	RobloxScriptSecurity	Unsafe	
PermissionsService	GetIsThirdPartyAssetAllowed	Function	() -> bool	RobloxScriptSecurity	RobloxScriptSecurity	Unsafe	
PermissionsService	GetIsThirdPartyPurchaseAllowed	Function	() -> bool	RobloxScriptSecurity	RobloxScriptSecurity	Unsafe	
PermissionsService	GetIsThirdPartyTeleportAllowed	Function	() -> bool	RobloxScriptSecurity	RobloxScriptSecurity	Unsafe	
PermissionsService	GetPermissions	Function	(assetId: string) -> Array	RobloxScriptSecurity	RobloxScriptSecurity	Unsafe	
PermissionsService	SetPermissions	Function	(assetId: string, permissions: Array) -> ()	RobloxScriptSecurity	RobloxScriptSecurity	Unsafe	
PhysicsService	CollisionGroupCollidableChanged	Event	(collisionGroupIndex1: int, collisionGroupIndex2: int)	RobloxSecurity	RobloxSecurity	Unsafe	hidden,cap=Physics
PhysicsService	CollisionGroupContainsPart	Function	(name: string, part: BasePart) -> bool	None	None	Unsafe	deprecated,prefer=CollisionGroup,cap=Physics
PhysicsService	CollisionGroupSetCollidable	Function	(name1: string, name2: string, collidable: bool) -> ()	None	None	Unsafe	sim,cap=Physics
PhysicsService	CollisionGroupsAreCollidable	Function	(name1: string, name2: string) -> bool	None	None	Unsafe	sim,cap=Physics
PhysicsService	CreateCollisionGroup	Function	(name: string) -> int	None	None	Unsafe	deprecated,prefer=RegisterCollisionGroup,cap=Physics
PhysicsService	GetCollisionGroupId	Function	(name: string) -> int	None	None	Unsafe	deprecated,prefer=CollisionGroup,cap=Physics
PhysicsService	GetCollisionGroupName	Function	(name: int) -> string	None	None	Unsafe	deprecated,prefer=CollisionGroup,cap=Physics
PhysicsService	GetCollisionGroups	Function	() -> Array	None	None	Unsafe	deprecated,prefer=GetRegisteredCollisionGroups,cap=Physics
PhysicsService	GetMaxCollisionGroups	Function	() -> int	None	None	Unsafe	sim,cap=Physics
PhysicsService	GetRegisteredCollisionGroups	Function	() -> Array	None	None	Unsafe	sim,cap=Physics
PhysicsService	IkSolve	Function	(part: BasePart, target: CFrame, translateStiffness: float, rotateStiffness: float) -> ()	RobloxScriptSecurity	RobloxScriptSecurity	Unsafe	cap=Physics
PhysicsService	IsCollisionGroupRegistered	Function	(name: string) -> bool	None	None	Unsafe	sim,cap=Physics
PhysicsService	LocalIkSolve	Function	(part: BasePart, target: CFrame, translateStiffness: float, rotateStiffness: float) -> ()	LocalUserSecurity	LocalUserSecurity	Unsafe	cap=Physics
PhysicsService	RegisterCollisionGroup	Function	(name: string) -> ()	None	None	Unsafe	sim,cap=Physics
PhysicsService	RemoveCollisionGroup	Function	(name: string) -> ()	None	None	Unsafe	deprecated,prefer=UnregisterCollisionGroup,cap=Physics
PhysicsService	RenameCollisionGroup	Function	(from: string, to: string) -> ()	None	None	Unsafe	sim,cap=Physics
PhysicsService	SetPartCollisionGroup	Function	(part: BasePart, name: string) -> ()	None	None	Unsafe	deprecated,prefer=CollisionGroup,cap=Physics
PhysicsService	UnregisterCollisionGroup	Function	(name: string) -> ()	None	None	Unsafe	sim,cap=Physics
PhysicsSettings	AllowSleep	Property	bool	PluginSecurity	PluginSecurity	ReadSafe	
PhysicsSettings	AreAnchorsShown	Property	bool	PluginSecurity	PluginSecurity	ReadSafe	
PhysicsSettings	AreAssembliesShown	Property	bool	PluginSecurity	PluginSecurity	ReadSafe	
PhysicsSettings	AreAssemblyCentersOfMassShown	Property	bool	RobloxScriptSecurity	RobloxScriptSecurity	ReadSafe	
PhysicsSettings	AreAwakePartsHighlighted	Property	bool	PluginSecurity	PluginSecurity	ReadSafe	
PhysicsSettings	AreBodyTypesShown	Property	bool	PluginSecurity	PluginSecurity	ReadSafe	
PhysicsSettings	AreCollisionCostsShown	Property	bool	RobloxScriptSecurity	RobloxScriptSecurity	ReadSafe	
PhysicsSettings	AreConstraintForcesShownForSelectedOrHoveredInstances	Property	bool	RobloxScriptSecurity	RobloxScriptSecurity	ReadSafe	
PhysicsSettings	AreConstraintTorquesShownForSelectedOrHoveredInstances	Property	bool	RobloxScriptSecurity	RobloxScriptSecurity	ReadSafe	
PhysicsSettings	AreContactForcesShownForSelectedOrHoveredAssemblies	Property	bool	RobloxScriptSecurity	RobloxScriptSecurity	ReadSafe	
PhysicsSettings	AreContactIslandsShown	Property	bool	PluginSecurity	PluginSecurity	ReadSafe	
PhysicsSettings	AreContactPointsShown	Property	bool	PluginSecurity	PluginSecurity	ReadSafe	
PhysicsSettings	AreGravityForcesShownForSelectedOrHoveredAssemblies	Property	bool	RobloxScriptSecurity	RobloxScriptSecurity	ReadSafe	
PhysicsSettings	AreJointCoordinatesShown	Property	bool	PluginSecurity	PluginSecurity	ReadSafe	
PhysicsSettings	AreMagnitudesShownForDrawnForcesAndTorques	Property	bool	RobloxScriptSecurity	RobloxScriptSecurity	ReadSafe	
PhysicsSettings	AreMechanismsShown	Property	bool	PluginSecurity	PluginSecurity	ReadSafe	
PhysicsSettings	AreModelCoordsShown	Property	bool	PluginSecurity	PluginSecurity	ReadSafe	
PhysicsSettings	AreNonAnchorsShown	Property	bool	PluginSecurity	PluginSecurity	ReadSafe	
PhysicsSettings	AreOwnersShown	Property	bool	PluginSecurity	PluginSecurity	ReadSafe	
PhysicsSettings	ArePartCoordsShown	Property	bool	PluginSecurity	PluginSecurity	ReadSafe	
PhysicsSettings	AreRegionsShown	Property	bool	PluginSecurity	PluginSecurity	ReadSafe	
PhysicsSettings	AreSolverIslandsShown	Property	bool	RobloxScriptSecurity	RobloxScriptSecurity	ReadSafe	
PhysicsSettings	AreTerrainReplicationRegionsShown	Property	bool	PluginSecurity	PluginSecurity	ReadSafe	
PhysicsSettings	AreTimestepsShown	Property	bool	RobloxScriptSecurity	RobloxScriptSecurity	ReadSafe	
PhysicsSettings	AreUnalignedPartsShown	Property	bool	PluginSecurity	PluginSecurity	ReadSafe	
PhysicsSettings	AreWorldCoordsShown	Property	bool	PluginSecurity	PluginSecurity	ReadSafe	
PhysicsSettings	CollisionGeomDrawOriginalParts	Property	bool	RobloxScriptSecurity	RobloxScriptSecurity	ReadSafe	
PhysicsSettings	CollisionGeomMatchPartTransparency	Property	bool	RobloxScriptSecurity	RobloxScriptSecurity	ReadSafe	
PhysicsSettings	CollisionGeomOverlayTransparency	Property	float	RobloxScriptSecurity	RobloxScriptSecurity	ReadSafe	
PhysicsSettings	CollisionGeomShowCollidableParts	Property	bool	RobloxScriptSecurity	RobloxScriptSecurity	ReadSafe	
PhysicsSettings	CollisionGeomShowCollisionGroup	Property	string	RobloxScriptSecurity	RobloxScriptSecurity	ReadSafe	
PhysicsSettings	CollisionGeomShowQueryableParts	Property	bool	RobloxScriptSecurity	RobloxScriptSecurity	ReadSafe	
PhysicsSettings	CollisionGeomShowTouchableParts	Property	bool	RobloxScriptSecurity	RobloxScriptSecurity	ReadSafe	
PhysicsSettings	DisableCSGv2	Property	bool	PluginSecurity	PluginSecurity	ReadSafe	
PhysicsSettings	DisableCSGv3ForPlugins	Property	bool	PluginSecurity	PluginSecurity	ReadSafe	
PhysicsSettings	DrawConstraintsNetForce	Property	bool	RobloxScriptSecurity	RobloxScriptSecurity	ReadSafe	
PhysicsSettings	DrawContactsNetForce	Property	bool	RobloxScriptSecurity	RobloxScriptSecurity	ReadSafe	
PhysicsSettings	DrawTotalNetForce	Property	bool	RobloxScriptSecurity	RobloxScriptSecurity	ReadSafe	
PhysicsSettings	EnableForceVisualizationSmoothing	Property	bool	RobloxScriptSecurity	RobloxScriptSecurity	ReadSafe	
PhysicsSettings	FluidForceDrawScale	Property	float	RobloxScriptSecurity	RobloxScriptSecurity	ReadSafe	
PhysicsSettings	ForceCSGv2	Property	bool	PluginSecurity	PluginSecurity	ReadSafe	hidden,notreplicated
PhysicsSettings	ForceDrawScale	Property	float	RobloxScriptSecurity	RobloxScriptSecurity	ReadSafe	
PhysicsSettings	ForceVisualizationSmoothingSteps	Property	int	RobloxScriptSecurity	RobloxScriptSecurity	ReadSafe	
PhysicsSettings	IsInterpolationThrottleShown	Property	bool	PluginSecurity	PluginSecurity	ReadSafe	
PhysicsSettings	IsReceiveAgeShown	Property	bool	PluginSecurity	PluginSecurity	ReadSafe	
PhysicsSettings	IsTreeShown	Property	bool	PluginSecurity	PluginSecurity	ReadSafe	
PhysicsSettings	PhysicsEnvironmentalThrottle	Property	EnviromentalPhysicsThrottle	PluginSecurity	PluginSecurity	ReadSafe	
PhysicsSettings	ShowDecompositionGeometry	Property	bool	PluginSecurity	PluginSecurity	ReadSafe	
PhysicsSettings	ShowFluidForcesForSelectedOrHoveredMechanisms	Property	bool	RobloxScriptSecurity	RobloxScriptSecurity	ReadSafe	
PhysicsSettings	ShowInstanceNamesForDrawnForcesAndTorques	Property	bool	RobloxScriptSecurity	RobloxScriptSecurity	ReadSafe	
PhysicsSettings	SolverConvergenceMetricType	Property	SolverConvergenceMetricType	RobloxScriptSecurity	RobloxScriptSecurity	ReadSafe	
PhysicsSettings	SolverConvergenceVisualizationMode	Property	SolverConvergenceVisualizationMode	RobloxScriptSecurity	RobloxScriptSecurity	ReadSafe	
PhysicsSettings	ThrottleAdjustTime	Property	double	PluginSecurity	PluginSecurity	ReadSafe	
PhysicsSettings	TorqueDrawScale	Property	float	RobloxScriptSecurity	RobloxScriptSecurity	ReadSafe	
PhysicsSettings	UseCSGv2	Property	bool	PluginSecurity	PluginSecurity	ReadSafe	
PinShortcutService	IsAvailable	Function	() -> bool	RobloxScriptSecurity	RobloxScriptSecurity	Unsafe	
PinShortcutService	IsRevealPinnedExperienceAvailable	Function	() -> bool	RobloxScriptSecurity	RobloxScriptSecurity	Unsafe	
PinShortcutService	OnPinExperienceCompleted	Event	(status: PinExperienceStatus, placeId: int64, universeId: int64, experienceName: string)	RobloxScriptSecurity	RobloxScriptSecurity	Unsafe	
PinShortcutService	PinExperience	Function	(placeId: int64, universeId: int64, experienceName: string) -> ()	RobloxScriptSecurity	RobloxScriptSecurity	Unsafe	
PinShortcutService	RevealPinnedExperience	Function	(placeId: int64) -> ()	RobloxScriptSecurity	RobloxScriptSecurity	Unsafe	
PinShortcutService	ShouldShowLuaNotificationOnPinExperienceCompleted	Function	() -> bool	RobloxScriptSecurity	RobloxScriptSecurity	Unsafe	
PitchShiftSoundEffect	Octave	Property	float	None	None	ReadSafe	cap=LegacySound
PlacesService	StartPlaySolo	Function	() -> ()	RobloxScriptSecurity	RobloxScriptSecurity	Unsafe	
PlacesService	StopPlaySolo	Function	() -> ()	RobloxScriptSecurity	RobloxScriptSecurity	Unsafe	
Platform	RemoteCreateMotor6D	Event	(humanoid: Instance)	None	None	Unsafe	hidden,cap=Basic|AvatarBehavior
Platform	RemoteDestroyMotor6D	Event	()	None	None	Unsafe	hidden,cap=Basic|AvatarBehavior
PlatformCloudStorageService	GetUserDataAsync	Function	(key: string) -> Dictionary	RobloxScriptSecurity	RobloxScriptSecurity	Unsafe	yields
PlatformCloudStorageService	IsUserDataAvailable	Function	() -> bool	RobloxScriptSecurity	RobloxScriptSecurity	Unsafe	
PlatformCloudStorageService	SetUserDataAsync	Function	(key: string, data: Dictionary) -> ()	RobloxScriptSecurity	RobloxScriptSecurity	Unsafe	yields
PlatformFriendsService	GetPartyMembers	Function	() -> Array	RobloxScriptSecurity	RobloxScriptSecurity	Unsafe	yields
PlatformFriendsService	IsInviteFriendsEnabled	Function	() -> bool	RobloxScriptSecurity	RobloxScriptSecurity	Unsafe	
PlatformFriendsService	IsProfileEnabled	Function	() -> bool	RobloxScriptSecurity	RobloxScriptSecurity	Unsafe	
PlatformFriendsService	ShowInviteFriendsUI	Function	() -> ()	RobloxScriptSecurity	RobloxScriptSecurity	Unsafe	
PlatformFriendsService	ShowProfile	Function	(platformUserId: string) -> ()	RobloxScriptSecurity	RobloxScriptSecurity	Unsafe	
PlatformLibraries	RemoteRequireRequest	Event	(libraryName: string)	RobloxSecurity	RobloxSecurity	Unsafe	hidden
PlatformLibraries	RemoteRequireResponse	Event	(libraryName: string, module: ModuleScript)	RobloxSecurity	RobloxSecurity	Unsafe	hidden
Player	AccountAge	Property	int	None	None	ReadSafe	readonly,notreplicated,cap=Players
Player	AccountAgeReplicate	Property	int	None	None	ReadSafe	hidden,notscriptable,cap=Players
Player	AddReplicationFocus	Function	(part: BasePart) -> ()	None	None	Unsafe	cap=Players
Player	AddReplicationFocusPosition	Function	(center: Vector3, radius: int) -> ()	RobloxSecurity	RobloxSecurity	Unsafe	cap=Players
Player	AddToBlockList	Function	(userIds: Array) -> ()	RobloxScriptSecurity	RobloxScriptSecurity	Unsafe	cap=Players
Player	AgeChecked	Property	AgeCheckStatus	None	RobloxSecurity	ReadSafe	cap=Players
Player	AppearanceDidLoad	Property	bool	RobloxScriptSecurity	RobloxScriptSecurity	ReadSafe	hidden,readonly,notreplicated,deprecated,cap=Players
Player	AutoJumpEnabled	Property	bool	None	None	ReadSafe	cap=Players
Player	BlockListChanged	Event	()	RobloxScriptSecurity	RobloxScriptSecurity	Unsafe	cap=Players
Player	CameraFieldOfView	Property	float	RobloxSecurity	RobloxSecurity	ReadSafe	hidden,notscriptable,cap=Players
Player	CameraFrustumRequested	Property	bool	RobloxSecurity	RobloxSecurity	ReadSafe	hidden,notscriptable,cap=Players
Player	CameraMaxZoomDistance	Property	float	None	None	ReadSafe	cap=Players
Player	CameraMinZoomDistance	Property	float	None	None	ReadSafe	cap=Players
Player	CameraMode	Property	CameraMode	None	None	ReadSafe	cap=Players
Player	CameraViewportSize	Property	Vector2	RobloxSecurity	RobloxSecurity	ReadSafe	hidden,notscriptable,cap=Players
Player	CanLoadCharacterAppearance	Property	bool	None	None	ReadSafe	cap=Players
Player	Character	Property	Model	None	None	ReadSafe	cap=Players
Player	CharacterAdded	Event	(character: Model)	None	None	Unsafe	cap=Players
Player	CharacterAppearance	Property	string	None	None	ReadSafe	notbrowsable,deprecated,prefer=CharacterAppearanceId,cap=Players
Player	CharacterAppearanceId	Property	int64	None	None	ReadSafe	cap=Players
Player	CharacterAppearanceLoaded	Event	(character: Model)	None	None	Unsafe	cap=Players
Player	CharacterRemoving	Event	(character: Model)	None	None	Unsafe	cap=Players
Player	ChararacterRegionId	Property	Vector3	RobloxSecurity	RobloxSecurity	ReadSafe	hidden,notscriptable,cap=Players
Player	ChatAvailabilityStatus	Property	string	RobloxScriptSecurity	RobloxScriptSecurity	ReadSafe	hidden,notreplicated,cap=Players
Player	ChatMode	Property	ChatMode	RobloxScriptSecurity	RobloxScriptSecurity	ReadSafe	hidden,readonly,notreplicated,cap=Players
Player	ChatPrivacyMode	Property	ChatPrivacyMode	RobloxScriptSecurity	RobloxScriptSecurity	ReadSafe	hidden,notscriptable,cap=Players
Player	Chatted	Event	(message: string, recipient: Player)	None	None	Unsafe	cap=Chat|Players
Player	ClearCachedAvatarAppearance	Function	() -> ()	None	None	Unsafe	cap=AvatarAppearance|Players
Player	ClearCharacterAppearance	Function	() -> ()	None	None	Unsafe	cap=Players
Player	CloudEditCameraCoordinateFrame	Property	CFrame	None	None	ReadSafe	hidden,notscriptable,cap=Players
Player	CloudEditPlayerActive	Property	bool	None	None	ReadSafe	hidden,notscriptable,cap=Players
Player	CloudEditSelectionChanged	Event	(newSelection: Array)	RobloxScriptSecurity	RobloxScriptSecurity	Unsafe	cap=Players
Player	CountryRegionCodeReplicate	Property	string	None	None	ReadSafe	hidden,notscriptable,cap=Players
Player	DataComplexity	Property	int	None	None	ReadSafe	hidden,readonly,notreplicated,deprecated,cap=Players
Player	DataComplexityLimit	Property	int	LocalUserSecurity	LocalUserSecurity	ReadSafe	hidden,notreplicated,deprecated,cap=Players
Player	DataReady	Property	bool	None	None	ReadSafe	hidden,readonly,notreplicated,deprecated,cap=Players
Player	DevCameraOcclusionMode	Property	DevCameraOcclusionMode	None	None	ReadSafe	cap=Players
Player	DevComputerCameraMode	Property	DevComputerCameraMovementMode	None	None	ReadSafe	cap=Players
Player	DevComputerMovementMode	Property	DevComputerMovementMode	None	None	ReadSafe	cap=Players
Player	DevEnableMouseLock	Property	bool	None	None	ReadSafe	cap=Players
Player	DevTouchCameraMode	Property	DevTouchCameraMovementMode	None	None	ReadSafe	cap=Players
Player	DevTouchMovementMode	Property	DevTouchMovementMode	None	None	ReadSafe	cap=Players
Player	DisplayName	Property	string	None	None	ReadSafe	cap=Players
Player	DistanceFromCharacter	Function	(point: Vector3) -> float	None	None	Unsafe	cap=Players
Player	FollowUserId	Property	int64	None	None	ReadSafe	readonly,notreplicated,cap=Players
Player	FollowUserIdReplicated	Property	int64	None	None	ReadSafe	hidden,notscriptable,cap=Players
Player	FriendStatusChanged	Event	(player: Player, friendStatus: FriendStatus)	RobloxScriptSecurity	RobloxScriptSecurity	Unsafe	cap=Players
Player	FrustumStreaming	Property	FrustumStreamingMode	None	None	ReadSafe	cap=Players
Player	GameplayPaused	Property	bool	None	NotAccessibleSecurity	ReadSafe	hidden,cap=Players
Player	GetBlockListInitialized	Function	() -> bool	RobloxScriptSecurity	RobloxScriptSecurity	Unsafe	cap=Players
Player	GetCameraState	Function	() -> Dictionary	None	None	Safe	customluastate,sim,cap=Players
Player	GetCanManageAsync	Function	() -> bool	RobloxScriptSecurity	RobloxScriptSecurity	Unsafe	yields,cap=Players
Player	GetData	Function	() -> PlayerData	None	None	Unsafe	cap=Players,undocumented
Player	GetFriendStatus	Function	(player: Player) -> FriendStatus	RobloxScriptSecurity	RobloxScriptSecurity	Unsafe	cap=Players
Player	GetFriendsInServerAsync	Function	() -> Array	None	None	Unsafe	yields,cap=Players|Social,undocumented
Player	GetFriendsInUniverseAsync	Function	() -> Array	None	None	Unsafe	yields,cap=Players|Social,undocumented
Player	GetFriendsOnline	Function	(maxFriends: int = 200) -> Array	None	None	Unsafe	yields,deprecated,prefer=GetFriendsOnlineAsync,cap=Players|Social
Player	GetFriendsOnlineAsync	Function	(maxFriends: int = 200) -> Array	None	None	Unsafe	yields,cap=Players|Social
Player	GetFriendsWhoPlayedAsync	Function	() -> Array	None	None	Unsafe	yields,cap=Players|Social
Player	GetGameSessionID	Function	() -> string	RobloxSecurity	RobloxSecurity	Unsafe	cap=Players
Player	GetGlobalUserId	Function	() -> int64	RobloxScriptSecurity	RobloxScriptSecurity	Unsafe	cap=Players
Player	GetJoinData	Function	() -> Dictionary	None	None	Unsafe	customluastate,cap=Players
Player	GetMouse	Function	() -> Mouse	None	None	Unsafe	cap=Input|Players
Player	GetNetworkPing	Function	() -> float	None	None	Safe	cap=Players
Player	GetRankInGroup	Function	(groupId: int64) -> int	None	None	Unsafe	yields,deprecated,prefer=GetRankInGroupAsync,cap=Players|Groups
Player	GetRankInGroupAsync	Function	(groupId: int64) -> int	None	None	Unsafe	yields,deprecated,prefer=GetRolesInGroupAsync,cap=Players|Groups
Player	GetRoleInGroup	Function	(groupId: int64) -> string	None	None	Unsafe	yields,deprecated,prefer=GetRoleInGroupAsync,cap=Players|Groups
Player	GetRoleInGroupAsync	Function	(groupId: int64) -> string	None	None	Unsafe	yields,deprecated,prefer=GetRolesInGroupAsync,cap=Players|Groups
Player	GetSeatRequested	Function	() -> Instance	RobloxScriptSecurity	RobloxScriptSecurity	Safe	sim,cap=Players
Player	GetToolRequested	Function	() -> Instance	RobloxScriptSecurity	RobloxScriptSecurity	Safe	sim,cap=Players
Player	GetUnder13	Function	() -> bool	RobloxScriptSecurity	RobloxScriptSecurity	Unsafe	cap=Players
Player	Guest	Property	bool	RobloxScriptSecurity	RobloxScriptSecurity	ReadSafe	hidden,readonly,notreplicated,cap=Players
Player	HasAppearanceLoaded	Function	() -> bool	None	None	Unsafe	cap=Players
Player	HasBlockedPlayer	Function	(fromPlayer: int64) -> bool	RobloxScriptSecurity	RobloxScriptSecurity	Unsafe	cap=Players
Player	HasRobloxSubscription	Property	bool	None	RobloxSecurity	ReadSafe	cap=Players
Player	HasVerifiedBadge	Property	bool	None	None	ReadSafe	cap=Players
Player	HealthDisplayDistance	Property	float	None	None	ReadSafe	cap=Players
Player	Idled	Event	(time: double)	None	None	Unsafe	cap=Players
Player	InputLatency	Property	int	RobloxSecurity	RobloxSecurity	ReadSafe	cap=Players
Player	InstancePinned	Event	(uniqueIdString: string, depth: int)	RobloxScriptSecurity	RobloxScriptSecurity	Unsafe	cap=Players
Player	InstanceUnpinned	Event	(uniqueIdString: string, depth: int)	RobloxScriptSecurity	RobloxScriptSecurity	Unsafe	cap=Players
Player	InternalCharacterAppearanceLoaded	Property	bool	None	None	ReadSafe	hidden,notscriptable,cap=Players
Player	IsBestFriendsWith	Function	(userId: User) -> bool	None	None	Unsafe	yields,deprecated,cap=Players
Player	IsFriendsWith	Function	(userId: User) -> bool	None	None	Unsafe	yields,deprecated,prefer=IsFriendsWithAsync,cap=Players|Social
Player	IsFriendsWithAsync	Function	(userId: User) -> bool	None	None	Unsafe	yields,cap=Players|Social
Player	IsInGroup	Function	(groupId: int64) -> bool	None	None	Unsafe	yields,deprecated,prefer=IsInGroupAsync,cap=Players|Groups
Player	IsInGroupAsync	Function	(groupId: int64) -> bool	None	None	Unsafe	yields,cap=Players|Groups
Player	IsVerified	Function	(level: VerifiedLevel = Low) -> bool	None	None	Unsafe	cap=Players
Player	Kick	Function	(message: string = ) -> ()	None	None	Unsafe	cap=Players|Consequences
Player	Kill	Event	()	LocalUserSecurity	LocalUserSecurity	Unsafe	hidden,cap=Players
Player	LoadBoolean	Function	(key: string) -> bool	None	None	Unsafe	deprecated,cap=Players
Player	LoadCharacter	Function	() -> ()	None	None	Unsafe	yields,deprecated,prefer=LoadCharacterAsync,cap=Players
Player	LoadCharacterAppearance	Function	(assetInstance: Instance) -> ()	None	None	Unsafe	deprecated,cap=AvatarAppearance|Players
Player	LoadCharacterAsync	Function	() -> ()	None	None	Unsafe	yields,cap=Players
Player	LoadCharacterBlocking	Function	() -> ()	LocalUserSecurity	LocalUserSecurity	Unsafe	yields,cap=Players
Player	LoadCharacterWithAvatarRules	Function	(avatarRules: AvatarRules) -> ()	RobloxScriptSecurity	RobloxScriptSecurity	Unsafe	yields,cap=Players
Player	LoadCharacterWithHumanoidDescription	Function	(humanoidDescription: HumanoidDescription, assetTypeVerification: AssetTypeVerification = Default) -> ()	None	None	Unsafe	yields,deprecated,prefer=LoadCharacterWithHumanoidDescriptionAsync,cap=Players
Player	LoadCharacterWithHumanoidDescriptionAsync	Function	(humanoidDescription: HumanoidDescription, assetTypeVerification: AssetTypeVerification = Default) -> ()	None	None	Unsafe	yields,cap=Players
Player	LoadData	Function	() -> ()	LocalUserSecurity	LocalUserSecurity	Unsafe	deprecated,cap=Players
Player	LoadInstance	Function	(key: string) -> Instance	None	None	Unsafe	deprecated,cap=Players
Player	LoadNumber	Function	(key: string) -> double	None	None	Unsafe	deprecated,cap=Players
Player	LoadString	Function	(key: string) -> string	None	None	Unsafe	deprecated,cap=Players
Player	LocaleId	Property	string	None	None	ReadSafe	hidden,readonly,notreplicated,cap=Players
Player	MaxSimulationRadius	Property	float	LocalUserSecurity	LocalUserSecurity	ReadSafe	hidden,notscriptable,cap=Players
Player	MaximumSimulationRadius	Property	float	LocalUserSecurity	LocalUserSecurity	ReadSafe	hidden,notreplicated,cap=Players
Player	MembershipType	Property	MembershipType	None	None	ReadSafe	readonly,notreplicated,cap=Players
Player	MembershipTypeReplicate	Property	MembershipType	None	None	ReadSafe	hidden,notscriptable,cap=Players
Player	Move	Function	(walkDirection: Vector3, relativeToCamera: bool = false) -> ()	None	None	Unsafe	cap=Players
Player	NameDisplayDistance	Property	float	None	None	ReadSafe	cap=Players
Player	NeedRegionalFallback	Property	bool	RobloxSecurity	RobloxSecurity	ReadSafe	hidden,notscriptable,cap=Players
Player	Neutral	Property	bool	None	None	ReadSafe	cap=Players
Player	NotifyAgeCheckPassed	Function	() -> ()	RobloxScriptSecurity	RobloxScriptSecurity	Unsafe	cap=Players
Player	NotifyAgeCheckPassedReplicated	Event	()	RobloxSecurity	RobloxSecurity	Unsafe	hidden,cap=Players
Player	NotifyStreamingUnpinned	Event	(instance: Instance, depth: int)	RobloxSecurity	RobloxSecurity	Unsafe	hidden,cap=Players
Player	OnTeleport	Event	(teleportState: TeleportState, placeId: int64, spawnName: string)	None	None	Unsafe	cap=Players|Teleport
Player	OnTeleportInternal	Event	(teleportState: TeleportState, teleportInfo: Dictionary, customLoadingScreen: Instance)	RobloxSecurity	RobloxSecurity	Unsafe	hidden,cap=Players
Player	OsPlatform	Property	string	RobloxScriptSecurity	RobloxScriptSecurity	ReadSafe	hidden,notreplicated,cap=Players
Player	OverrideStreamRadii	Event	(minRadius: int, targetRadius: int)	RobloxSecurity	RobloxSecurity	Unsafe	hidden,cap=Players
Player	OverrideStreamingRadii	Function	(minRadius: int, targetRadius: int) -> ()	RobloxSecurity	RobloxSecurity	Unsafe	cap=Players
Player	PartyId	Property	string	None	RobloxSecurity	ReadSafe	hidden,notreplicated,cap=Players
Player	PauseTeleports	Event	()	RobloxSecurity	RobloxSecurity	Unsafe	hidden,cap=Players
Player	PendingRequestedTool	Property	Instance	RobloxSecurity	RobloxSecurity	ReadSafe	hidden,notscriptable,cap=Players
Player	PinStreamingForInstance	Function	(instance: Instance, depth: int) -> ()	RobloxScriptSecurity	RobloxScriptSecurity	Unsafe	cap=Players
Player	PinStreamingForInstanceByUniqueId	Function	(uniqueIdString: string, depth: int) -> ()	RobloxScriptSecurity	RobloxScriptSecurity	Unsafe	cap=Players
Player	PlatformName	Property	string	RobloxScriptSecurity	RobloxScriptSecurity	ReadSafe	hidden,cap=Players
Player	PlayerCharacterLoaded	Event	(metrics: Dictionary)	RobloxSecurity	RobloxSecurity	Unsafe	hidden,cap=Players
Player	PlayerChatTranslationSettingsLocaleSetFromLua	Event	(newLocaleId: string)	RobloxSecurity	RobloxSecurity	Unsafe	hidden,cap=Players
Player	PlayerExperienceSettingsLocaleSetFromLua	Event	(newLocaleId: string)	RobloxSecurity	RobloxSecurity	Unsafe	hidden,cap=Players
Player	PromptAgeCheck	Function	() -> ()	None	None	Unsafe	cap=Players
Player	PromptSecurityChallengeAsync	Function	() -> bool	RobloxSecurity	RobloxSecurity	Unsafe	yields,cap=Players
Player	RawJoinData	Property	BinaryString	RobloxSecurity	RobloxSecurity	ReadSafe	hidden,notscriptable,cap=Players
Player	RemoteFriendRequestSignal	Event	(otherUserId: int64, eventType: FriendRequestEvent)	RobloxScriptSecurity	RobloxScriptSecurity	Unsafe	hidden,cap=Players
Player	RemoteInsert	Event	(url: string, position: Vector3)	LocalUserSecurity	LocalUserSecurity	Unsafe	hidden,cap=Players
Player	RemoveCharacter	Function	() -> ()	LocalUserSecurity	LocalUserSecurity	Unsafe	cap=Players
Player	RemoveReplicationFocus	Function	(part: BasePart) -> ()	None	None	Unsafe	cap=Players
Player	RemoveReplicationFocusPosition	Function	(center: Vector3, radius: int) -> ()	RobloxSecurity	RobloxSecurity	Unsafe	cap=Players
Player	ReplicationFocus	Property	Instance	None	None	ReadSafe	cap=Players
Player	RequestFriendship	Function	(player: Player) -> ()	RobloxScriptSecurity	RobloxScriptSecurity	Unsafe	cap=Players
Player	RequestSeat	Function	(instance: Instance) -> ()	RobloxScriptSecurity	RobloxScriptSecurity	Safe	sim,cap=Players
Player	RequestStreamAroundAsync	Function	(position: Vector3, timeOut: double = 0) -> ()	None	None	Unsafe	yields,cap=Players
Player	RequestStreamingPin	Event	(instance: Instance, depth: int)	RobloxSecurity	RobloxSecurity	Unsafe	hidden,cap=Players
Player	RequestStreamingPinByUniqueId	Event	(uniqueIdString: string, depth: int)	RobloxSecurity	RobloxSecurity	Unsafe	hidden,cap=Players
Player	RequestTool	Function	(instance: Instance) -> ()	RobloxScriptSecurity	RobloxScriptSecurity	Safe	sim,cap=Players
Player	RespawnLocation	Property	SpawnLocation	None	None	ReadSafe	cap=Players
Player	RevokeFriendship	Function	(player: Player) -> ()	RobloxScriptSecurity	RobloxScriptSecurity	Unsafe	cap=Players
Player	SaveBoolean	Function	(key: string, value: bool) -> ()	None	None	Unsafe	deprecated,cap=Players
Player	SaveData	Function	() -> ()	LocalUserSecurity	LocalUserSecurity	Unsafe	deprecated,cap=Players
Player	SaveInstance	Function	(key: string, value: Instance) -> ()	None	None	Unsafe	deprecated,cap=Players
Player	SaveNumber	Function	(key: string, value: double) -> ()	None	None	Unsafe	deprecated,cap=Players
Player	SaveString	Function	(key: string, value: string) -> ()	None	None	Unsafe	deprecated,cap=Players
Player	ScopeCheckInitiated	Event	(guid: string, serializedScopes: Array, metadata: Dictionary)	RobloxSecurity	RobloxSecurity	Unsafe	hidden,cap=Players
Player	ScriptSecurityError	Event	(hash: string, error: string, stack: string)	LocalUserSecurity	LocalUserSecurity	Unsafe	hidden,cap=Players
Player	SendCameraFrustum	Event	(pv: ReplicationPV)	RobloxSecurity	RobloxSecurity	Unsafe	hidden,cap=Players
Player	SendMaxClientBandwidthBps	Event	(bandwidthBps: int)	RobloxSecurity	RobloxSecurity	Unsafe	hidden,cap=Players
Player	ServerToClientUnfilteredChatReplicate	Event	(value: bool)	RobloxSecurity	RobloxSecurity	Unsafe	hidden,cap=Players
Player	ServerUpdatedHead	Event	(assetType: AssetType, assetId: int64)	RobloxSecurity	RobloxSecurity	Unsafe	hidden,cap=Players
Player	SetAccountAge	Function	(accountAge: int) -> ()	PluginSecurity	PluginSecurity	Unsafe	cap=Players
Player	SetBlockListInitialized	Function	() -> ()	RobloxScriptSecurity	RobloxScriptSecurity	Unsafe	cap=Players
Player	SetCharacterAppearanceJson	Function	(jsonBlob: string) -> ()	RobloxScriptSecurity	RobloxScriptSecurity	Unsafe	cap=Players
Player	SetChatTranslationSettingsLocaleId	Function	(locale: string) -> ()	RobloxScriptSecurity	RobloxScriptSecurity	Unsafe	cap=Players
Player	SetExperienceSettingsLocaleId	Function	(locale: string) -> ()	RobloxScriptSecurity	RobloxScriptSecurity	Unsafe	cap=Players
Player	SetHasRobloxSubscription	Function	(hasRobloxSubscription: bool) -> ()	RobloxScriptSecurity	RobloxScriptSecurity	Unsafe	cap=Players
Player	SetMembershipType	Function	(membershipType: MembershipType) -> ()	RobloxScriptSecurity	RobloxScriptSecurity	Unsafe	cap=Players
Player	SetModerationAccessKey	Function	(moderationAccessKey: string) -> ()	RobloxScriptSecurity	RobloxScriptSecurity	Unsafe	cap=Players
Player	SetShutdownMessage	Event	(message: string, metadata: Dictionary)	RobloxSecurity	RobloxSecurity	Unsafe	hidden,cap=Players
Player	SetSuperSafeChat	Function	(value: bool) -> ()	PluginSecurity	PluginSecurity	Unsafe	cap=Players
Player	SetUnder13	Function	(value: bool) -> ()	RobloxSecurity	RobloxSecurity	Unsafe	deprecated,cap=Players
Player	SimulationRadius	Property	float	LocalUserSecurity	LocalUserSecurity	ReadSafe	hidden,cap=Players
Player	SimulationRadiusChanged	Event	(radius: float)	LocalUserSecurity	LocalUserSecurity	Unsafe	cap=Players
Player	StatsAvailable	Event	(info: string)	LocalUserSecurity	LocalUserSecurity	Unsafe	hidden,cap=Players
Player	StepIdOffset	Property	int	RobloxSecurity	RobloxSecurity	ReadSafe	cap=Players
Player	StreamingPinComplete	Event	(instance: Instance)	RobloxScriptSecurity	RobloxScriptSecurity	Unsafe	cap=Players
Player	SuperSafeChatReplicate	Property	bool	LocalUserSecurity	LocalUserSecurity	ReadSafe	hidden,notscriptable,cap=Players
Player	Team	Property	Team	None	None	ReadSafe	notreplicated,cap=Players
Player	TeamColor	Property	BrickColor	None	None	ReadSafe	cap=Players
Player	Teleported	Property	bool	RobloxScriptSecurity	RobloxScriptSecurity	ReadSafe	hidden,readonly,notreplicated,cap=Players
Player	TeleportedIn	Property	bool	RobloxScriptSecurity	RobloxScriptSecurity	ReadSafe	hidden,cap=Players
Player	ThirdPartyTextChatRestrictionStatus	Property	ChatRestrictionStatus	RobloxScriptSecurity	RobloxScriptSecurity	ReadSafe	readonly,notreplicated,cap=Players
Player	UnfilteredChat	Property	bool	RobloxScriptSecurity	RobloxScriptSecurity	ReadSafe	hidden,readonly,notreplicated,cap=Players
Player	UnpinStreaming	Event	(instance: Instance, depth: int)	RobloxSecurity	RobloxSecurity	Unsafe	hidden,cap=Players
Player	UnpinStreamingForInstance	Function	(instance: Instance, depth: int) -> ()	RobloxScriptSecurity	RobloxScriptSecurity	Unsafe	cap=Players
Player	UpdatePlayerBlocked	Function	(userId: int64, blocked: bool) -> ()	RobloxScriptSecurity	RobloxScriptSecurity	Unsafe	cap=Players
Player	User	Property	User	None	RobloxSecurity	ReadSafe	cap=Players
Player	UserId	Property	int64	None	None	ReadSafe	cap=Players
Player	UserIdModeReplicate	Property	UserIdMode	RobloxSecurity	RobloxSecurity	ReadSafe	hidden,notscriptable,cap=Players
Player	VRDevice	Property	string	RobloxScriptSecurity	RobloxScriptSecurity	ReadSafe	hidden,cap=Players
Player	VREnabled	Property	bool	RobloxScriptSecurity	RobloxScriptSecurity	ReadSafe	hidden,notreplicated,cap=Players
Player	VoiceChatVolume	Property	float	RobloxScriptSecurity	RobloxScriptSecurity	ReadSafe	hidden,notreplicated,cap=Players
Player	WaitForDataReady	Function	() -> bool	None	None	Unsafe	yields,deprecated,cap=Players
Player	iradDebugServerReceivedIradRequest	Event	(minRadius: int, targetRadius: int, interfaceExists: bool)	RobloxSecurity	RobloxSecurity	Unsafe	hidden,cap=Players
Player	isFriendsWith	Function	(userId: User) -> bool	None	None	Unsafe	yields,deprecated,prefer=IsFriendsWith,cap=Players
Player	loadBoolean	Function	(key: string) -> bool	None	None	Unsafe	deprecated,prefer=LoadBoolean,cap=Players
Player	loadInstance	Function	(key: string) -> Instance	None	None	Unsafe	deprecated,prefer=LoadInstance,cap=Players
Player	loadNumber	Function	(key: string) -> double	None	None	Unsafe	deprecated,prefer=LoadNumber,cap=Players
Player	loadString	Function	(key: string) -> string	None	None	Unsafe	deprecated,prefer=LoadString,cap=Players
Player	saveBoolean	Function	(key: string, value: bool) -> ()	None	None	Unsafe	deprecated,prefer=SaveBoolean,cap=Players
Player	saveInstance	Function	(key: string, value: Instance) -> ()	None	None	Unsafe	deprecated,prefer=SaveInstance,cap=Players
Player	saveNumber	Function	(key: string, value: double) -> ()	None	None	Unsafe	deprecated,prefer=SaveNumber,cap=Players
Player	saveString	Function	(key: string, value: string) -> ()	None	None	Unsafe	deprecated,prefer=SaveString,cap=Players
Player	userId	Property	int64	None	None	ReadSafe	deprecated,prefer=UserId,cap=Players
Player	waitForDataReady	Function	() -> bool	None	None	Unsafe	yields,deprecated,prefer=WaitForDataReady,cap=Players
PlayerData	GetPlayer	Function	() -> Player	None	None	Unsafe	undocumented
PlayerData	GetRecordAsync	Function	(recordName: string = Default) -> PlayerDataRecord	None	None	Unsafe	yields,undocumented
PlayerDataRecord	Changed	Event	(key: string, value: Variant)	None	None	Unsafe	undocumented
PlayerDataRecord	CreatedTime	Property	int64	None	None	ReadSafe	readonly,notreplicated,undocumented
PlayerDataRecord	DefaultRecordName	Property	bool	None	None	ReadSafe	readonly,notreplicated,undocumented
PlayerDataRecord	Dirty	Property	bool	None	None	ReadSafe	readonly,notreplicated,undocumented
PlayerDataRecord	Error	Property	PlayerDataErrorState	None	None	ReadSafe	readonly,notreplicated,undocumented
PlayerDataRecord	Flushed	Event	(flushState: bool, error: string?)	None	None	Unsafe	undocumented
PlayerDataRecord	FlushedTime	Property	int64	None	None	ReadSafe	readonly,notreplicated,undocumented
PlayerDataRecord	GetPlayer	Function	() -> Player	None	None	Unsafe	undocumented
PlayerDataRecord	GetValue	Function	(key: string) -> Variant	None	None	Unsafe	undocumented
PlayerDataRecord	GetValueChangedSignal	Function	(key: string) -> RBXScriptSignal	None	None	Unsafe	undocumented
PlayerDataRecord	Loaded	Event	(success: bool, error: string?)	None	None	Unsafe	undocumented
PlayerDataRecord	LoadedTime	Property	int64	None	None	ReadSafe	readonly,notreplicated,undocumented
PlayerDataRecord	ModifiedTime	Property	int64	None	None	ReadSafe	readonly,notreplicated,undocumented
PlayerDataRecord	NewRecord	Property	bool	None	None	ReadSafe	readonly,notreplicated,undocumented
PlayerDataRecord	Readable	Property	bool	None	None	ReadSafe	readonly,notreplicated,undocumented
PlayerDataRecord	RecordName	Property	string	None	None	ReadSafe	readonly,notreplicated,undocumented
PlayerDataRecord	ReleaseAsync	Function	() -> ()	None	None	Unsafe	yields,undocumented
PlayerDataRecord	RemoveValue	Function	(key: string) -> ()	None	None	Unsafe	undocumented
PlayerDataRecord	RequestFlushAsync	Function	() -> ()	None	None	Unsafe	yields,undocumented
PlayerDataRecord	SetValue	Function	(key: string, value: Variant) -> ()	None	None	Unsafe	undocumented
PlayerDataRecord	Writable	Property	bool	None	None	ReadSafe	readonly,notreplicated,undocumented
PlayerDataRecordConfig	GetDefaultValue	Function	(key: string) -> Variant	None	None	Unsafe	undocumented
PlayerDataRecordConfig	RecordName	Property	string	None	None	ReadSafe	readonly,notreplicated,undocumented
PlayerDataRecordConfig	SetDefaultValue	Function	(key: string, value: Variant) -> ()	None	None	Unsafe	undocumented
PlayerDataService	GetRecordConfig	Function	(recordName: string = Default) -> PlayerDataRecordConfig	None	None	Unsafe	undocumented
PlayerDataService	LoadFailureBehavior	Property	PlayerDataLoadFailureBehavior	None	None	ReadSafe	undocumented
PlayerEmulatorService	CustomPoliciesEnabled	Property	bool	RobloxScriptSecurity	RobloxScriptSecurity	ReadSafe	hidden,notreplicated
PlayerEmulatorService	EmulatedCountryCode	Property	string	RobloxScriptSecurity	RobloxScriptSecurity	ReadSafe	hidden,notreplicated
PlayerEmulatorService	EmulatedGameLocale	Property	string	RobloxScriptSecurity	RobloxScriptSecurity	ReadSafe	hidden,notreplicated
PlayerEmulatorService	GetEmulatedPolicyInfo	Function	() -> Dictionary	RobloxScriptSecurity	RobloxScriptSecurity	Unsafe	
PlayerEmulatorService	PlayerEmulationEnabled	Property	bool	RobloxScriptSecurity	RobloxScriptSecurity	ReadSafe	hidden,notreplicated
PlayerEmulatorService	PseudolocalizationEnabled	Property	bool	RobloxScriptSecurity	RobloxScriptSecurity	ReadSafe	hidden,notreplicated
PlayerEmulatorService	RegionCodeWillHaveAutomaticNonCustomPolicies	Function	(regionCode: string) -> bool	RobloxScriptSecurity	RobloxScriptSecurity	Unsafe	
PlayerEmulatorService	SerializedEmulatedPolicyInfo	Property	BinaryString	RobloxSecurity	RobloxSecurity	ReadSafe	hidden,notreplicated
PlayerEmulatorService	SetEmulatedPolicyInfo	Function	(emulatedPolicyInfo: Dictionary) -> ()	RobloxScriptSecurity	RobloxScriptSecurity	Unsafe	
PlayerEmulatorService	TextElongationFactor	Property	int	RobloxScriptSecurity	RobloxScriptSecurity	ReadSafe	hidden,notreplicated
PlayerGui	CurrentScreenOrientation	Property	ScreenOrientation	None	None	ReadSafe	readonly,notreplicated,cap=UI
PlayerGui	GetTopbarTransparency	Function	() -> float	None	None	Unsafe	deprecated,cap=UI
PlayerGui	InputBindingMappingsRaw	Property	BinaryString	RobloxScriptSecurity	RobloxScriptSecurity	ReadSafe	hidden,notscriptable,cap=UI
PlayerGui	ScreenOrientation	Property	ScreenOrientation	None	None	ReadSafe	cap=UI
PlayerGui	SelectionImageObject	Property	GuiObject	None	None	ReadSafe	cap=UI
PlayerGui	SetTopbarTransparency	Function	(transparency: float) -> ()	None	None	Unsafe	deprecated,cap=UI
PlayerGui	TopbarTransparencyChangedSignal	Event	(transparency: float)	None	None	Unsafe	deprecated,cap=UI
PlayerHydrationService	PlayerHydration	Event	(userId: int64, playerHydrationBlob: string, playerHydrationSignature: string)	RobloxSecurity	RobloxSecurity	Unsafe	hidden
PlayerListConfiguration	Open	Property	bool	None	None	ReadSafe	cap=UI
PlayerScripts	ClearComputerCameraMovementModes	Function	() -> ()	None	None	Unsafe	cap=Input|Players
PlayerScripts	ClearComputerMovementModes	Function	() -> ()	None	None	Unsafe	cap=Input|Players
PlayerScripts	ClearTouchCameraMovementModes	Function	() -> ()	None	None	Unsafe	cap=Input|Players
PlayerScripts	ClearTouchMovementModes	Function	() -> ()	None	None	Unsafe	cap=Input|Players
PlayerScripts	ComputerCameraMovementModeRegistered	Event	()	RobloxScriptSecurity	RobloxScriptSecurity	Unsafe	cap=Players
PlayerScripts	ComputerMovementModeRegistered	Event	()	RobloxScriptSecurity	RobloxScriptSecurity	Unsafe	cap=Players
PlayerScripts	GetRegisteredComputerCameraMovementModes	Function	() -> Array	RobloxScriptSecurity	RobloxScriptSecurity	Unsafe	cap=Players
PlayerScripts	GetRegisteredComputerMovementModes	Function	() -> Array	RobloxScriptSecurity	RobloxScriptSecurity	Unsafe	cap=Players
PlayerScripts	GetRegisteredTouchCameraMovementModes	Function	() -> Array	RobloxScriptSecurity	RobloxScriptSecurity	Unsafe	cap=Players
PlayerScripts	GetRegisteredTouchMovementModes	Function	() -> Array	RobloxScriptSecurity	RobloxScriptSecurity	Unsafe	cap=Players
PlayerScripts	RegisterComputerCameraMovementMode	Function	(cameraMovementMode: ComputerCameraMovementMode) -> ()	None	None	Unsafe	cap=Input|Players
PlayerScripts	RegisterComputerMovementMode	Function	(movementMode: ComputerMovementMode) -> ()	None	None	Unsafe	cap=Input|Players
PlayerScripts	RegisterTouchCameraMovementMode	Function	(cameraMovementMode: TouchCameraMovementMode) -> ()	None	None	Unsafe	cap=Input|Players
PlayerScripts	RegisterTouchMovementMode	Function	(movementMode: TouchMovementMode) -> ()	None	None	Unsafe	cap=Input|Players
PlayerScripts	TouchCameraMovementModeRegistered	Event	()	RobloxScriptSecurity	RobloxScriptSecurity	Unsafe	cap=Players
PlayerScripts	TouchMovementModeRegistered	Event	()	RobloxScriptSecurity	RobloxScriptSecurity	Unsafe	cap=Players
PlayerViewService	GetDeviceCameraCFrame	Function	(player: Player = nil) -> CFrame	None	None	Unsafe	cap=SensitiveInput
PlayerViewService	GetDeviceCameraCFrameForSelfView	Function	() -> CFrame	RobloxScriptSecurity	RobloxScriptSecurity	Unsafe	cap=SensitiveInput
PlayerViewService	OnCameraCFrameReplicationRequest	Function	() -> ()	RobloxScriptSecurity	RobloxScriptSecurity	Unsafe	cap=SensitiveInput
PlayerViewService	UpdateDeviceCFrame	Function	(player: Player = nil, cframe: CFrame = …, timestamp: int64 = 0) -> ()	RobloxScriptSecurity	RobloxScriptSecurity	Unsafe	cap=SensitiveInput
Players	BanAsync	Function	(config: Dictionary) -> ()	None	None	Unsafe	yields,cap=Players|Consequences
Players	BanningEnabled	Property	bool	None	None	ReadSafe	notscriptable,cap=Players
Players	BubbleChat	Property	bool	None	None	ReadSafe	readonly,notreplicated,cap=Chat|Players
Players	CharacterAutoLoads	Property	bool	None	None	ReadSafe	notreplicated,cap=Players
Players	Chat	Function	(message: string) -> ()	PluginSecurity	PluginSecurity	Unsafe	cap=Players
Players	ClassicChat	Property	bool	None	None	ReadSafe	readonly,notreplicated,cap=Chat|Players
Players	CloudEditApplyEditsMessage	Event	(playerName: string, scriptName: string)	RobloxSecurity	RobloxSecurity	Unsafe	hidden,cap=Players
Players	CreateHumanoidModelFromDescription	Function	(description: HumanoidDescription, rigType: HumanoidRigType, assetTypeVerification: AssetTypeVerification = Default) -> Model	None	None	Unsafe	yields,deprecated,prefer=CreateHumanoidModelFromDescriptionAsync,cap=AvatarAppearance|Players
Players	CreateHumanoidModelFromDescriptionAsync	Function	(description: HumanoidDescription, rigType: HumanoidRigType, assetTypeVerification: AssetTypeVerification = Default) -> Model	None	None	Unsafe	yields,cap=AvatarAppearance|Players
Players	CreateHumanoidModelFromUserId	Function	(userId: User) -> Model	None	None	Unsafe	yields,deprecated,prefer=CreateHumanoidModelFromUserIdAsync,cap=Players
Players	CreateHumanoidModelFromUserIdAsync	Function	(userId: User) -> Model	None	None	Unsafe	yields,cap=Players
Players	CreateLocalPlayer	Function	() -> Player	LocalUserSecurity	LocalUserSecurity	Unsafe	cap=Players
Players	CreateThumbnailPlayer	Function	() -> Player	RobloxScriptSecurity	RobloxScriptSecurity	Unsafe	cap=Players
Players	FriendRequestEvent	Event	(player: Player, player: Player, friendRequestEvent: FriendRequestEvent)	RobloxScriptSecurity	RobloxScriptSecurity	Unsafe	cap=Players
Players	GetBanHistoryAsync	Function	(userId: User) -> BanHistoryPages	None	None	Unsafe	yields,cap=Players|Consequences
Players	GetCharacterAppearanceAsync	Function	(userId: User) -> Model	None	None	Unsafe	yields,deprecated,cap=Players
Players	GetCharacterAppearanceInfoAsync	Function	(userId: User) -> Dictionary	None	None	Unsafe	yields,cap=Players
Players	GetFriendsAsync	Function	(userId: User) -> FriendPages	None	None	Unsafe	yields,cap=Players|Social
Players	GetHumanoidDescriptionFromOutfitId	Function	(outfitId: int64) -> HumanoidDescription	None	None	Unsafe	yields,deprecated,prefer=GetHumanoidDescriptionFromOutfitIdAsync,cap=AvatarAppearance|Players
Players	GetHumanoidDescriptionFromOutfitIdAsync	Function	(outfitId: int64) -> HumanoidDescription	None	None	Unsafe	yields,cap=AvatarAppearance|Players
Players	GetHumanoidDescriptionFromUserId	Function	(userId: User) -> HumanoidDescription	None	None	Unsafe	yields,deprecated,prefer=GetHumanoidDescriptionFromUserIdAsync,cap=AvatarAppearance|Players
Players	GetHumanoidDescriptionFromUserIdAsync	Function	(userId: User) -> HumanoidDescription	None	None	Unsafe	yields,cap=AvatarAppearance|Players
Players	GetNameFromUserIdAsync	Function	(userId: User) -> string	None	None	Unsafe	yields,cap=Players
Players	GetPlayerByUserId	Function	(userId: User) -> Player	None	None	Safe	cap=Players
Players	GetPlayerFromCharacter	Function	(character: Model) -> Player	None	None	Unsafe	sim,cap=Players
Players	GetPlayers	Function	() -> Instances	None	None	Safe	cap=Players
Players	GetProfileConfigurationFromUserIdAsync	Function	(userId: User) -> Dictionary	None	None	Unsafe	yields,cap=AvatarAppearance|Players
Players	GetUserIdFromNameAsync	Function	(userName: string) -> int64	None	None	Unsafe	yields,cap=Players
Players	GetUserThumbnailAsync	Function	(userId: User, thumbnailType: ThumbnailType, thumbnailSize: ThumbnailSize) -> Tuple	None	None	Unsafe	yields,cap=Players
Players	LocalPlayer	Property	Player	None	None	ReadSafe	readonly,notreplicated,cap=Players
Players	MaxPlayers	Property	int	None	None	ReadSafe	readonly,notreplicated,cap=Players
Players	MaxPlayersInternal	Property	int	LocalUserSecurity	LocalUserSecurity	ReadSafe	hidden,cap=Players
Players	NumPlayers	Property	int	None	None	ReadSafe	readonly,notreplicated,deprecated,prefer=GetPlayers,cap=Players
Players	PlayerAdded	Event	(player: Player)	None	None	Unsafe	cap=Players
Players	PlayerChatted	Event	(chatType: PlayerChatType, player: Player, message: string, targetPlayer: Player)	LocalUserSecurity	LocalUserSecurity	Unsafe	cap=Players
Players	PlayerConnecting	Event	(player: Player)	LocalUserSecurity	LocalUserSecurity	Unsafe	cap=Players
Players	PlayerDisconnecting	Event	(player: Player)	LocalUserSecurity	LocalUserSecurity	Unsafe	cap=Players
Players	PlayerMembershipChanged	Event	(player: Player)	None	None	Unsafe	cap=Players
Players	PlayerRejoining	Event	(player: Player)	LocalUserSecurity	LocalUserSecurity	Unsafe	cap=Players
Players	PlayerRemoving	Event	(player: Player, reason: PlayerExitReason)	None	None	Unsafe	cap=Players
Players	PreferredPlayers	Property	int	None	None	ReadSafe	readonly,notreplicated,cap=Players
Players	PreferredPlayersInternal	Property	int	LocalUserSecurity	LocalUserSecurity	ReadSafe	hidden,cap=Players
Players	PromptAgeCheckRequested	Event	(player: Player)	RobloxScriptSecurity	RobloxScriptSecurity	Unsafe	cap=Players
Players	PromptGameServerAvatarReportEnrichment	Event	(reportId: string, targetUserId: int64)	RobloxSecurity	RobloxSecurity	Unsafe	hidden,cap=Players
Players	PromptGameServerReportEnrichment	Event	(reportId: string)	RobloxSecurity	RobloxSecurity	Unsafe	hidden,cap=Players
Players	PromptGameServerTargetedChatReportEnrichment	Event	(reportId: string, eligibleChatLines: Array, targetChatLines: Array)	RobloxSecurity	RobloxSecurity	Unsafe	hidden,cap=Players
Players	PromptReportServerEnrichmentAndScan	Event	(v1comment: string, submitterId: int64, abuserId: int64, reportId: string)	RobloxSecurity	RobloxSecurity	Unsafe	hidden,cap=Players
Players	ReportAbuse	Function	(player: Player, reason: string, optionalMessage: string) -> ()	LocalUserSecurity	LocalUserSecurity	Unsafe	cap=Players
Players	ReportAbuseV3	Function	(player: Player, jsonTags: string) -> ()	RobloxScriptSecurity	RobloxScriptSecurity	Unsafe	cap=Players
Players	ReportAvatarAbuse	Function	(targetUserId: int64, tags: Dictionary) -> ()	RobloxScriptSecurity	RobloxScriptSecurity	Unsafe	cap=Players
Players	ReportChatAbuse	Function	(eligibleChatLines: Array, targetChatLines: Array, tags: Dictionary) -> ()	RobloxScriptSecurity	RobloxScriptSecurity	Unsafe	cap=Players
Players	RequestCloudEditKick	Event	(playerId: int64)	RobloxSecurity	RobloxSecurity	Unsafe	hidden,cap=Players
Players	RequestCloudEditShutdown	Event	()	RobloxSecurity	RobloxSecurity	Unsafe	hidden,cap=Players
Players	ResetLocalPlayer	Function	() -> ()	LocalUserSecurity	LocalUserSecurity	Unsafe	cap=Players
Players	RespawnTime	Property	float	None	None	ReadSafe	cap=Players
Players	ServerGitHash	Property	string	RobloxSecurity	RobloxSecurity	ReadSafe	hidden,notscriptable,cap=Players
Players	ServerLogPrefix	Property	string	RobloxSecurity	RobloxSecurity	ReadSafe	hidden,notscriptable,cap=Players
Players	SetChatStyle	Function	(style: ChatStyle = Classic) -> ()	PluginSecurity	PluginSecurity	Unsafe	cap=Players
Players	SetLocalPlayerInfo	Function	(userId: int64, userName: string, displayName: string, membershipType: MembershipType, isUnder13: bool, hasRobloxSubscription: bool = false, ageCheckedStatus: AgeCheckStatus = Unchecked) -> ()	RobloxScriptSecurity	RobloxScriptSecurity	Unsafe	cap=Players
Players	TeamChat	Function	(message: string) -> ()	PluginSecurity	PluginSecurity	Unsafe	cap=Players
Players	TeamCreateServerMessage	Event	(messageType: MessageType, message: string, printToStatusBar: bool)	RobloxSecurity	RobloxSecurity	Unsafe	hidden,cap=Players
Players	UnbanAsync	Function	(config: Dictionary) -> ()	None	None	Unsafe	yields,cap=Players|Consequences
Players	UseStrafingAnimations	Property	bool	None	None	ReadSafe	notscriptable,cap=Players
Players	UserSubscriptionStatusChanged	Event	(user: Player, subscriptionId: string)	None	None	Unsafe	cap=Players|Monetization
Players	WhisperChat	Function	(message: string, player: Instance) -> ()	LocalUserSecurity	LocalUserSecurity	Unsafe	cap=Players
Players	getPlayers	Function	() -> Instances	None	None	Unsafe	deprecated,prefer=GetPlayers,cap=Players
Players	localPlayer	Property	Player	None	None	ReadSafe	hidden,readonly,notreplicated,deprecated,prefer=LocalPlayer,cap=Players
Players	numPlayers	Property	int	None	None	ReadSafe	hidden,readonly,notreplicated,deprecated,prefer=NumPlayers,cap=Players
Players	playerFromCharacter	Function	(character: Model) -> Player	None	None	Unsafe	deprecated,prefer=GetPlayerFromCharacter,cap=Players
Players	players	Function	() -> Instances	None	None	Unsafe	deprecated,prefer=GetPlayers,cap=Players
Plugin	Activate	Function	(exclusiveMouse: bool) -> ()	PluginSecurity	PluginSecurity	Unsafe	
Plugin	CollisionEnabled	Property	bool	None	None	ReadSafe	readonly,notreplicated
Plugin	CreateDockWidgetPluginGui	Function	(pluginGuiId: string, dockWidgetPluginGuiInfo: DockWidgetPluginGuiInfo) -> DockWidgetPluginGui	PluginSecurity	PluginSecurity	Unsafe	yields,deprecated,prefer=CreateDockWidgetPluginGuiAsync
Plugin	CreateDockWidgetPluginGuiAsync	Function	(pluginGuiId: string, dockWidgetPluginGuiInfo: DockWidgetPluginGuiInfo) -> DockWidgetPluginGui	PluginSecurity	PluginSecurity	Unsafe	yields
Plugin	CreatePluginAction	Function	(actionId: string, text: string, statusTip: string, iconName: string = , allowBinding: bool = true) -> PluginAction	PluginSecurity	PluginSecurity	Unsafe	
Plugin	CreatePluginMenu	Function	(id: string, title: string = , icon: string = ) -> PluginMenu	PluginSecurity	PluginSecurity	Unsafe	
Plugin	CreateQWidgetPluginGui	Function	(pluginGuiId: string, pluginGuiOptions: Dictionary) -> QWidgetPluginGui	RobloxScriptSecurity	RobloxScriptSecurity	Unsafe	yields
Plugin	CreateToolbar	Function	(name: string) -> PluginToolbar	PluginSecurity	PluginSecurity	Unsafe	
Plugin	Deactivate	Function	() -> ()	PluginSecurity	PluginSecurity	Unsafe	
Plugin	Deactivation	Event	()	PluginSecurity	PluginSecurity	Unsafe	
Plugin	DisableUIDragDetectorDrags	Property	bool	RobloxScriptSecurity	RobloxScriptSecurity	ReadSafe	
Plugin	FinishFullLoading	Function	(payload: Variant) -> ()	RobloxScriptSecurity	RobloxScriptSecurity	Unsafe	customluastate
Plugin	GetItem	Function	(key: string, defaultValue: Variant) -> Variant	RobloxScriptSecurity	RobloxScriptSecurity	Unsafe	
Plugin	GetJoinMode	Function	() -> JointCreationMode	PluginSecurity	PluginSecurity	Unsafe	
Plugin	GetMouse	Function	() -> PluginMouse	PluginSecurity	PluginSecurity	Unsafe	
Plugin	GetPluginComponent	Function	(name: string) -> Variant	RobloxScriptSecurity	RobloxScriptSecurity	Unsafe	customluastate
Plugin	GetPreinitPayload	Function	() -> Variant	RobloxScriptSecurity	RobloxScriptSecurity	Unsafe	customluastate
Plugin	GetSelectedRibbonTool	Function	() -> RibbonTool	PluginSecurity	PluginSecurity	Unsafe	
Plugin	GetSetting	Function	(key: string) -> Variant	PluginSecurity	PluginSecurity	Unsafe	
Plugin	GetStudioUserId	Function	() -> int64	PluginSecurity	PluginSecurity	Unsafe	deprecated
Plugin	GetUri	Function	() -> Dictionary	RobloxScriptSecurity	RobloxScriptSecurity	Unsafe	
Plugin	GridSize	Property	float	None	None	ReadSafe	readonly,notreplicated
Plugin	HostDataModelType	Property	StudioDataModelType	RobloxScriptSecurity	RobloxScriptSecurity	ReadSafe	hidden,readonly,notreplicated
Plugin	HostDataModelTypeIsCurrent	Property	bool	RobloxScriptSecurity	RobloxScriptSecurity	ReadSafe	hidden,readonly,notreplicated
Plugin	ImportFbxAnimation	Function	(rigModel: Instance, isR15: bool = true) -> Instance	PluginSecurity	PluginSecurity	Unsafe	yields,deprecated,prefer=ImportFbxAnimationAsync
Plugin	ImportFbxAnimationAsync	Function	(rigModel: Instance, isR15: bool = true) -> Instance	PluginSecurity	PluginSecurity	Unsafe	yields
Plugin	ImportFbxRig	Function	(isR15: bool = true) -> Instance	PluginSecurity	PluginSecurity	Unsafe	yields,deprecated,prefer=ImportFbxRigAsync
Plugin	ImportFbxRigAsync	Function	(isR15: bool = true) -> Instance	PluginSecurity	PluginSecurity	Unsafe	yields
Plugin	Intersect	Function	(objects: Instances) -> Instance	PluginSecurity	PluginSecurity	Unsafe	
Plugin	Invoke	Function	(key: string, arguments: Tuple) -> ()	RobloxScriptSecurity	RobloxScriptSecurity	Unsafe	
Plugin	IsActivated	Function	() -> bool	PluginSecurity	PluginSecurity	Unsafe	
Plugin	IsActivatedWithExclusiveMouse	Function	() -> bool	PluginSecurity	PluginSecurity	Unsafe	
Plugin	IsDebuggable	Property	bool	RobloxScriptSecurity	RobloxScriptSecurity	ReadSafe	
Plugin	IsLoadedFromProject	Function	() -> bool	RobloxScriptSecurity	RobloxScriptSecurity	Unsafe	
Plugin	MultipleDocumentInterfaceInstance	Property	MultipleDocumentInterfaceInstance	RobloxScriptSecurity	RobloxScriptSecurity	ReadSafe	hidden,readonly,notreplicated
Plugin	Negate	Function	(objects: Instances) -> Instances	PluginSecurity	PluginSecurity	Unsafe	
Plugin	OnInvoke	Function	(key: string, callback: Function) -> Instance	RobloxScriptSecurity	RobloxScriptSecurity	Unsafe	
Plugin	OnInvokeSuspendOverride	Function	(key: string, callback: Function) -> Instance	RobloxScriptSecurity	RobloxScriptSecurity	Unsafe	
Plugin	OnSetItem	Function	(key: string, callback: Function) -> Instance	RobloxScriptSecurity	RobloxScriptSecurity	Unsafe	
Plugin	OpenScript	Function	(script: LuaSourceContainer, lineNumber: int = 1) -> ()	PluginSecurity	PluginSecurity	Unsafe	deprecated
Plugin	OpenWikiPage	Function	(url: string) -> ()	PluginSecurity	PluginSecurity	Unsafe	
Plugin	PauseSound	Function	(sound: Instance) -> ()	RobloxScriptSecurity	RobloxScriptSecurity	Unsafe	
Plugin	PlaySound	Function	(sound: Instance, normalizedTimePosition: double = 0) -> ()	RobloxScriptSecurity	RobloxScriptSecurity	Unsafe	
Plugin	ProcessAssetInsertionDrag	Callback	(assetId: string, assetTypeId: int, instances: Instances) -> Instances	RobloxScriptSecurity	RobloxScriptSecurity	Unsafe	noyield
Plugin	ProcessAssetInsertionDrop	Callback	() -> ()	RobloxScriptSecurity	RobloxScriptSecurity	Unsafe	noyield
Plugin	PromptForExistingAssetId	Function	(assetType: string) -> int64	PluginSecurity	PluginSecurity	Unsafe	yields
Plugin	PromptForExistingAssetIdAsync	Function	(assetType: string) -> int64	PluginSecurity	PluginSecurity	Unsafe	yields
Plugin	PromptSaveSelection	Function	(suggestedFileName: string = ) -> bool	PluginSecurity	PluginSecurity	Unsafe	yields,deprecated,prefer=PromptSaveSelectionAsync
Plugin	PromptSaveSelectionAsync	Function	(suggestedFileName: string = ) -> bool	PluginSecurity	PluginSecurity	Unsafe	yields
Plugin	Ready	Event	()	RobloxScriptSecurity	RobloxScriptSecurity	Unsafe	
Plugin	ResumeSound	Function	(sound: Instance) -> ()	RobloxScriptSecurity	RobloxScriptSecurity	Unsafe	
Plugin	SaveSelectedToRoblox	Function	() -> ()	PluginSecurity	PluginSecurity	Unsafe	
Plugin	SelectRibbonTool	Function	(tool: RibbonTool, position: UDim2) -> ()	PluginSecurity	PluginSecurity	Unsafe	
Plugin	Separate	Function	(objects: Instances) -> Instances	PluginSecurity	PluginSecurity	Unsafe	
Plugin	SetItem	Function	(key: string, value: Variant) -> ()	RobloxScriptSecurity	RobloxScriptSecurity	Unsafe	
Plugin	SetReady	Function	() -> ()	RobloxScriptSecurity	RobloxScriptSecurity	Unsafe	
Plugin	SetSetting	Function	(key: string, value: Variant) -> ()	PluginSecurity	PluginSecurity	Unsafe	
Plugin	StartDecalDrag	Function	(decal: Instance) -> ()	RobloxScriptSecurity	RobloxScriptSecurity	Unsafe	
Plugin	StartDrag	Function	(dragData: Dictionary) -> ()	PluginSecurity	PluginSecurity	Unsafe	
Plugin	StopAllSounds	Function	() -> ()	RobloxScriptSecurity	RobloxScriptSecurity	Unsafe	
Plugin	Union	Function	(objects: Instances) -> Instance	PluginSecurity	PluginSecurity	Unsafe	
Plugin	Unloading	Event	()	PluginSecurity	PluginSecurity	Unsafe	
Plugin	UsesAssetInsertionDrag	Property	bool	RobloxScriptSecurity	RobloxScriptSecurity	ReadSafe	hidden,notreplicated
Plugin	ViewportDragDropped	Event	(dragData: Dictionary)	RobloxScriptSecurity	RobloxScriptSecurity	Unsafe	
Plugin	ViewportDragEntered	Event	(dragData: Dictionary)	RobloxScriptSecurity	RobloxScriptSecurity	Unsafe	
Plugin	ViewportDragLeft	Event	()	RobloxScriptSecurity	RobloxScriptSecurity	Unsafe	
PluginAction	ActionId	Property	string	None	None	ReadSafe	readonly,notreplicated
PluginAction	AllowBinding	Property	bool	None	None	ReadSafe	readonly,notreplicated
PluginAction	Checked	Property	bool	RobloxScriptSecurity	RobloxScriptSecurity	ReadSafe	hidden,notreplicated
PluginAction	DefaultShortcut	Property	string	RobloxScriptSecurity	RobloxScriptSecurity	ReadSafe	hidden,notreplicated
PluginAction	Enabled	Property	bool	RobloxScriptSecurity	RobloxScriptSecurity	ReadSafe	hidden,notreplicated
PluginAction	StatusTip	Property	string	None	None	ReadSafe	readonly,notreplicated
PluginAction	Text	Property	string	None	RobloxScriptSecurity	ReadSafe	notreplicated
PluginAction	Triggered	Event	()	PluginSecurity	PluginSecurity	Unsafe	
PluginAction	Visible	Property	bool	RobloxScriptSecurity	RobloxScriptSecurity	ReadSafe	hidden,notreplicated
PluginCapabilities	Manifest	Property	string	RobloxScriptSecurity	RobloxScriptSecurity	ReadSafe	
PluginConnection	BindToMessage	Function	(callbackFunction: Function) -> RBXScriptConnection	PluginSecurity	PluginSecurity	Unsafe	
PluginConnection	Connected	Property	bool	PluginSecurity	PluginSecurity	ReadSafe	readonly,notreplicated
PluginConnection	GroupId	Property	string	RobloxSecurity	RobloxSecurity	ReadSafe	hidden,readonly,notreplicated,notscriptable
PluginConnection	SendMessage	Function	(message: Variant) -> ()	PluginSecurity	PluginSecurity	Unsafe	
PluginConnection	TargetId	Property	string	PluginSecurity	PluginSecurity	ReadSafe	readonly,notreplicated
PluginConnection	Type	Property	PluginConnectionTargetType	PluginSecurity	PluginSecurity	ReadSafe	readonly,notreplicated
PluginConnectionService	CanHaveConnectionType	Function	(type: PluginConnectionTargetType) -> bool	PluginSecurity	PluginSecurity	Unsafe	
PluginConnectionService	Connected	Event	(conn: PluginConnection)	PluginSecurity	PluginSecurity	Unsafe	
PluginConnectionService	GetPluginConnectionsOfType	Function	(type: PluginConnectionTargetType) -> Array	PluginSecurity	PluginSecurity	Unsafe	
PluginDragEvent	Data	Property	string	None	None	ReadSafe	readonly,notreplicated
PluginDragEvent	MimeType	Property	string	None	None	ReadSafe	readonly,notreplicated
PluginDragEvent	Position	Property	Vector2	None	None	ReadSafe	readonly,notreplicated
PluginDragEvent	Sender	Property	string	None	None	ReadSafe	readonly,notreplicated
PluginGui	BindToClose	Function	(function: Function = nil) -> ()	None	None	Unsafe	cap=UI
PluginGui	GetRelativeMousePosition	Function	() -> Vector2	PluginSecurity	PluginSecurity	Unsafe	cap=UI
PluginGui	InputBegan	Event	(input: InputObject, gameProcessedEvent: bool)	RobloxScriptSecurity	RobloxScriptSecurity	Unsafe	cap=UI
PluginGui	InputChanged	Event	(input: InputObject, gameProcessedEvent: bool)	RobloxScriptSecurity	RobloxScriptSecurity	Unsafe	cap=UI
PluginGui	InputEnded	Event	(input: InputObject, gameProcessedEvent: bool)	RobloxScriptSecurity	RobloxScriptSecurity	Unsafe	cap=UI
PluginGui	MouseEnter	Event	()	RobloxScriptSecurity	RobloxScriptSecurity	Unsafe	cap=UI
PluginGui	MouseLeave	Event	()	RobloxScriptSecurity	RobloxScriptSecurity	Unsafe	cap=UI
PluginGui	OverrideStudioAction	Function	(studioAction: StudioAction) -> StudioActionOverride	RobloxScriptSecurity	RobloxScriptSecurity	Unsafe	cap=UI
PluginGui	Plugin	Property	Plugin	RobloxScriptSecurity	RobloxScriptSecurity	ReadSafe	hidden,readonly,notreplicated,cap=UI
PluginGui	PluginDragDropped	Event	(dragData: Dictionary)	PluginSecurity	PluginSecurity	Unsafe	cap=UI
PluginGui	PluginDragEntered	Event	(dragData: Dictionary)	PluginSecurity	PluginSecurity	Unsafe	cap=UI
PluginGui	PluginDragLeft	Event	(dragData: Dictionary)	PluginSecurity	PluginSecurity	Unsafe	cap=UI
PluginGui	PluginDragMoved	Event	(dragData: Dictionary)	PluginSecurity	PluginSecurity	Unsafe	cap=UI
PluginGui	PointerAction	Event	(wheel: float, pan: Vector2, pinch: float, gameProcessedEvent: bool)	RobloxScriptSecurity	RobloxScriptSecurity	Unsafe	cap=UI
PluginGui	Title	Property	string	None	None	ReadSafe	cap=UI
PluginGui	WindowFocusReleased	Event	()	PluginSecurity	PluginSecurity	Unsafe	cap=UI
PluginGui	WindowFocused	Event	()	PluginSecurity	PluginSecurity	Unsafe	cap=UI
PluginManagementService	GetOTAPluginVersion	Function	(pluginName: string = ) -> int64	RobloxScriptSecurity	RobloxScriptSecurity	Unsafe	yields
PluginManagementService	ListPluginGuisAsync	Function	() -> Dictionary	RobloxScriptSecurity	RobloxScriptSecurity	Unsafe	yields
PluginManagementService	SetAutoUpdate	Function	(pluginId: int64, state: bool) -> ()	RobloxScriptSecurity	RobloxScriptSecurity	Unsafe	
PluginManager	CreatePlugin	Function	() -> Instance	PluginSecurity	PluginSecurity	Unsafe	deprecated,customluastate
PluginManager	ExportPlace	Function	(filePath: string = ) -> ()	PluginSecurity	PluginSecurity	Unsafe	
PluginManager	ExportSelection	Function	(filePath: string = ) -> ()	PluginSecurity	PluginSecurity	Unsafe	
PluginManagerInterface	CreatePlugin	Function	() -> Instance	PluginSecurity	PluginSecurity	Unsafe	deprecated,customluastate
PluginManagerInterface	ExportPlace	Function	(filePath: string = ) -> ()	PluginSecurity	PluginSecurity	Unsafe	
PluginManagerInterface	ExportSelection	Function	(filePath: string = ) -> ()	PluginSecurity	PluginSecurity	Unsafe	
PluginMenu	AddAction	Function	(action: Instance) -> ()	PluginSecurity	PluginSecurity	Unsafe	
PluginMenu	AddMenu	Function	(menu: Instance) -> ()	PluginSecurity	PluginSecurity	Unsafe	
PluginMenu	AddNewAction	Function	(actionId: string, text: string, icon: string = ) -> Instance	PluginSecurity	PluginSecurity	Unsafe	
PluginMenu	AddSeparator	Function	() -> ()	PluginSecurity	PluginSecurity	Unsafe	
PluginMenu	Clear	Function	() -> ()	PluginSecurity	PluginSecurity	Unsafe	
PluginMenu	Icon	Property	string	None	None	ReadSafe	notreplicated
PluginMenu	ShowAsync	Function	() -> Instance	PluginSecurity	PluginSecurity	Unsafe	yields
PluginMenu	Title	Property	string	None	None	ReadSafe	notreplicated
PluginMenu	Visible	Property	bool	RobloxScriptSecurity	RobloxScriptSecurity	ReadSafe	
PluginMouse	DragEnter	Event	(instances: Instances)	PluginSecurity	PluginSecurity	Unsafe	cap=Input
PluginPolicyService	GetPluginPolicy	Function	(pluginName: string) -> Dictionary	RobloxScriptSecurity	RobloxScriptSecurity	Unsafe	
PluginToolbar	CreateButton	Function	(buttonId: string, tooltip: string, iconname: string, text: string = ) -> PluginToolbarButton	PluginSecurity	PluginSecurity	Unsafe	
PluginToolbar	CreatePopupButton	Function	(buttonId: string, tooltip: string, iconname: string, text: string = ) -> PluginToolbarButton	RobloxScriptSecurity	RobloxScriptSecurity	Unsafe	
PluginToolbarButton	Click	Event	()	PluginSecurity	PluginSecurity	Unsafe	
PluginToolbarButton	ClickableWhenViewportHidden	Property	bool	None	None	ReadSafe	notreplicated
PluginToolbarButton	DropdownClick	Event	()	RobloxScriptSecurity	RobloxScriptSecurity	Unsafe	
PluginToolbarButton	Enabled	Property	bool	None	None	ReadSafe	notreplicated
PluginToolbarButton	Icon	Property	ContentId	None	None	ReadSafe	notreplicated
PluginToolbarButton	IconContent	Property	Content	PluginSecurity	PluginSecurity	ReadSafe	notreplicated
PluginToolbarButton	SetActive	Function	(active: bool) -> ()	PluginSecurity	PluginSecurity	Unsafe	
PluginToolbarButton	SetDropdownActive	Function	(active: bool) -> ()	RobloxScriptSecurity	RobloxScriptSecurity	Unsafe	
PointLight	Range	Property	float	None	None	ReadSafe	cap=Basic
PointsService	AwardPoints	Function	(userId: int64, amount: int) -> Tuple	None	None	Unsafe	yields,deprecated,cap=Basic
PointsService	GetAwardablePoints	Function	() -> int	None	None	Unsafe	deprecated,cap=Basic
PointsService	GetGamePointBalance	Function	(userId: int64) -> int	None	None	Unsafe	yields,deprecated,cap=Basic
PointsService	GetPointBalance	Function	(userId: int64) -> int	None	None	Unsafe	yields,deprecated,cap=Basic
PointsService	PointsAwarded	Event	(userId: int64, pointsAwarded: int, userBalanceInGame: int, userTotalBalance: int)	None	None	Unsafe	cap=Basic
PolicyService	CanViewBrandProjectAsync	Function	(player: Player, brandProjectId: string) -> bool	None	None	Unsafe	yields,cap=Basic
PolicyService	GetPolicyInfoForPlayerAsync	Function	(player: Instance) -> Dictionary	None	None	Unsafe	yields,cap=Basic
PolicyService	GetPolicyInfoForServerRobloxOnlyAsync	Function	() -> Dictionary	RobloxScriptSecurity	RobloxScriptSecurity	Unsafe	yields,cap=Basic
PolicyService	IsLuobuServer	Property	TriStateBoolean	RobloxScriptSecurity	RobloxScriptSecurity	ReadSafe	hidden,cap=Basic
PolicyService	LuobuWhitelisted	Property	TriStateBoolean	RobloxScriptSecurity	RobloxScriptSecurity	ReadSafe	hidden,cap=Basic
PopLatencyService	GetSnapshot	Function	() -> Variant	RobloxScriptSecurity	RobloxScriptSecurity	Unsafe	
PopLatencyService	IsEnabled	Function	() -> bool	RobloxScriptSecurity	RobloxScriptSecurity	Unsafe	
Pose	AddSubPose	Function	(pose: Instance) -> ()	None	None	Unsafe	cap=Animation
Pose	CFrame	Property	CFrame	None	None	ReadSafe	cap=Animation
Pose	GetSubPoses	Function	() -> Instances	None	None	Unsafe	cap=Animation
Pose	MaskWeight	Property	float	None	None	ReadSafe	notreplicated,deprecated,cap=Animation
Pose	RemoveSubPose	Function	(pose: Instance) -> ()	None	None	Unsafe	cap=Animation
PoseBase	EasingDirection	Property	PoseEasingDirection	None	None	ReadSafe	cap=Animation
PoseBase	EasingStyle	Property	PoseEasingStyle	None	None	ReadSafe	cap=Animation
PoseBase	Weight	Property	float	None	None	ReadSafe	cap=Animation
PostEffect	Enabled	Property	bool	None	None	ReadSafe	cap=Environment
ProceduralModel	Dirty	Property	bool	None	None	ReadSafe	hidden,notscriptable,cap=Basic
ProceduralModel	ForceGeneration	Function	() -> bool	None	None	Unsafe	cap=Basic
ProceduralModel	GenerationError	Property	string	None	None	ReadSafe	readonly,notreplicated,cap=Basic
ProceduralModel	Generator	Property	ModuleScript	None	None	ReadSafe	cap=Basic
ProceduralModel	Size	Property	Vector3	None	None	ReadSafe	cap=Basic
ProceduralModel	WaitForGenerationAsync	Function	() -> bool	None	None	Unsafe	yields,cap=Basic
ProjectService	ContentMap	Property	NetAssetRef	RobloxSecurity	RobloxSecurity	ReadSafe	hidden,notscriptable
ProjectService	ContentMapCreateFolderRequested	Event	(operationId: int64, path: string, dependencyOperationIds: Array)	RobloxSecurity	RobloxSecurity	Unsafe	hidden
ProjectService	ContentMapMoveRequested	Event	(operationId: int64, fromPath: string, toPath: string, dependencyOperationIds: Array)	RobloxSecurity	RobloxSecurity	Unsafe	hidden
ProjectService	ContentMapMutationResult	Event	(operationId: int64, result: ProjectServiceOperationResult, authoritativeRevision: int64)	RobloxSecurity	RobloxSecurity	Unsafe	hidden
ProjectService	ContentMapRemovePathRequested	Event	(operationId: int64, path: string, dependencyOperationIds: Array)	RobloxSecurity	RobloxSecurity	Unsafe	hidden
ProjectService	ContentMapSetContentRequested	Event	(operationId: int64, path: string, content: Content, dependencyOperationIds: Array)	RobloxSecurity	RobloxSecurity	Unsafe	hidden
ProjectService	CreateFolder	Function	(path: string) -> ()	RobloxScriptSecurity	RobloxScriptSecurity	Unsafe	
ProjectService	EffectivePathsChanged	Event	()	RobloxScriptSecurity	RobloxScriptSecurity	Unsafe	
ProjectService	Exists	Function	(path: string) -> bool	RobloxScriptSecurity	RobloxScriptSecurity	Unsafe	
ProjectService	GetContentMapMemoryBytes	Function	() -> int64	RobloxScriptSecurity	RobloxScriptSecurity	Unsafe	
ProjectService	GetMetaDataAsync	Function	(path: string?) -> Array	RobloxScriptSecurity	RobloxScriptSecurity	Unsafe	yields
ProjectService	GetOrphanPathSubscribers	Function	() -> Array	RobloxScriptSecurity	RobloxScriptSecurity	Unsafe	
ProjectService	GetPathSubscribers	Function	(path: string) -> Array	RobloxScriptSecurity	RobloxScriptSecurity	Unsafe	
ProjectService	GetPaths	Function	(folderPath: string?) -> Array	RobloxScriptSecurity	RobloxScriptSecurity	Unsafe	
ProjectService	Move	Function	(fromPath: string, toPath: string) -> ()	RobloxScriptSecurity	RobloxScriptSecurity	Unsafe	
ProjectService	PathAdded	Event	(path: string)	RobloxScriptSecurity	RobloxScriptSecurity	Unsafe	
ProjectService	PathChanged	Event	(path: string)	RobloxScriptSecurity	RobloxScriptSecurity	Unsafe	
ProjectService	PathMoved	Event	(fromPath: string, toPath: string)	RobloxScriptSecurity	RobloxScriptSecurity	Unsafe	
ProjectService	PathRemoved	Event	(path: string)	RobloxScriptSecurity	RobloxScriptSecurity	Unsafe	
ProjectService	RemovePath	Function	(path: string) -> ()	RobloxScriptSecurity	RobloxScriptSecurity	Unsafe	
ProjectService	RemovePathSubscribers	Function	(path: string) -> ()	RobloxScriptSecurity	RobloxScriptSecurity	Unsafe	
ProjectService	ResolveContent	Function	(path: string) -> Content	RobloxScriptSecurity	RobloxScriptSecurity	Unsafe	
ProjectService	SetContent	Function	(path: string, value: Content) -> ()	RobloxScriptSecurity	RobloxScriptSecurity	Unsafe	
ProximityPrompt	ActionText	Property	string	None	None	ReadSafe	cap=Input|UI
ProximityPrompt	AutoLocalize	Property	bool	None	None	ReadSafe	cap=Input|UI
ProximityPrompt	ButtonHoldBeganActionReplicated	Event	(player: Player)	RobloxSecurity	RobloxSecurity	Unsafe	hidden,cap=UI|Input
ProximityPrompt	ButtonHoldEndedActionReplicated	Event	(player: Player)	RobloxSecurity	RobloxSecurity	Unsafe	hidden,cap=UI|Input
ProximityPrompt	ClickablePrompt	Property	bool	None	None	ReadSafe	cap=Input|UI
ProximityPrompt	Enabled	Property	bool	None	None	ReadSafe	cap=Input|UI
ProximityPrompt	Exclusivity	Property	ProximityPromptExclusivity	None	None	ReadSafe	cap=Input|UI
ProximityPrompt	GamepadKeyCode	Property	KeyCode	None	None	ReadSafe	cap=Input|UI
ProximityPrompt	HoldDuration	Property	float	None	None	ReadSafe	cap=Input|UI
ProximityPrompt	IndicatorHidden	Event	()	None	None	Unsafe	cap=UI|Input
ProximityPrompt	IndicatorShown	Event	()	None	None	Unsafe	cap=UI|Input
ProximityPrompt	InputHoldBegin	Function	() -> ()	None	None	Unsafe	cap=UI|Input
ProximityPrompt	InputHoldEnd	Function	() -> ()	None	None	Unsafe	cap=UI|Input
ProximityPrompt	KeyboardKeyCode	Property	KeyCode	None	None	ReadSafe	cap=Input|UI
ProximityPrompt	MaxActivationDistance	Property	float	None	None	ReadSafe	cap=Input|UI
ProximityPrompt	MaxIndicatorDistance	Property	float	None	None	ReadSafe	cap=Input|UI
ProximityPrompt	ObjectText	Property	string	None	None	ReadSafe	cap=Input|UI
ProximityPrompt	PromptButtonHoldBegan	Event	(playerWhoTriggered: Player)	None	None	Unsafe	cap=UI|Input
ProximityPrompt	PromptButtonHoldEnded	Event	(playerWhoTriggered: Player)	None	None	Unsafe	cap=UI|Input
ProximityPrompt	PromptHidden	Event	()	None	None	Unsafe	cap=UI|Input
ProximityPrompt	PromptShown	Event	(inputType: ProximityPromptInputType)	None	None	Unsafe	cap=UI|Input
ProximityPrompt	RequiresLineOfSight	Property	bool	None	None	ReadSafe	cap=Input|UI
ProximityPrompt	RootLocalizationTable	Property	LocalizationTable	None	None	ReadSafe	cap=Input|UI
ProximityPrompt	Style	Property	ProximityPromptStyle	None	None	ReadSafe	cap=Input|UI
ProximityPrompt	TriggerEnded	Event	(playerWhoTriggered: Player)	None	None	Unsafe	cap=UI|Input
ProximityPrompt	TriggerEndedActionReplicated	Event	(player: Player)	RobloxSecurity	RobloxSecurity	Unsafe	hidden,cap=UI|Input
ProximityPrompt	Triggered	Event	(playerWhoTriggered: Player)	None	None	Unsafe	cap=UI|Input
ProximityPrompt	TriggeredActionReplicated	Event	(player: Instance)	RobloxSecurity	RobloxSecurity	Unsafe	hidden,cap=UI|Input
ProximityPrompt	UIOffset	Property	Vector2	None	None	ReadSafe	cap=Input|UI
ProximityPromptService	Enabled	Property	bool	None	None	ReadSafe	cap=Input
ProximityPromptService	IndicatorHidden	Event	(prompt: ProximityPrompt)	None	None	Unsafe	cap=Input
ProximityPromptService	IndicatorShown	Event	(prompt: ProximityPrompt)	None	None	Unsafe	cap=Input
ProximityPromptService	MaxIndicatorsVisible	Property	int	None	None	ReadSafe	cap=Input
ProximityPromptService	MaxPromptsVisible	Property	int	None	None	ReadSafe	cap=Input
ProximityPromptService	PromptButtonHoldBegan	Event	(prompt: ProximityPrompt, playerWhoTriggered: Player)	None	None	Unsafe	cap=Input
ProximityPromptService	PromptButtonHoldEnded	Event	(prompt: ProximityPrompt, playerWhoTriggered: Player)	None	None	Unsafe	cap=Input
ProximityPromptService	PromptHidden	Event	(prompt: ProximityPrompt)	None	None	Unsafe	cap=Input
ProximityPromptService	PromptShown	Event	(prompt: ProximityPrompt, inputType: ProximityPromptInputType)	None	None	Unsafe	cap=Input
ProximityPromptService	PromptTriggerEnded	Event	(prompt: ProximityPrompt, playerWhoTriggered: Player)	None	None	Unsafe	cap=Input
ProximityPromptService	PromptTriggered	Event	(prompt: ProximityPrompt, playerWhoTriggered: Player)	None	None	Unsafe	cap=Input
PublishService	CreateAssetAndWaitForAssetId	Function	(instances: Instances, operationId: string, creatorType: AssetCreatorType, creatorId: int64, assetType: string, name: string, description: string, expectedPrice: int = 0, additionalParameters: Dictionary = nil) -> int64	RobloxScriptSecurity	RobloxScriptSecurity	Unsafe	yields
PublishService	CreateAssetOrAssetVersionAndPollAssetWithTelemetryAsync	Function	(serializedInstance: string, creatorType: AssetCreatorType, creatorId: int64, assetType: string, assetId: int64, name: string, description: string, token: string, contentType: string, expectedPrice: int = 0) -> Dictionary	RobloxScriptSecurity	RobloxScriptSecurity	Unsafe	yields
PublishService	CreateAssetOrAssetVersionAndPollAssetWithTelemetryAsyncWithAddParam	Function	(serializedInstance: string, publishInfo: Dictionary) -> Dictionary	RobloxScriptSecurity	RobloxScriptSecurity	Unsafe	yields
PublishService	CreateAssetOrAssetVersionAndPollAssetWithTelemetryAsyncWithAddParamErrorJson	Function	(serializedInstance: string, publishInfo: Dictionary) -> Dictionary	RobloxScriptSecurity	RobloxScriptSecurity	Unsafe	yields
PublishService	PublishCageMeshAsync	Function	(wrap: Instance, cageType: CageType) -> ContentId	RobloxScriptSecurity	RobloxScriptSecurity	Unsafe	yields
PublishService	PublishDescendantAssets	Function	(instance: Instance) -> bool	RobloxScriptSecurity	RobloxScriptSecurity	Unsafe	
PublishService	PublishDescendantAssetsAsync	Function	(instance: Instance) -> bool	RobloxScriptSecurity	RobloxScriptSecurity	Unsafe	yields
PublishService	TagEmoteAnimation	Function	(instance: Instance) -> ()	RobloxScriptSecurity	RobloxScriptSecurity	Unsafe	
PyramidHandleAdornment	Height	Property	float	None	None	ReadSafe	cap=Basic|UI
PyramidHandleAdornment	Shading	Property	AdornShading	None	None	ReadSafe	cap=Basic|UI
PyramidHandleAdornment	Sides	Property	int	None	None	ReadSafe	cap=Basic|UI
PyramidHandleAdornment	Size	Property	float	None	None	ReadSafe	cap=Basic|UI
QueueService	GetStandardQueue	Function	(name: string) -> StandardQueue	None	None	Unsafe	cap=DataStore,undocumented
RTAnimationTracker	Active	Property	bool	None	None	ReadSafe	hidden,notreplicated
RTAnimationTracker	EnableFallbackAudioInput	Property	bool	None	None	ReadSafe	hidden,notreplicated
RTAnimationTracker	SessionName	Property	string	None	None	ReadSafe	hidden,notreplicated
RTAnimationTracker	Step	Function	() -> ()	RobloxScriptSecurity	RobloxScriptSecurity	Unsafe	
RTAnimationTracker	TrackerError	Event	(errorCode: TrackerError, msg: string)	None	None	Unsafe	undocumented
RTAnimationTracker	TrackerMode	Property	TrackerMode	None	None	ReadSafe	hidden,readonly,notreplicated
RTAnimationTracker	TrackerPrompt	Event	(prompt: TrackerPromptEvent)	None	None	Unsafe	undocumented
RTAnimationTracker	TrackerType	Property	TrackerType	None	None	ReadSafe	hidden,notreplicated
RayValue	Changed	Event	(value: Ray)	None	None	Unsafe	
RayValue	Value	Property	Ray	None	None	ReadSafe	sim
RayValue	changed	Event	(value: Ray)	None	None	Unsafe	deprecated,prefer=Changed
RbxAnalyticsService	AddGlobalPointsField	Function	(key: string, value: int) -> ()	RobloxScriptSecurity	RobloxScriptSecurity	Unsafe	
RbxAnalyticsService	AddGlobalPointsTag	Function	(key: string, value: string) -> ()	RobloxScriptSecurity	RobloxScriptSecurity	Unsafe	
RbxAnalyticsService	DEPRECATED_TrackEvent	Function	(category: string, action: string, label: string, value: int64 = 0) -> ()	RobloxScriptSecurity	RobloxScriptSecurity	Unsafe	
RbxAnalyticsService	DEPRECATED_TrackEventWithArgs	Function	(category: string, action: string, label: string, args: Dictionary, value: int64 = 0) -> ()	RobloxScriptSecurity	RobloxScriptSecurity	Unsafe	
RbxAnalyticsService	GetClientId	Function	() -> string	RobloxScriptSecurity	RobloxScriptSecurity	Unsafe	
RbxAnalyticsService	GetPlaySessionId	Function	() -> string	RobloxScriptSecurity	RobloxScriptSecurity	Unsafe	
RbxAnalyticsService	GetSessionId	Function	() -> string	RobloxScriptSecurity	RobloxScriptSecurity	Unsafe	
RbxAnalyticsService	ReleaseRBXEventStream	Function	(target: string) -> ()	RobloxScriptSecurity	RobloxScriptSecurity	Unsafe	
RbxAnalyticsService	RemoveGlobalPointsField	Function	(key: string) -> ()	RobloxScriptSecurity	RobloxScriptSecurity	Unsafe	
RbxAnalyticsService	RemoveGlobalPointsTag	Function	(key: string) -> ()	RobloxScriptSecurity	RobloxScriptSecurity	Unsafe	
RbxAnalyticsService	ReportCounter	Function	(counterName: string, amount: int = 1) -> ()	RobloxScriptSecurity	RobloxScriptSecurity	Unsafe	
RbxAnalyticsService	ReportInfluxSeries	Function	(seriesName: string, points: Dictionary, throttlingPercentage: int) -> ()	RobloxScriptSecurity	RobloxScriptSecurity	Unsafe	
RbxAnalyticsService	ReportStats	Function	(category: string, value: float) -> ()	RobloxScriptSecurity	RobloxScriptSecurity	Unsafe	
RbxAnalyticsService	ReportToDiagByCountryCode	Function	(featureName: string, measureName: string, seconds: double) -> ()	RobloxScriptSecurity	RobloxScriptSecurity	Unsafe	
RbxAnalyticsService	SendEventDeferred	Function	(target: string, eventContext: string, eventName: string, additionalArgs: Dictionary) -> ()	RobloxScriptSecurity	RobloxScriptSecurity	Unsafe	
RbxAnalyticsService	SendEventImmediately	Function	(target: string, eventContext: string, eventName: string, additionalArgs: Dictionary) -> ()	RobloxScriptSecurity	RobloxScriptSecurity	Unsafe	
RbxAnalyticsService	SetRBXEvent	Function	(target: string, eventContext: string, eventName: string, additionalArgs: Dictionary) -> ()	RobloxScriptSecurity	RobloxScriptSecurity	Unsafe	
RbxAnalyticsService	SetRBXEventStream	Function	(target: string, eventContext: string, eventName: string, additionalArgs: Dictionary) -> ()	RobloxScriptSecurity	RobloxScriptSecurity	Unsafe	
RbxAnalyticsService	TrackEvent	Function	(category: string, action: string, label: string, value: int64 = 0) -> ()	RobloxScriptSecurity	RobloxScriptSecurity	Unsafe	
RbxAnalyticsService	TrackEventWithArgs	Function	(category: string, action: string, label: string, args: Dictionary, value: int64 = 0) -> ()	RobloxScriptSecurity	RobloxScriptSecurity	Unsafe	
RbxAnalyticsService	UpdateHeartbeatObject	Function	(args: Dictionary) -> ()	RobloxScriptSecurity	RobloxScriptSecurity	Unsafe	
RealtimeMedia	AudioInputActive	Property	bool	None	None	ReadSafe	readonly,notreplicated,cap=InternalTest,undocumented
RealtimeMedia	AudioInputRequested	Event	()	None	None	Unsafe	cap=InternalTest,undocumented
RealtimeMedia	ConnectAsync	Function	(serverUrl: string, connectParams: Dictionary = nil) -> bool	None	None	Unsafe	yields,cap=InternalTest,undocumented
RealtimeMedia	Disconnect	Function	() -> ()	None	None	Unsafe	cap=InternalTest,undocumented
RealtimeMedia	ForwardInput	Property	bool	RobloxScriptSecurity	RobloxScriptSecurity	ReadSafe	cap=InternalTest
RealtimeMedia	GetConnectedWires	Function	(pin: string) -> Instances	None	None	Unsafe	cap=InternalTest,undocumented
RealtimeMedia	GetInputPins	Function	() -> Array	None	None	Unsafe	cap=InternalTest,undocumented
RealtimeMedia	GetOutputPins	Function	() -> Array	None	None	Unsafe	cap=InternalTest,undocumented
RealtimeMedia	IsConnected	Property	bool	None	None	ReadSafe	readonly,notreplicated,cap=InternalTest,undocumented
RealtimeMedia	OnMessage	Event	(message: string, binary: bool)	None	None	Unsafe	cap=InternalTest,undocumented
RealtimeMedia	SendMessage	Function	(message: string, binary: bool) -> bool	None	None	Unsafe	cap=InternalTest,undocumented
RealtimeMedia	WiringChanged	Event	(connected: bool, pin: string, wire: Wire, instance: Instance)	None	None	Unsafe	cap=InternalTest,undocumented
RecommendationService	GenerateItemListAsync	Function	(generateRecommendationItemListRequest: Dictionary) -> RecommendationPages	None	None	Unsafe	yields,cap=Basic
RecommendationService	GetRecommendationItemAsync	Function	(itemId: string) -> Dictionary	None	None	Unsafe	yields,cap=Basic
RecommendationService	LogActionEvent	Function	(actionType: RecommendationActionType, itemId: string, tracingId: string, actionEventDetails: Dictionary = nil) -> ()	None	None	Unsafe	cap=Basic
RecommendationService	LogImpressionEvent	Function	(impressionType: RecommendationImpressionType, itemId: string, tracingId: string, impressionEventDetails: Dictionary = nil) -> ()	None	None	Unsafe	cap=Basic
RecommendationService	LogPreferenceEvent	Function	(preferenceType: RecommendationPreferenceType, targetType: RecommendationPreferenceTargetType, targetId: string, tracingId: string = , itemId: string = ) -> ()	None	None	Unsafe	cap=Basic
RecommendationService	RegisterItemAsync	Function	(player: Player, registerRecommendationItemsRequest: Dictionary) -> Dictionary	None	None	Unsafe	yields,cap=Basic
RecommendationService	RemoveItemAsync	Function	(itemId: string) -> ()	None	None	Unsafe	yields,cap=Basic
RecommendationService	UpdateItemAsync	Function	(updateRecommendationItemRequest: Dictionary) -> ()	None	None	Unsafe	yields,cap=Basic
ReflectionMetadataClass	ExplorerImageIndex	Property	int	None	None	ReadSafe	
ReflectionMetadataClass	ExplorerOrder	Property	int	None	None	ReadSafe	
ReflectionMetadataClass	Insertable	Property	bool	None	None	ReadSafe	
ReflectionMetadataClass	PreferredParent	Property	string	None	None	ReadSafe	
ReflectionMetadataClass	ServiceVisibility	Property	ServiceVisibility	RobloxSecurity	RobloxSecurity	ReadSafe	hidden,notreplicated
ReflectionMetadataItem	Browsable	Property	bool	None	None	ReadSafe	
ReflectionMetadataItem	ClassCategory	Property	string	None	None	ReadSafe	
ReflectionMetadataItem	ClientOnly	Property	bool	None	None	ReadSafe	
ReflectionMetadataItem	Constraint	Property	string	None	None	ReadSafe	
ReflectionMetadataItem	Deprecated	Property	bool	None	None	ReadSafe	
ReflectionMetadataItem	EditingDisabled	Property	bool	None	None	ReadSafe	
ReflectionMetadataItem	EditorType	Property	string	None	None	ReadSafe	
ReflectionMetadataItem	FFlag	Property	string	None	None	ReadSafe	
ReflectionMetadataItem	IsBackend	Property	bool	None	None	ReadSafe	
ReflectionMetadataItem	PropertyOrder	Property	int	None	None	ReadSafe	
ReflectionMetadataItem	ScriptContext	Property	string	None	None	ReadSafe	
ReflectionMetadataItem	ServerOnly	Property	bool	None	None	ReadSafe	
ReflectionMetadataItem	SliderScaling	Property	string	None	None	ReadSafe	
ReflectionMetadataItem	UIMaximum	Property	double	None	None	ReadSafe	
ReflectionMetadataItem	UIMinimum	Property	double	None	None	ReadSafe	
ReflectionMetadataItem	UINumTicks	Property	double	None	None	ReadSafe	
ReflectionService	GetClass	Function	(className: string, filter: Dictionary = nil) -> Dictionary?	None	None	Unsafe	customluastate
ReflectionService	GetClasses	Function	(filter: Dictionary = nil) -> Array	None	None	Unsafe	customluastate
ReflectionService	GetEventsOfClass	Function	(className: string, filter: Dictionary = nil) -> Array	None	None	Unsafe	customluastate
ReflectionService	GetMethodsOfClass	Function	(className: string, filter: Dictionary = nil) -> Array	None	None	Unsafe	customluastate
ReflectionService	GetPropertiesOfClass	Function	(className: string, filter: Dictionary = nil) -> Array	None	None	Unsafe	customluastate
ReflectionService	GetPropertyNames	Function	(name: string) -> Array	RobloxScriptSecurity	RobloxScriptSecurity	Unsafe	customluastate
ReflectionService	GetStyledPropertyNames	Function	(name: string) -> Array	RobloxScriptSecurity	RobloxScriptSecurity	Unsafe	customluastate
RemoteCommandService	CommandSentFromStudio	Event	(commandId: int64, code: string, args: Tuple)	RobloxSecurity	RobloxSecurity	Unsafe	hidden
RemoteCommandService	ExecuteCommand	Function	(code: string, args: Tuple) -> ExecutedRemoteCommand	RobloxScriptSecurity	RobloxScriptSecurity	Unsafe	
RemoteCommandService	ExecuteCommandAsync	Function	(code: string, args: Tuple) -> Tuple	RobloxScriptSecurity	RobloxScriptSecurity	Unsafe	yields
RemoteCommandService	GetExecutingPlayer	Function	() -> Player	None	None	Unsafe	cap=RemoteCommand
RemoteCommandService	GetReceivedUpdateSignal	Function	() -> RBXScriptSignal	None	None	Unsafe	cap=RemoteCommand
RemoteCommandService	GetStoppingSignal	Function	() -> RBXScriptSignal	None	None	Unsafe	cap=RemoteCommand
RemoteCommandService	OneshotCommandErrorFromRcc	Event	(commandId: int64, error: string)	RobloxSecurity	RobloxSecurity	Unsafe	hidden
RemoteCommandService	OneshotCommandResultFromRcc	Event	(commandId: int64, args: Tuple)	RobloxSecurity	RobloxSecurity	Unsafe	hidden
RemoteCommandService	OneshotCommandSentFromStudio	Event	(commandId: int64, code: string, args: Tuple)	RobloxSecurity	RobloxSecurity	Unsafe	hidden
RemoteCommandService	SendUpdate	Function	(args: Tuple) -> ()	None	None	Unsafe	cap=RemoteCommand
RemoteCommandService	StandardOutMessageFromRcc	Event	(messageType: MessageType, message: string)	RobloxSecurity	RobloxSecurity	Unsafe	hidden
RemoteCommandService	StopSentFromStudio	Event	(commandId: int64)	RobloxSecurity	RobloxSecurity	Unsafe	hidden
RemoteCommandService	UpdateSentFromRcc	Event	(commandId: int64, args: Tuple)	RobloxSecurity	RobloxSecurity	Unsafe	hidden
RemoteCommandService	UpdateSentFromStudio	Event	(commandId: int64, args: Tuple)	RobloxSecurity	RobloxSecurity	Unsafe	hidden
RemoteCursorService	BroadcastRemoteCursorPositions	Event	(script: string, remoteCursorPosition: string)	RobloxSecurity	RobloxSecurity	Unsafe	hidden
RemoteCursorService	BroadcastRemoteCursorPositionsWithConnectionId	Event	(connectionId: int64, remoteCursorPosition: string)	RobloxSecurity	RobloxSecurity	Unsafe	hidden
RemoteCursorService	RequestAllRemoteCursorPositionForScript	Event	(script: string)	RobloxSecurity	RobloxSecurity	Unsafe	hidden
RemoteCursorService	RequestAllRemoteCursorPositionForScriptWithUri	Event	(uri: string)	RobloxSecurity	RobloxSecurity	Unsafe	hidden
RemoteCursorService	UpdateClientRemoteCursorPosition	Event	(script: string, remoteCursorPosition: string)	RobloxSecurity	RobloxSecurity	Unsafe	hidden
RemoteCursorService	UpdateClientRemoteCursorPositionWithUri	Event	(uri: string, remoteCursorPosition: string)	RobloxSecurity	RobloxSecurity	Unsafe	hidden
RemoteEvent	FireAllClients	Function	(arguments: Tuple) -> ()	None	None	Unsafe	cap=RemoteEvent
RemoteEvent	FireClient	Function	(player: Player, arguments: Tuple) -> ()	None	None	Unsafe	cap=RemoteEvent
RemoteEvent	FireServer	Function	(arguments: Tuple) -> ()	None	None	Unsafe	cap=RemoteEvent
RemoteEvent	OnClientEvent	Event	(arguments: Tuple)	None	None	Unsafe	cap=RemoteEvent
RemoteEvent	OnRemoteServerEvent	Event	(arguments: Tuple)	RobloxSecurity	RobloxSecurity	Unsafe	hidden,cap=RemoteEvent
RemoteEvent	OnServerEvent	Event	(player: Player, arguments: Tuple)	None	None	Unsafe	cap=RemoteEvent
RemoteFunction	InvokeClient	Function	(player: Player, arguments: Tuple) -> Tuple	None	None	Unsafe	yields,cap=RemoteEvent
RemoteFunction	InvokeServer	Function	(arguments: Tuple) -> Tuple	None	None	Unsafe	yields,cap=RemoteEvent
RemoteFunction	OnClientInvoke	Callback	(arguments: Tuple) -> Tuple	None	None	Unsafe	cap=RemoteEvent
RemoteFunction	OnServerInvoke	Callback	(player: Player, arguments: Tuple) -> Tuple	None	None	Unsafe	cap=RemoteEvent
RemoteFunction	RemoteOnInvokeClient	Event	(id: int, arguments: Tuple)	None	None	Unsafe	hidden,cap=RemoteEvent
RemoteFunction	RemoteOnInvokeError	Event	(id: int, arguments: string)	None	None	Unsafe	hidden,cap=RemoteEvent
RemoteFunction	RemoteOnInvokeServer	Event	(id: int, player: Player, arguments: Tuple)	None	None	Unsafe	hidden,cap=RemoteEvent
RemoteFunction	RemoteOnInvokeSuccess	Event	(id: int, arguments: Tuple)	None	None	Unsafe	hidden,cap=RemoteEvent
RenderSettings	AutoFRMLevel	Property	int	PluginSecurity	PluginSecurity	ReadSafe	
RenderSettings	EagerBulkExecution	Property	bool	PluginSecurity	PluginSecurity	ReadSafe	
RenderSettings	EditQualityLevel	Property	QualityLevel	PluginSecurity	PluginSecurity	ReadSafe	
RenderSettings	Enable VR Mode	Property	bool	PluginSecurity	PluginSecurity	ReadSafe	
RenderSettings	EnableFRM	Property	bool	PluginSecurity	PluginSecurity	ReadSafe	hidden,notreplicated
RenderSettings	ExportMergeByMaterial	Property	bool	PluginSecurity	PluginSecurity	ReadSafe	
RenderSettings	FrameRateManager	Property	FramerateManagerMode	PluginSecurity	PluginSecurity	ReadSafe	
RenderSettings	GetMaxQualityLevel	Function	() -> int	PluginSecurity	PluginSecurity	Unsafe	
RenderSettings	GraphicsMode	Property	GraphicsMode	PluginSecurity	PluginSecurity	ReadSafe	
RenderSettings	MeshCacheSize	Property	int	PluginSecurity	PluginSecurity	ReadSafe	
RenderSettings	MeshPartDetailLevel	Property	MeshPartDetailLevel	PluginSecurity	PluginSecurity	ReadSafe	
RenderSettings	QualityLevel	Property	QualityLevel	PluginSecurity	PluginSecurity	ReadSafe	
RenderSettings	ReloadAssets	Property	bool	PluginSecurity	PluginSecurity	ReadSafe	
RenderSettings	RenderCSGTrianglesDebug	Property	bool	PluginSecurity	PluginSecurity	ReadSafe	
RenderSettings	ShowBoundingBoxes	Property	bool	PluginSecurity	PluginSecurity	ReadSafe	
RenderSettings	ViewMode	Property	ViewMode	PluginSecurity	PluginSecurity	ReadSafe	
RenderingTest	CFrame	Property	CFrame	None	None	ReadSafe	cap=Basic,undocumented
RenderingTest	ComparisonDiffThreshold	Property	int	None	None	ReadSafe	cap=Basic,undocumented
RenderingTest	ComparisonMethod	Property	RenderingTestComparisonMethod	None	None	ReadSafe	cap=Basic,undocumented
RenderingTest	ComparisonPsnrThreshold	Property	float	None	None	ReadSafe	cap=Basic,undocumented
RenderingTest	Description	Property	string	None	None	ReadSafe	cap=Basic,undocumented
RenderingTest	FieldOfView	Property	float	None	None	ReadSafe	cap=Basic,undocumented
RenderingTest	Orientation	Property	Vector3	None	None	ReadSafe	hidden,notreplicated,cap=Basic
RenderingTest	PerfTest	Property	bool	None	None	ReadSafe	cap=Basic,undocumented
RenderingTest	Position	Property	Vector3	None	None	ReadSafe	hidden,notreplicated,cap=Basic
RenderingTest	QualityAuto	Property	bool	None	None	ReadSafe	cap=Basic,undocumented
RenderingTest	QualityLevel	Property	int	None	None	ReadSafe	cap=Basic,undocumented
RenderingTest	RenderdocTriggerCapture	Function	() -> ()	None	None	Unsafe	cap=Basic,undocumented
RenderingTest	RenderingTestFrameCount	Property	int	None	None	ReadSafe	cap=Basic,undocumented
RenderingTest	ShouldSkip	Property	bool	None	None	ReadSafe	cap=Basic,undocumented
RenderingTest	TestFramesCountdownAboutToStart	Event	()	None	None	Unsafe	cap=Basic,undocumented
RenderingTest	Ticket	Property	string	None	None	ReadSafe	cap=Basic,undocumented
RenderingTest	Timeout	Property	int	None	None	ReadSafe	cap=Basic,undocumented
ReplicatedFirst	DefaultLoadingGuiRemoved	Event	()	RobloxScriptSecurity	RobloxScriptSecurity	Unsafe	
ReplicatedFirst	FinishedReplicating	Event	()	RobloxScriptSecurity	RobloxScriptSecurity	Unsafe	
ReplicatedFirst	IsDefaultLoadingGuiRemoved	Function	() -> bool	RobloxScriptSecurity	RobloxScriptSecurity	Unsafe	
ReplicatedFirst	IsFinishedReplicating	Function	() -> bool	RobloxScriptSecurity	RobloxScriptSecurity	Unsafe	
ReplicatedFirst	RemoveDefaultLoadingGuiSignal	Event	()	RobloxScriptSecurity	RobloxScriptSecurity	Unsafe	
ReplicatedFirst	RemoveDefaultLoadingScreen	Function	() -> ()	None	None	Unsafe	
ReplicatedFirst	SetDefaultLoadingGuiRemoved	Function	() -> ()	RobloxScriptSecurity	RobloxScriptSecurity	Unsafe	
RequestOrchestratorService	BatchCreated	Event	(payload: Dictionary)	RobloxScriptSecurity	RobloxScriptSecurity	Unsafe	
RequestOrchestratorService	BatchExhausted	Event	(payload: Dictionary)	RobloxScriptSecurity	RobloxScriptSecurity	Unsafe	
RequestOrchestratorService	BatchResponseReceived	Event	(payload: Dictionary)	RobloxScriptSecurity	RobloxScriptSecurity	Unsafe	
RequestOrchestratorService	BatchRetrying	Event	(payload: Dictionary)	RobloxScriptSecurity	RobloxScriptSecurity	Unsafe	
RequestOrchestratorService	BatchSent	Event	(payload: Dictionary)	RobloxScriptSecurity	RobloxScriptSecurity	Unsafe	
RequestOrchestratorService	CacheHit	Event	(payload: Dictionary)	RobloxScriptSecurity	RobloxScriptSecurity	Unsafe	
RequestOrchestratorService	CacheItemAdded	Event	(payload: Dictionary)	RobloxScriptSecurity	RobloxScriptSecurity	Unsafe	
RequestOrchestratorService	ClearCache	Function	(name: string) -> ()	RobloxScriptSecurity	RobloxScriptSecurity	Unsafe	
RequestOrchestratorService	GetBatchWindowDelayMax	Function	(name: string) -> int	RobloxScriptSecurity	RobloxScriptSecurity	Unsafe	
RequestOrchestratorService	GetBatchWindowDelayMin	Function	(name: string) -> int	RobloxScriptSecurity	RobloxScriptSecurity	Unsafe	
RequestOrchestratorService	GetRegisteredOrchestrators	Function	() -> Array	RobloxScriptSecurity	RobloxScriptSecurity	Unsafe	
RequestOrchestratorService	GetResponseDelayMax	Function	(name: string) -> int	RobloxScriptSecurity	RobloxScriptSecurity	Unsafe	
RequestOrchestratorService	GetResponseDelayMin	Function	(name: string) -> int	RobloxScriptSecurity	RobloxScriptSecurity	Unsafe	
RequestOrchestratorService	JitterStarted	Event	(payload: Dictionary)	RobloxScriptSecurity	RobloxScriptSecurity	Unsafe	
RequestOrchestratorService	OperationCoalesced	Event	(payload: Dictionary)	RobloxScriptSecurity	RobloxScriptSecurity	Unsafe	
RequestOrchestratorService	OperationEnqueued	Event	(payload: Dictionary)	RobloxScriptSecurity	RobloxScriptSecurity	Unsafe	
RequestOrchestratorService	SetBatchWindowDelay	Function	(name: string, minMs: int, maxMs: int) -> ()	RobloxScriptSecurity	RobloxScriptSecurity	Unsafe	
RequestOrchestratorService	SetResponseDelay	Function	(name: string, minMs: int, maxMs: int) -> ()	RobloxScriptSecurity	RobloxScriptSecurity	Unsafe	
ReverbSoundEffect	DecayTime	Property	float	None	None	ReadSafe	cap=LegacySound
ReverbSoundEffect	Density	Property	float	None	None	ReadSafe	cap=LegacySound
ReverbSoundEffect	Diffusion	Property	float	None	None	ReadSafe	cap=LegacySound
ReverbSoundEffect	DryLevel	Property	float	None	None	ReadSafe	cap=LegacySound
ReverbSoundEffect	WetLevel	Property	float	None	None	ReadSafe	cap=LegacySound
RibbonNotificationService	AllNotificationsReadFromRibbon	Event	()	RobloxScriptSecurity	RobloxScriptSecurity	Unsafe	
RibbonNotificationService	NewNotificationFromRibbon	Event	(newNotificationId: string)	RobloxScriptSecurity	RobloxScriptSecurity	Unsafe	
RibbonNotificationService	NotificationReadFromRibbon	Event	(newNotificationId: string)	RobloxScriptSecurity	RobloxScriptSecurity	Unsafe	
RibbonNotificationService	OnNotificationUpdateFromPlugin	Function	(newNotificationId: string, seenNotificationId: string) -> ()	RobloxScriptSecurity	RobloxScriptSecurity	Unsafe	
RibbonNotificationService	ToggleNotificationTray	Event	(checked: bool, newNotificationAvailable: bool)	RobloxScriptSecurity	RobloxScriptSecurity	Unsafe	
RigidConstraint	EnableSkinning	Property	bool	RobloxScriptSecurity	RobloxScriptSecurity	ReadSafe	hidden,cap=Physics
RobloxSerializableInstance	Data	Property	BinaryString	RobloxSecurity	RobloxSecurity	ReadSafe	
RocketPropulsion	Abort	Function	() -> ()	None	None	Unsafe	cap=Physics
RocketPropulsion	Active	Property	bool	None	None	ReadSafe	hidden,notscriptable,cap=Physics
RocketPropulsion	CartoonFactor	Property	float	None	None	ReadSafe	cap=Physics
RocketPropulsion	Fire	Function	() -> ()	None	None	Unsafe	cap=Physics
RocketPropulsion	MaxSpeed	Property	float	None	None	ReadSafe	cap=Physics
RocketPropulsion	MaxThrust	Property	float	None	None	ReadSafe	cap=Physics
RocketPropulsion	MaxTorque	Property	Vector3	None	None	ReadSafe	cap=Physics
RocketPropulsion	ReachedTarget	Event	()	None	None	Unsafe	cap=Physics
RocketPropulsion	Target	Property	BasePart	None	None	ReadSafe	cap=Physics
RocketPropulsion	TargetOffset	Property	Vector3	None	None	ReadSafe	cap=Physics
RocketPropulsion	TargetRadius	Property	float	None	None	ReadSafe	cap=Physics
RocketPropulsion	ThrustD	Property	float	None	None	ReadSafe	cap=Physics
RocketPropulsion	ThrustP	Property	float	None	None	ReadSafe	cap=Physics
RocketPropulsion	TurnD	Property	float	None	None	ReadSafe	cap=Physics
RocketPropulsion	TurnP	Property	float	None	None	ReadSafe	cap=Physics
RocketPropulsion	fire	Function	() -> ()	None	None	Unsafe	deprecated,prefer=Fire,cap=Physics
RodConstraint	CurrentDistance	Property	float	None	None	ReadSafe	readonly,notreplicated,sim,cap=Physics
RodConstraint	Length	Property	float	None	None	ReadSafe	sim,cap=Physics
RodConstraint	LimitAngle0	Property	float	None	None	ReadSafe	sim,cap=Physics
RodConstraint	LimitAngle1	Property	float	None	None	ReadSafe	sim,cap=Physics
RodConstraint	LimitsEnabled	Property	bool	None	None	ReadSafe	sim,cap=Physics
RodConstraint	Thickness	Property	float	None	None	ReadSafe	sim,cap=Physics
RolloutValidation	AdditionalFluffOne	Property	int	RobloxSecurity	RobloxSecurity	ReadSafe	hidden,notreplicated,notscriptable
RolloutValidation	AdditionalFluffThree	Property	float	RobloxSecurity	RobloxSecurity	ReadSafe	hidden,notreplicated,notscriptable
RolloutValidation	AdditionalFluffTwo	Property	bool	RobloxSecurity	RobloxSecurity	ReadSafe	hidden,notreplicated,notscriptable
RolloutValidation	CreationVersion	Property	int	RobloxSecurity	RobloxSecurity	ReadSafe	hidden,notreplicated,notscriptable
RolloutValidation	FirstBinaryExpectedValue	Property	string	RobloxSecurity	RobloxSecurity	ReadSafe	hidden,notreplicated,notscriptable
RolloutValidation	FirstBinaryString	Property	BinaryString	RobloxSecurity	None	ReadSafe	hidden,notreplicated,notscriptable
RolloutValidation	FirstSharedExpectedValue	Property	string	RobloxSecurity	RobloxSecurity	ReadSafe	hidden,notreplicated,notscriptable
RolloutValidation	FirstSharedString	Property	SharedString	RobloxSecurity	None	ReadSafe	hidden,notreplicated,notscriptable
RolloutValidation	GenerationStrategy	Property	int	RobloxSecurity	RobloxSecurity	ReadSafe	hidden,notreplicated,notscriptable
RolloutValidation	SecondBinaryExpectedValue	Property	string	RobloxSecurity	RobloxSecurity	ReadSafe	hidden,notreplicated,notscriptable
RolloutValidation	SecondBinaryString	Property	BinaryString	RobloxSecurity	None	ReadSafe	hidden,notreplicated,notscriptable
RolloutValidation	SecondSharedExpectedValue	Property	string	RobloxSecurity	RobloxSecurity	ReadSafe	hidden,notreplicated,notscriptable
RolloutValidation	SecondSharedString	Property	SharedString	RobloxSecurity	None	ReadSafe	hidden,notreplicated,notscriptable
RolloutValidation	ThirdBinaryExpectedValue	Property	string	RobloxSecurity	RobloxSecurity	ReadSafe	hidden,notreplicated,notscriptable
RolloutValidation	ThirdBinaryString	Property	BinaryString	RobloxSecurity	None	ReadSafe	hidden,notreplicated,notscriptable
RolloutValidation	ThirdSharedExpectedValue	Property	string	RobloxSecurity	RobloxSecurity	ReadSafe	hidden,notreplicated,notscriptable
RolloutValidation	ThirdSharedString	Property	SharedString	RobloxSecurity	None	ReadSafe	hidden,notreplicated,notscriptable
RomarkService	EndRemoteRomarkTest	Function	() -> ()	None	None	Unsafe	undocumented
RomarkService	RomarkEndOfTest	Event	()	RobloxScriptSecurity	RobloxScriptSecurity	Unsafe	hidden
RootImportData	AddModelToInventory	Property	bool	None	None	ReadSafe	undocumented
RootImportData	Anchored	Property	bool	None	None	ReadSafe	undocumented
RootImportData	AnimationIdForRestPose	Property	float	None	None	ReadSafe	undocumented
RootImportData	ExistingPackageId	Property	string	None	None	ReadSafe	undocumented
RootImportData	FileDimensions	Property	Vector3	None	None	ReadSafe	readonly,notreplicated,undocumented
RootImportData	ImportAsModelAsset	Property	bool	None	None	ReadSafe	undocumented
RootImportData	ImportAsPackage	Property	bool	None	None	ReadSafe	undocumented
RootImportData	InsertInWorkspace	Property	bool	None	None	ReadSafe	undocumented
RootImportData	InsertWithScenePosition	Property	bool	None	None	ReadSafe	undocumented
RootImportData	InvertNegativeFaces	Property	bool	None	None	ReadSafe	undocumented
RootImportData	KeepZeroInfluenceBones	Property	bool	None	None	ReadSafe	undocumented
RootImportData	MergeMeshes	Property	bool	None	None	ReadSafe	undocumented
RootImportData	PhysicalConstraintType	Property	PhysicalConstraintType	None	None	ReadSafe	undocumented
RootImportData	PolygonCount	Property	float	None	None	ReadSafe	readonly,notreplicated,undocumented
RootImportData	PreferredUploadId	Property	int64	None	None	ReadSafe	undocumented
RootImportData	RestPose	Property	RestPose	None	None	ReadSafe	undocumented
RootImportData	RigScale	Property	RigScale	None	None	ReadSafe	undocumented
RootImportData	RigType	Property	RigType	None	None	ReadSafe	undocumented
RootImportData	RigVisualization	Property	bool	None	None	ReadSafe	undocumented
RootImportData	ScaleFactor	Property	float	None	None	ReadSafe	undocumented
RootImportData	ScaleUnit	Property	MeshScaleUnit	None	None	ReadSafe	undocumented
RootImportData	UseSceneOriginAsPivot	Property	bool	None	None	ReadSafe	undocumented
RootImportData	UsesCages	Property	bool	None	None	ReadSafe	undocumented
RootImportData	VersionedAssetId	Property	int64	None	None	ReadSafe	undocumented
RootImportData	WorldForward	Property	NormalId	None	None	ReadSafe	undocumented
RootImportData	WorldUp	Property	NormalId	None	None	ReadSafe	undocumented
RopeConstraint	CurrentDistance	Property	float	None	None	ReadSafe	readonly,notreplicated,sim,cap=Physics
RopeConstraint	Length	Property	float	None	None	ReadSafe	sim,cap=Physics
RopeConstraint	Restitution	Property	float	None	None	ReadSafe	sim,cap=Physics
RopeConstraint	Thickness	Property	float	None	None	ReadSafe	sim,cap=Physics
RopeConstraint	WinchEnabled	Property	bool	None	None	ReadSafe	sim,cap=Physics
RopeConstraint	WinchForce	Property	float	None	None	ReadSafe	sim,cap=Physics
RopeConstraint	WinchResponsiveness	Property	float	None	None	ReadSafe	sim,cap=Physics
RopeConstraint	WinchSpeed	Property	float	None	None	ReadSafe	sim,cap=Physics
RopeConstraint	WinchTarget	Property	float	None	None	ReadSafe	sim,cap=Physics
RotationCurve	GetKeyAtIndex	Function	(index: int) -> RotationCurveKey	None	None	Unsafe	cap=Basic
RotationCurve	GetKeyIndicesAtTime	Function	(time: float) -> Array	None	None	Unsafe	cap=Basic
RotationCurve	GetKeys	Function	() -> Array	None	None	Unsafe	cap=Basic
RotationCurve	GetValueAtTime	Function	(time: float) -> CoordinateFrame?	None	None	Unsafe	cap=Basic
RotationCurve	InsertKey	Function	(key: RotationCurveKey) -> Array	None	None	Unsafe	cap=Basic
RotationCurve	Length	Property	int	None	None	ReadSafe	readonly,notreplicated,cap=Basic
RotationCurve	RemoveKeyAtIndex	Function	(startingIndex: int, count: int = 1) -> int	None	None	Unsafe	cap=Basic
RotationCurve	SetKeys	Function	(keys: Array) -> int	None	None	Unsafe	cap=Basic
RotationCurve	ValuesAndTimes	Property	BinaryString	None	None	ReadSafe	hidden,notscriptable,cap=Basic
RunService	BindToAnimation	Function	(function: Function, frequency: StepFrequency = Hz30, priority: int = 2000) -> RBXScriptConnection	None	None	Unsafe	cap=Basic
RunService	BindToRenderStep	Function	(name: string, priority: int, function: Function) -> ()	None	None	Unsafe	cap=Basic
RunService	BindToSimulation	Function	(function: Function, frequency: StepFrequency = Hz30, priority: int = 2000) -> RBXScriptConnection	None	None	Unsafe	cap=Basic
RunService	ClientGitHash	Property	string	RobloxScriptSecurity	RobloxScriptSecurity	ReadSafe	readonly,notreplicated,cap=Basic
RunService	FrameNumber	Property	int64	None	None	ReadSafe	readonly,notreplicated,cap=Basic|InternalTest,undocumented
RunService	GetControlAndVariantRolloutFlags	Function	() -> Tuple	RobloxScriptSecurity	RobloxScriptSecurity	Unsafe	cap=Basic
RunService	GetCoreScriptVersion	Function	() -> string	RobloxScriptSecurity	RobloxScriptSecurity	Unsafe	cap=Basic
RunService	GetPhysicsStepId	Function	() -> int64	RobloxScriptSecurity	RobloxScriptSecurity	Unsafe	cap=Basic
RunService	GetPredictionStatus	Function	(context: Instance) -> PredictionStatus	None	None	Unsafe	sim,cap=Basic
RunService	GetRobloxClientChannel	Function	() -> string	RobloxScriptSecurity	RobloxScriptSecurity	Unsafe	cap=Basic
RunService	GetRobloxClientIxpEnrolledExperiments	Function	() -> string	RobloxScriptSecurity	RobloxScriptSecurity	Unsafe	cap=Basic
RunService	GetRobloxGuiFocused	Function	() -> bool	RobloxScriptSecurity	RobloxScriptSecurity	Unsafe	cap=Basic
RunService	GetRobloxVersion	Function	() -> string	RobloxScriptSecurity	RobloxScriptSecurity	Unsafe	cap=Basic
RunService	GetTotalScriptPlusExecutionTime	Function	() -> double	RobloxScriptSecurity	RobloxScriptSecurity	Unsafe	cap=Basic
RunService	Heartbeat	Event	(deltaTime: double)	None	None	Unsafe	cap=Basic
RunService	IsClient	Function	() -> bool	None	None	Safe	cap=Basic
RunService	IsEdit	Function	() -> bool	PluginSecurity	PluginSecurity	Safe	cap=Basic
RunService	IsResimulating	Function	() -> bool	None	None	Safe	sim,cap=Basic
RunService	IsRunMode	Function	() -> bool	None	None	Safe	cap=Basic
RunService	IsRunning	Function	() -> bool	None	None	Unsafe	cap=Basic
RunService	IsServer	Function	() -> bool	None	None	Safe	cap=Basic
RunService	IsStudio	Function	() -> bool	None	None	Safe	cap=Basic
RunService	IsTeamTest	Function	() -> bool	RobloxScriptSecurity	RobloxScriptSecurity	Safe	cap=Basic
RunService	Misprediction	Event	(time: double, instances: Array, stats: Dictionary)	None	None	Unsafe	call:plugin-only,cap=Basic
RunService	Pause	Function	() -> ()	PluginSecurity	PluginSecurity	Unsafe	cap=Basic
RunService	PostSimulation	Event	(deltaTimeSim: double)	None	None	Unsafe	cap=Basic
RunService	PreAnimation	Event	(deltaTimeSim: double)	None	None	Unsafe	cap=Basic
RunService	PreRender	Event	(deltaTimeRender: double)	None	None	Unsafe	cap=Basic
RunService	PreSimulation	Event	(deltaTimeSim: double)	None	None	Unsafe	cap=Basic
RunService	RenderStepped	Event	(deltaTime: double)	None	None	Unsafe	cap=Basic,superseded
RunService	Reset	Function	() -> ()	PluginSecurity	PluginSecurity	Unsafe	deprecated,cap=Basic
RunService	RobloxGuiFocusedChanged	Event	(isRobloxGuiFocused: bool)	RobloxScriptSecurity	RobloxScriptSecurity	Unsafe	cap=Basic
RunService	Rollback	Event	(time: double)	None	None	Unsafe	cap=Basic
RunService	Run	Function	() -> ()	PluginSecurity	PluginSecurity	Unsafe	cap=Basic
RunService	RunState	Property	RunState	PluginSecurity	PluginSecurity	ReadSafe	notreplicated,cap=Basic
RunService	Set3dRenderingEnabled	Function	(enable: bool) -> ()	RobloxScriptSecurity	RobloxScriptSecurity	Unsafe	cap=Basic
RunService	SetPredictionMode	Function	(context: Instance, mode: PredictionMode) -> ()	None	None	Unsafe	cap=Basic
RunService	SetRobloxGuiFocused	Function	(focus: bool) -> ()	RobloxScriptSecurity	RobloxScriptSecurity	Unsafe	cap=Basic
RunService	Stepped	Event	(time: double, deltaTime: double)	None	None	Unsafe	cap=Basic,superseded
RunService	Stop	Function	() -> ()	PluginSecurity	PluginSecurity	Unsafe	cap=Basic
RunService	UnbindFromRenderStep	Function	(name: string) -> ()	None	None	Unsafe	cap=Basic
RunService	getThrottleFramerateEnabled	Function	() -> bool	RobloxScriptSecurity	RobloxScriptSecurity	Unsafe	cap=Basic
RunService	setThrottleFramerateEnabled	Function	(enable: bool) -> ()	RobloxScriptSecurity	RobloxScriptSecurity	Unsafe	cap=Basic
RuntimeContentService	RuntimeContentFail	Event	(id: string)	None	None	Unsafe	undocumented
RuntimeContentService	RuntimeContentQuery	Event	(id: string, expectedType: string, priorityList: string)	None	None	Unsafe	undocumented
RuntimeContentService	RuntimeContentShare	Event	(id: string, content: string, metadata: string)	None	None	Unsafe	undocumented
SafetyService	DecodeAvatarMovementProto	Function	(avatarMovementProtoString: string) -> Dictionary	RobloxScriptSecurity	RobloxScriptSecurity	Unsafe	
SafetyService	FSTriggeredSignal	Event	(requestId: string, playerId: int64, mac: string, args: Tuple)	RobloxSecurity	RobloxSecurity	Unsafe	hidden
SafetyService	IsCaptureModeForReport	Property	bool	RobloxScriptSecurity	RobloxScriptSecurity	ReadSafe	
SafetyService	ReportBuildUIClose	Function	() -> ()	RobloxScriptSecurity	RobloxScriptSecurity	Unsafe	
SafetyService	ReportBuildUIOpen	Function	() -> ()	RobloxScriptSecurity	RobloxScriptSecurity	Unsafe	
SafetyService	ReportCapturesUIClose	Function	() -> ()	RobloxScriptSecurity	RobloxScriptSecurity	Unsafe	
SafetyService	ReportCapturesUIOpen	Function	() -> ()	RobloxScriptSecurity	RobloxScriptSecurity	Unsafe	
SafetyService	ReportChatLineReportingClose	Function	() -> ()	RobloxScriptSecurity	RobloxScriptSecurity	Unsafe	
SafetyService	ReportChatLineReportingOpen	Function	() -> ()	RobloxScriptSecurity	RobloxScriptSecurity	Unsafe	
SafetyService	ReportChatSuspensionDialogClose	Function	() -> ()	RobloxScriptSecurity	RobloxScriptSecurity	Unsafe	
SafetyService	ReportChatSuspensionDialogOpen	Function	() -> ()	RobloxScriptSecurity	RobloxScriptSecurity	Unsafe	
SafetyService	ReportMenuTabClose	Function	() -> ()	RobloxScriptSecurity	RobloxScriptSecurity	Unsafe	
SafetyService	ReportMenuTabOpen	Function	() -> ()	RobloxScriptSecurity	RobloxScriptSecurity	Unsafe	
SafetyService	ReportPartyChatWindowClose	Function	() -> ()	RobloxScriptSecurity	RobloxScriptSecurity	Unsafe	
SafetyService	ReportPartyChatWindowOpen	Function	() -> ()	RobloxScriptSecurity	RobloxScriptSecurity	Unsafe	
SafetyService	ScreenshotContentReady	Event	(screenshotJobId: int64, contentId: ContentId)	RobloxScriptSecurity	RobloxScriptSecurity	Unsafe	
SafetyService	ScreenshotUploaded	Event	(screenshotJobId: int64, screenshotId: string)	RobloxScriptSecurity	RobloxScriptSecurity	Unsafe	
SafetyService	TakeScreenshot	Function	(screenshotOptions: Dictionary) -> int64	RobloxScriptSecurity	RobloxScriptSecurity	Unsafe	
SceneAnalysisService	GetAnimationMemoryAsync	Function	() -> Dictionary	None	None	Unsafe	yields
SceneAnalysisService	GetAudioMemoryAsync	Function	() -> Dictionary	None	None	Unsafe	yields
SceneAnalysisService	GetInstanceCompositionAsync	Function	() -> Dictionary	None	None	Unsafe	yields
SceneAnalysisService	GetScriptMemoryAsync	Function	() -> Dictionary	None	None	Unsafe	yields
SceneAnalysisService	GetTriangleCompositionAsync	Function	() -> Dictionary	None	None	Unsafe	yields
SceneAnalysisService	GetUnparentedInstancesAsync	Function	() -> Dictionary	None	None	Unsafe	yields
ScreenGui	ClipToDeviceSafeArea	Property	bool	None	None	ReadSafe	cap=UI
ScreenGui	DisplayOrder	Property	int	None	None	ReadSafe	cap=UI
ScreenGui	IgnoreGuiInset	Property	bool	None	None	ReadSafe	notreplicated,cap=UI
ScreenGui	IgnoresTitleBarReservation	Property	bool	RobloxScriptSecurity	RobloxScriptSecurity	ReadSafe	hidden,cap=UI
ScreenGui	OnTopOfCoreBlur	Property	bool	RobloxScriptSecurity	RobloxScriptSecurity	ReadSafe	hidden,cap=UI
ScreenGui	SafeAreaCompatibility	Property	SafeAreaCompatibility	None	None	ReadSafe	cap=UI
ScreenGui	ScreenInsets	Property	ScreenInsets	None	None	ReadSafe	cap=UI
ScreenshotHud	CameraButtonIcon	Property	ContentId	None	None	ReadSafe	cap=UI
ScreenshotHud	CameraButtonIconContent	Property	Content	None	None	ReadSafe	cap=UI
ScreenshotHud	CameraButtonPosition	Property	UDim2	None	None	ReadSafe	cap=UI
ScreenshotHud	CloseButtonPosition	Property	UDim2	None	None	ReadSafe	cap=UI
ScreenshotHud	CloseWhenScreenshotTaken	Property	bool	None	None	ReadSafe	cap=UI
ScreenshotHud	ExperienceNameOverlayEnabled	Property	bool	None	None	ReadSafe	hidden,deprecated,cap=UI
ScreenshotHud	HideCoreGuiForCaptures	Property	bool	None	None	ReadSafe	cap=UI
ScreenshotHud	HidePlayerGuiForCaptures	Property	bool	None	None	ReadSafe	cap=UI
ScreenshotHud	OverlayFont	Property	Font	None	None	ReadSafe	hidden,deprecated,cap=UI
ScreenshotHud	UsernameOverlayEnabled	Property	bool	None	None	ReadSafe	hidden,deprecated,cap=UI
ScreenshotHud	Visible	Property	bool	None	None	ReadSafe	cap=UI
Script	GetHash	Function	() -> string	LocalUserSecurity	LocalUserSecurity	Unsafe	
Script	Source	Property	ProtectedString	None	None	ReadSafe	read:plugin-only,write:plugin-only
ScriptChangeService	ScriptAdded	Event	(script: LuaSourceContainer)	RobloxScriptSecurity	RobloxScriptSecurity	Unsafe	
ScriptChangeService	ScriptBeingRemoved	Event	(script: LuaSourceContainer)	RobloxScriptSecurity	RobloxScriptSecurity	Unsafe	
ScriptChangeService	ScriptChanged	Event	(script: LuaSourceContainer, property: string)	RobloxScriptSecurity	RobloxScriptSecurity	Unsafe	
ScriptChangeService	ScriptFullNameChanged	Event	(script: LuaSourceContainer)	RobloxScriptSecurity	RobloxScriptSecurity	Unsafe	
ScriptChangeService	ScriptSourceChanged	Event	(script: LuaSourceContainer)	RobloxScriptSecurity	RobloxScriptSecurity	Unsafe	
ScriptContext	AddCoreScriptLocal	Function	(name: string, parent: Instance) -> ()	RobloxScriptSecurity	RobloxScriptSecurity	Unsafe	
ScriptContext	CompressLuaApp	Function	() -> ()	RobloxScriptSecurity	RobloxScriptSecurity	Unsafe	
ScriptContext	EnableCoverage	Function	(instance: Instance) -> ()	None	None	Unsafe	call:plugin-only
ScriptContext	Error	Event	(message: string, stackTrace: string, script: Instance)	None	None	Unsafe	cap=Logging
ScriptContext	ErrorDetailed	Event	(message: string, stackTrace: string, script: Instance, details: string, securityLevel: int, messageId: string)	RobloxScriptSecurity	RobloxScriptSecurity	Unsafe	
ScriptContext	GetCoverageStats	Function	() -> Array	None	None	Unsafe	call:plugin-only
ScriptContext	GetLuauHeapInstanceReferenceReport	Function	(target: string) -> Dictionary	RobloxScriptSecurity	RobloxScriptSecurity	Unsafe	customluastate
ScriptContext	GetLuauHeapMemoryReport	Function	(target: string) -> Dictionary	RobloxScriptSecurity	RobloxScriptSecurity	Unsafe	customluastate
ScriptContext	ReportLuaRequireCount	Function	() -> ()	RobloxScriptSecurity	RobloxScriptSecurity	Unsafe	
ScriptContext	ScriptsDisabled	Property	bool	LocalUserSecurity	LocalUserSecurity	ReadSafe	hidden
ScriptContext	SetTimeout	Function	(seconds: double) -> ()	PluginSecurity	PluginSecurity	Unsafe	
ScriptDebugger	AddWatch	Function	(expression: string) -> Instance	None	None	Unsafe	undocumented
ScriptDebugger	BreakpointAdded	Event	(breakpoint: Instance)	None	None	Unsafe	undocumented
ScriptDebugger	BreakpointRemoved	Event	(breakpoint: Instance)	None	None	Unsafe	undocumented
ScriptDebugger	CoreScriptIdentifier	Property	string	None	None	ReadSafe	hidden,notscriptable
ScriptDebugger	CurrentLine	Property	int	None	None	ReadSafe	readonly,notreplicated,undocumented
ScriptDebugger	EncounteredBreak	Event	(line: int, breakReason: BreakReason)	None	None	Unsafe	undocumented
ScriptDebugger	GetBreakpoints	Function	() -> Instances	None	None	Unsafe	undocumented
ScriptDebugger	GetGlobals	Function	(stackFrame: int = 0) -> Map	None	None	Unsafe	undocumented
ScriptDebugger	GetLocals	Function	(stackFrame: int = 0) -> Map	None	None	Unsafe	undocumented
ScriptDebugger	GetStack	Function	() -> Array	None	None	Unsafe	undocumented
ScriptDebugger	GetUpvalues	Function	(stackFrame: int = 0) -> Map	None	None	Unsafe	undocumented
ScriptDebugger	GetWatchValue	Function	(watch: Instance) -> Variant	None	None	Unsafe	undocumented
ScriptDebugger	GetWatches	Function	() -> Instances	None	None	Unsafe	undocumented
ScriptDebugger	IsDebugging	Property	bool	None	None	ReadSafe	readonly,notreplicated,undocumented
ScriptDebugger	IsPaused	Property	bool	None	None	ReadSafe	readonly,notreplicated,undocumented
ScriptDebugger	Resuming	Event	()	None	None	Unsafe	undocumented
ScriptDebugger	Script	Property	Instance	None	None	ReadSafe	readonly,notreplicated,undocumented
ScriptDebugger	ScriptGuid	Property	string	None	None	ReadSafe	hidden,notscriptable
ScriptDebugger	SetBreakpoint	Function	(line: int, isContextDependentBreakpoint: bool) -> Instance	None	None	Unsafe	undocumented
ScriptDebugger	SetGlobal	Function	(name: string, value: Variant, stackFrame: int) -> ()	None	None	Unsafe	undocumented
ScriptDebugger	SetLocal	Function	(name: string, value: Variant, stackFrame: int = 0) -> ()	None	None	Unsafe	undocumented
ScriptDebugger	SetUpvalue	Function	(name: string, value: Variant, stackFrame: int = 0) -> ()	None	None	Unsafe	undocumented
ScriptDebugger	WatchAdded	Event	(watch: Instance)	None	None	Unsafe	undocumented
ScriptDebugger	WatchRemoved	Event	(watch: Instance)	None	None	Unsafe	undocumented
ScriptDebuggerService	AddBreakpoint	Function	(scriptInstance: LuaSourceContainer, breakpoint: Dictionary) -> Dictionary	PluginSecurity	PluginSecurity	Unsafe	
ScriptDebuggerService	ClearBreakpoints	Function	() -> ()	PluginSecurity	PluginSecurity	Unsafe	
ScriptDebuggerService	Evaluate	Function	(expression: string, frameId: int? = nil) -> Dictionary	PluginSecurity	PluginSecurity	Unsafe	
ScriptDebuggerService	GetRootVariables	Function	(frameId: int) -> Array	PluginSecurity	PluginSecurity	Unsafe	
ScriptDebuggerService	GetStackTrace	Function	(threadId: int, startFrame: int? = nil) -> Dictionary	PluginSecurity	PluginSecurity	Unsafe	
ScriptDebuggerService	GetThreads	Function	() -> Array	PluginSecurity	PluginSecurity	Unsafe	
ScriptDebuggerService	GetVariables	Function	(variablesReference: int) -> Array	PluginSecurity	PluginSecurity	Unsafe	
ScriptDebuggerService	OnStopped	Callback	(stopped: Dictionary) -> Dictionary	PluginSecurity	PluginSecurity	Unsafe	
ScriptDebuggerService	Pause	Function	() -> ()	PluginSecurity	PluginSecurity	Unsafe	
ScriptDebuggerService	RemoveBreakpoint	Function	(scriptInstance: LuaSourceContainer, line: int) -> bool	PluginSecurity	PluginSecurity	Unsafe	
ScriptDebuggerService	Resumed	Event	(threadIds: Array)	PluginSecurity	PluginSecurity	Unsafe	
ScriptDebuggerService	SetExceptionBreakMode	Function	(breakMode: DebugBreakModeType) -> ()	PluginSecurity	PluginSecurity	Unsafe	
ScriptDocument	CloseAsync	Function	() -> Tuple	PluginSecurity	PluginSecurity	Unsafe	yields
ScriptDocument	EditTextAsync	Function	(newText: string, startLine: int, startCharacter: int, endLine: int, endCharacter: int) -> Tuple	PluginSecurity	PluginSecurity	Unsafe	yields
ScriptDocument	ForceSetSelectionAsync	Function	(cursorLine: int, cursorCharacter: int, anchorLine: int? = nil, anchorCharacter: int? = nil) -> Tuple	PluginSecurity	PluginSecurity	Unsafe	yields
ScriptDocument	GetInternalUri	Function	() -> string	RobloxScriptSecurity	RobloxScriptSecurity	Unsafe	
ScriptDocument	GetLine	Function	(lineIndex: int? = nil) -> string	PluginSecurity	PluginSecurity	Unsafe	
ScriptDocument	GetLineCount	Function	() -> int	PluginSecurity	PluginSecurity	Unsafe	
ScriptDocument	GetScript	Function	() -> LuaSourceContainer	PluginSecurity	PluginSecurity	Unsafe	
ScriptDocument	GetSelectedText	Function	() -> string	PluginSecurity	PluginSecurity	Unsafe	
ScriptDocument	GetSelection	Function	() -> Tuple	PluginSecurity	PluginSecurity	Unsafe	
ScriptDocument	GetSelectionEnd	Function	() -> Tuple	PluginSecurity	PluginSecurity	Unsafe	
ScriptDocument	GetSelectionStart	Function	() -> Tuple	PluginSecurity	PluginSecurity	Unsafe	
ScriptDocument	GetText	Function	(startLine: int? = nil, startCharacter: int? = nil, endLine: int? = nil, endCharacter: int? = nil) -> string	PluginSecurity	PluginSecurity	Unsafe	
ScriptDocument	GetViewport	Function	() -> Tuple	PluginSecurity	PluginSecurity	Unsafe	
ScriptDocument	HasSelectedText	Function	() -> bool	PluginSecurity	PluginSecurity	Unsafe	
ScriptDocument	IsCommandBar	Function	() -> bool	PluginSecurity	PluginSecurity	Unsafe	
ScriptDocument	MultiEditTextAsync	Function	(edits: Array) -> Tuple	PluginSecurity	PluginSecurity	Unsafe	yields
ScriptDocument	RequestSetSelectionAsync	Function	(cursorLine: int, cursorCharacter: int, anchorLine: int? = nil, anchorCharacter: int? = nil) -> Tuple	PluginSecurity	PluginSecurity	Unsafe	yields
ScriptDocument	ReviewableTextEditsAsync	Function	(changes: Array) -> Tuple	PluginSecurity	PluginSecurity	Unsafe	yields
ScriptDocument	SelectionChanged	Event	(positionLine: int64, positionCharacter: int64, anchorLine: int64, anchorCharacter: int64)	PluginSecurity	PluginSecurity	Unsafe	
ScriptDocument	ViewportChanged	Event	(startLine: int64, endLine: int64)	PluginSecurity	PluginSecurity	Unsafe	
ScriptEditorService	ClearUriScript	Function	(uri: string) -> ()	RobloxScriptSecurity	RobloxScriptSecurity	Unsafe	
ScriptEditorService	DeregisterAutocompleteCallback	Function	(name: string) -> ()	PluginSecurity	PluginSecurity	Unsafe	
ScriptEditorService	DeregisterScriptAnalysisCallback	Function	(name: string) -> ()	PluginSecurity	PluginSecurity	Unsafe	
ScriptEditorService	EditSourceAsyncWithRanges	Function	(script: LuaSourceContainer, newText: string, startLine: int, startCharacter: int, endLine: int, endCharacter: int) -> Tuple	RobloxScriptSecurity	RobloxScriptSecurity	Unsafe	yields
ScriptEditorService	FindScriptDocument	Function	(script: LuaSourceContainer) -> ScriptDocument	PluginSecurity	PluginSecurity	Unsafe	
ScriptEditorService	ForceReloadSource	Function	(uri: string, newsrc: string) -> ()	RobloxScriptSecurity	RobloxScriptSecurity	Unsafe	
ScriptEditorService	GetEditorSource	Function	(script: LuaSourceContainer) -> string	PluginSecurity	PluginSecurity	Unsafe	
ScriptEditorService	GetScriptDocuments	Function	() -> Instances	PluginSecurity	PluginSecurity	Unsafe	
ScriptEditorService	IsAutocompleteCallbackRegistered	Function	(name: string) -> bool	RobloxScriptSecurity	RobloxScriptSecurity	Unsafe	
ScriptEditorService	IsScriptAnalysisCallbackRegistered	Function	(name: string) -> bool	RobloxScriptSecurity	RobloxScriptSecurity	Unsafe	
ScriptEditorService	OpenScriptDocumentAsync	Function	(script: LuaSourceContainer, options: Dictionary = nil) -> Tuple	PluginSecurity	PluginSecurity	Unsafe	yields
ScriptEditorService	OpenStringValueDocumentAsync	Function	(stringValue: StringValue, options: Dictionary = nil) -> Tuple	RobloxScriptSecurity	RobloxScriptSecurity	Unsafe	yields
ScriptEditorService	OpenTemporaryDocumentAsync	Function	(scriptId: string, initialContent: string) -> Tuple	RobloxScriptSecurity	RobloxScriptSecurity	Unsafe	yields
ScriptEditorService	RegisterAutocompleteCallback	Function	(name: string, priority: int, callbackFunction: Function) -> ()	PluginSecurity	PluginSecurity	Unsafe	
ScriptEditorService	RegisterScriptAnalysisCallback	Function	(name: string, priority: int, callbackFunction: Function) -> ()	PluginSecurity	PluginSecurity	Unsafe	
ScriptEditorService	SetUriScript	Function	(uri: string, source: string) -> ()	RobloxScriptSecurity	RobloxScriptSecurity	Unsafe	
ScriptEditorService	StripComments	Function	(code: string) -> string	RobloxScriptSecurity	RobloxScriptSecurity	Unsafe	
ScriptEditorService	TextDocumentDidChange	Event	(document: ScriptDocument, changesArray: Variant)	PluginSecurity	PluginSecurity	Unsafe	
ScriptEditorService	TextDocumentDidClose	Event	(oldDocument: ScriptDocument)	PluginSecurity	PluginSecurity	Unsafe	
ScriptEditorService	TextDocumentDidOpen	Event	(newDocument: ScriptDocument)	PluginSecurity	PluginSecurity	Unsafe	
ScriptEditorService	UpdateSourceAsync	Function	(script: LuaSourceContainer, callback: Function) -> ()	PluginSecurity	PluginSecurity	Unsafe	yields
ScriptProfilerService	ClientRequestData	Function	(player: Player) -> ()	PluginSecurity	PluginSecurity	Unsafe	
ScriptProfilerService	ClientStart	Function	(player: Player, frequency: int?) -> ()	PluginSecurity	PluginSecurity	Unsafe	
ScriptProfilerService	ClientStop	Function	(player: Player) -> ()	PluginSecurity	PluginSecurity	Unsafe	
ScriptProfilerService	DeserializeJSON	Function	(jsonString: string?) -> Dictionary	PluginSecurity	PluginSecurity	Unsafe	customluastate
ScriptProfilerService	OnNewData	Event	(player: Player, jsonString: string)	PluginSecurity	PluginSecurity	Unsafe	
ScriptProfilerService	RequestData	Event	()	RobloxSecurity	RobloxSecurity	Unsafe	hidden
ScriptProfilerService	SaveScriptProfilingData	Function	(jsonString: string, filename: string) -> string	RobloxScriptSecurity	RobloxScriptSecurity	Unsafe	
ScriptProfilerService	ServerRequestData	Function	() -> ()	PluginSecurity	PluginSecurity	Unsafe	
ScriptProfilerService	ServerStart	Function	(frequency: int?) -> ()	PluginSecurity	PluginSecurity	Unsafe	
ScriptProfilerService	ServerStop	Function	() -> ()	PluginSecurity	PluginSecurity	Unsafe	
ScriptProfilerService	SetProfilingState	Event	(start: bool, frequency: int)	RobloxSecurity	RobloxSecurity	Unsafe	hidden
ScriptRegistrationService	GetSourceContainerByScriptGuid	Function	(guid: string) -> LuaSourceContainer	RobloxScriptSecurity	RobloxScriptSecurity	Unsafe	
ScriptScannerService	MoveScriptsCompleted	Event	(scriptGuids: Array)	RobloxSecurity	RobloxSecurity	Unsafe	hidden
ScriptScannerService	RequestKnownScriptGuids	Event	()	RobloxSecurity	RobloxSecurity	Unsafe	hidden
ScriptScannerService	RequestMoveSuspiciousScripts	Event	(scriptGuids: Array)	RobloxSecurity	RobloxSecurity	Unsafe	hidden
ScriptScannerService	SendKnownScriptGuids	Event	(scriptGuids: Array, updateType: ScriptScannerUpdateType)	RobloxSecurity	RobloxSecurity	Unsafe	hidden
ScriptService	ResolveModulePath	Function	(relativeTo: Instance, path: string) -> Instance	None	None	Unsafe	customluastate,undocumented
ScrollingFrame	AbsoluteCanvasSize	Property	Vector2	None	None	Unsafe	readonly,notreplicated,cap=UI
ScrollingFrame	AbsoluteWindowSize	Property	Vector2	None	None	Unsafe	readonly,notreplicated,cap=UI
ScrollingFrame	AutomaticCanvasSize	Property	AutomaticSize	None	None	ReadSafe	cap=UI
ScrollingFrame	BottomImage	Property	ContentId	None	None	ReadSafe	cap=UI
ScrollingFrame	BottomImageContent	Property	Content	None	None	ReadSafe	cap=UI
ScrollingFrame	CanvasPosition	Property	Vector2	None	None	ReadSafe	cap=UI
ScrollingFrame	CanvasSize	Property	UDim2	None	None	ReadSafe	cap=UI
ScrollingFrame	ClearInertialScrolling	Function	() -> ()	RobloxScriptSecurity	RobloxScriptSecurity	Unsafe	cap=UI
ScrollingFrame	DraggingScrollBar	Property	DraggingScrollBar	RobloxScriptSecurity	RobloxScriptSecurity	ReadSafe	hidden,readonly,notreplicated,cap=UI
ScrollingFrame	ElasticBehavior	Property	ElasticBehavior	None	None	ReadSafe	cap=UI
ScrollingFrame	GetSampledInertialVelocity	Function	() -> Vector2	RobloxScriptSecurity	RobloxScriptSecurity	Unsafe	cap=UI
ScrollingFrame	GetScrollVelocity	Function	() -> Vector2	None	None	Unsafe	cap=UI
ScrollingFrame	HorizontalBarRect	Property	Rect	RobloxScriptSecurity	RobloxScriptSecurity	ReadSafe	hidden,readonly,notreplicated,cap=UI
ScrollingFrame	HorizontalScrollBarInset	Property	ScrollBarInset	None	None	ReadSafe	cap=UI
ScrollingFrame	MaxCanvasPosition	Property	Vector2	RobloxScriptSecurity	RobloxScriptSecurity	ReadSafe	hidden,readonly,notreplicated,cap=UI
ScrollingFrame	MidImage	Property	ContentId	None	None	ReadSafe	cap=UI
ScrollingFrame	MidImageContent	Property	Content	None	None	ReadSafe	cap=UI
ScrollingFrame	ResetScrollVelocity	Function	() -> ()	None	None	Unsafe	cap=UI
ScrollingFrame	ScrollBarImageColor3	Property	Color3	None	None	ReadSafe	cap=UI
ScrollingFrame	ScrollBarImageTransparency	Property	float	None	None	ReadSafe	cap=UI
ScrollingFrame	ScrollBarThickness	Property	int	None	None	ReadSafe	cap=UI
ScrollingFrame	ScrollRate	Property	float	RobloxScriptSecurity	RobloxScriptSecurity	ReadSafe	hidden,notreplicated,cap=UI
ScrollingFrame	ScrollToTop	Function	() -> ()	RobloxScriptSecurity	RobloxScriptSecurity	Unsafe	cap=UI
ScrollingFrame	ScrollVelocity	Property	Vector2	RobloxScriptSecurity	RobloxScriptSecurity	ReadSafe	hidden,notreplicated,cap=UI
ScrollingFrame	ScrollingDirection	Property	ScrollingDirection	None	None	ReadSafe	cap=UI
ScrollingFrame	ScrollingEnabled	Property	bool	None	None	ReadSafe	cap=UI
ScrollingFrame	SmoothScroll	Property	bool	RobloxScriptSecurity	RobloxScriptSecurity	ReadSafe	hidden,notreplicated,cap=UI
ScrollingFrame	TopImage	Property	ContentId	None	None	ReadSafe	cap=UI
ScrollingFrame	TopImageContent	Property	Content	None	None	ReadSafe	cap=UI
ScrollingFrame	VerticalBarRect	Property	Rect	RobloxScriptSecurity	RobloxScriptSecurity	ReadSafe	hidden,readonly,notreplicated,cap=UI
ScrollingFrame	VerticalScrollBarInset	Property	ScrollBarInset	None	None	ReadSafe	cap=UI
ScrollingFrame	VerticalScrollBarPosition	Property	VerticalScrollBarPosition	None	None	ReadSafe	cap=UI
Seat	Disabled	Property	bool	None	None	ReadSafe	sim,cap=AvatarBehavior|Basic
Seat	Occupant	Property	Humanoid	None	None	ReadSafe	readonly,notreplicated,sim,cap=AvatarBehavior|Basic
Seat	RemoteCreateSeatWeld	Event	(humanoid: Instance)	None	None	Unsafe	hidden,cap=Basic|AvatarBehavior
Seat	RemoteDestroySeatWeld	Event	()	None	None	Unsafe	hidden,cap=Basic|AvatarBehavior
Seat	Sit	Function	(humanoid: Instance) -> ()	None	None	Unsafe	cap=Basic|AvatarBehavior
Selection	ActiveInstance	Property	Instance	RobloxScriptSecurity	RobloxScriptSecurity	ReadSafe	hidden,readonly,notreplicated,cap=Basic
Selection	Add	Function	(instancesToAdd: Instances) -> ()	PluginSecurity	PluginSecurity	Unsafe	cap=Basic
Selection	AddFocusCallback	Function	(priority: int, function: Function) -> RBXScriptConnection	RobloxScriptSecurity	RobloxScriptSecurity	Unsafe	cap=Basic
Selection	ClearTerrainSelectionHack	Function	() -> ()	RobloxScriptSecurity	RobloxScriptSecurity	Unsafe	cap=Basic
Selection	Get	Function	() -> Instances	PluginSecurity	PluginSecurity	Unsafe	cap=Basic
Selection	Remove	Function	(instancesToRemove: Instances) -> ()	PluginSecurity	PluginSecurity	Unsafe	cap=Basic
Selection	RenderMode	Property	SelectionRenderMode	RobloxScriptSecurity	RobloxScriptSecurity	ReadSafe	hidden,readonly,notreplicated,cap=Basic
Selection	SelectionBoxThickness	Property	float	RobloxScriptSecurity	RobloxScriptSecurity	ReadSafe	hidden,readonly,notreplicated,cap=Basic
Selection	SelectionChanged	Event	()	None	None	Unsafe	cap=Basic
Selection	SelectionChangedThisFrame	Event	()	RobloxScriptSecurity	RobloxScriptSecurity	Unsafe	cap=Basic
Selection	SelectionLineThickness	Property	int	RobloxScriptSecurity	RobloxScriptSecurity	ReadSafe	hidden,readonly,notreplicated,cap=Basic
Selection	SelectionThickness	Property	float	None	None	ReadSafe	readonly,notreplicated,cap=Basic
Selection	Set	Function	(selection: Instances) -> ()	PluginSecurity	PluginSecurity	Unsafe	cap=Basic
Selection	SetTerrainSelectionHack	Function	(center: Vector3, size: Vector3) -> ()	RobloxScriptSecurity	RobloxScriptSecurity	Unsafe	cap=Basic
Selection	ShowActiveInstanceHighlight	Property	bool	RobloxScriptSecurity	RobloxScriptSecurity	ReadSafe	hidden,notreplicated,cap=Basic
SelectionBox	LineThickness	Property	float	None	None	ReadSafe	cap=Basic|UI
SelectionBox	StudioSelectionBox	Property	bool	RobloxScriptSecurity	RobloxScriptSecurity	ReadSafe	hidden,cap=Basic|UI
SelectionBox	SurfaceColor	Property	BrickColor	None	None	ReadSafe	hidden,notreplicated,deprecated,prefer=SurfaceColor3,cap=Basic|UI
SelectionBox	SurfaceColor3	Property	Color3	None	None	ReadSafe	cap=Basic|UI
SelectionBox	SurfaceTransparency	Property	float	None	None	ReadSafe	cap=Basic|UI
SelectionLasso	Humanoid	Property	Humanoid	None	None	ReadSafe	cap=UI
SelectionPartLasso	Part	Property	BasePart	None	None	ReadSafe	cap=Basic|UI
SelectionPointLasso	Point	Property	Vector3	None	None	ReadSafe	cap=Basic|UI
SelectionSphere	SurfaceColor	Property	BrickColor	None	None	ReadSafe	hidden,notreplicated,deprecated,prefer=SurfaceColor3,cap=Basic|UI
SelectionSphere	SurfaceColor3	Property	Color3	None	None	ReadSafe	cap=Basic|UI
SelectionSphere	SurfaceTransparency	Property	float	None	None	ReadSafe	cap=Basic|UI
SelfViewConfiguration	Open	Property	bool	None	None	ReadSafe	cap=UI
SensorBase	OnSensorOutputChanged	Event	()	None	None	Unsafe	
SensorBase	Sense	Function	() -> ()	None	None	Unsafe	deprecated
SensorBase	UpdateType	Property	SensorUpdateType	None	None	ReadSafe	sim
SerializationService	DeserializeInstancesAsync	Function	(buffer: buffer) -> Instances	None	None	Unsafe	yields,call:plugin-only
SerializationService	SerializeInstancesAsync	Function	(inputInstances: Instances) -> buffer	None	None	Unsafe	yields,call:plugin-only
ServerScriptService	LoadStringEnabled	Property	bool	None	None	ReadSafe	notreplicated,notscriptable,cap=Basic
ServiceProvider	Close	Event	()	None	None	Unsafe	
ServiceProvider	CloseLate	Event	()	LocalUserSecurity	LocalUserSecurity	Unsafe	
ServiceProvider	FindService	Function	(className: string) -> Instance	None	None	Safe	
ServiceProvider	GetService	Function	(className: string) -> Instance	None	None	Unsafe	
ServiceProvider	ServiceAdded	Event	(service: Instance)	None	None	Unsafe	
ServiceProvider	ServiceRemoving	Event	(service: Instance)	None	None	Unsafe	
ServiceProvider	getService	Function	(className: string) -> Instance	None	None	Unsafe	deprecated,prefer=GetService
ServiceProvider	service	Function	(className: string) -> Instance	None	None	Unsafe	deprecated,prefer=GetService
ServiceVisibilityService	HiddenServices	Property	BinaryString	RobloxSecurity	RobloxSecurity	ReadSafe	
ServiceVisibilityService	ServiceVisibilityChanged	Event	(serviceName: string)	RobloxScriptSecurity	RobloxScriptSecurity	Unsafe	
ServiceVisibilityService	SetServiceVisibilityPreference	Function	(service: Instance, visible: bool) -> ()	RobloxScriptSecurity	RobloxScriptSecurity	Unsafe	
ServiceVisibilityService	VisibleServices	Property	BinaryString	RobloxSecurity	RobloxSecurity	ReadSafe	
SessionService	AcquireContextFocus	Function	(context: string) -> ()	RobloxScriptSecurity	RobloxScriptSecurity	Unsafe	
SessionService	GenerateSessionInfoString	Function	(includeArbitrarySessions: bool, includeTag: bool, includeTimestamps: bool, includeMetadata: bool) -> string	RobloxScriptSecurity	RobloxScriptSecurity	Unsafe	
SessionService	GetBreadcrumbs	Function	() -> Array	RobloxScriptSecurity	RobloxScriptSecurity	Unsafe	
SessionService	GetCreatedTimestampUtcMs	Function	(sid: string) -> int64	RobloxScriptSecurity	RobloxScriptSecurity	Unsafe	
SessionService	GetHistory	Function	() -> Array	RobloxScriptSecurity	RobloxScriptSecurity	Unsafe	
SessionService	GetMetadata	Function	(sid: string, key: string) -> Variant	RobloxScriptSecurity	RobloxScriptSecurity	Unsafe	
SessionService	GetRootSID	Function	() -> string	RobloxScriptSecurity	RobloxScriptSecurity	Unsafe	
SessionService	GetSessionID	Function	(structuralId: string) -> string	RobloxScriptSecurity	RobloxScriptSecurity	Unsafe	
SessionService	GetSessionTag	Function	(sid: string) -> string	RobloxScriptSecurity	RobloxScriptSecurity	Unsafe	
SessionService	IsContextFocused	Function	(context: string) -> bool	RobloxScriptSecurity	RobloxScriptSecurity	Unsafe	
SessionService	ReleaseContextFocus	Function	(context: string) -> ()	RobloxScriptSecurity	RobloxScriptSecurity	Unsafe	
SessionService	RemoveMetadata	Function	(sid: string, key: string, context: string = ) -> ()	RobloxScriptSecurity	RobloxScriptSecurity	Unsafe	
SessionService	RemoveSession	Function	(sid: string, context: string = ) -> ()	RobloxScriptSecurity	RobloxScriptSecurity	Unsafe	
SessionService	RemoveSessionsWithMetadataKey	Function	(key: string) -> ()	RobloxScriptSecurity	RobloxScriptSecurity	Unsafe	
SessionService	ReplaceSession	Function	(sid: string, tag: string) -> ()	RobloxScriptSecurity	RobloxScriptSecurity	Unsafe	
SessionService	SessionChanged	Event	(structuralId: string, currentTag: string, currentSessionId: string, previousTag: string, previousSessionId: string)	RobloxScriptSecurity	RobloxScriptSecurity	Unsafe	
SessionService	SessionExists	Function	(sid: string) -> bool	RobloxScriptSecurity	RobloxScriptSecurity	Unsafe	
SessionService	SetMetadata	Function	(sid: string, key: string, value: Variant, context: string = ) -> ()	RobloxScriptSecurity	RobloxScriptSecurity	Unsafe	
SessionService	SetSession	Function	(parentSid: string, childSid: string, tag: string, context: string = ) -> ()	RobloxScriptSecurity	RobloxScriptSecurity	Unsafe	
SharedTableRegistry	GetSharedTable	Function	(name: string) -> SharedTable	None	None	Safe	cap=ScriptGlobals
SharedTableRegistry	SetSharedTable	Function	(name: string, st: SharedTable?) -> ()	None	None	Safe	cap=ScriptGlobals
Shirt	ShirtTemplate	Property	ContentId	None	None	ReadSafe	cap=AvatarAppearance
Shirt	ShirtTemplateContent	Property	Content	None	None	ReadSafe	cap=AvatarAppearance
ShirtGraphic	Color3	Property	Color3	None	None	ReadSafe	cap=AvatarAppearance
ShirtGraphic	Graphic	Property	ContentId	None	None	ReadSafe	cap=AvatarAppearance
ShirtGraphic	TextureContent	Property	Content	None	None	ReadSafe	cap=AvatarAppearance
SkateboardController	AxisChanged	Event	(axis: string)	None	None	Unsafe	cap=Basic
SkateboardController	Steer	Property	float	None	None	ReadSafe	readonly,notreplicated,cap=Basic
SkateboardController	Throttle	Property	float	None	None	ReadSafe	readonly,notreplicated,cap=Basic
SkateboardPlatform	ApplySpecificImpulse	Function	(impulseWorld: Vector3) -> ()	None	None	Unsafe	cap=Basic
SkateboardPlatform	Controller	Property	SkateboardController	None	None	ReadSafe	readonly,notreplicated,cap=Basic
SkateboardPlatform	ControllingHumanoid	Property	Humanoid	None	None	ReadSafe	readonly,notreplicated,cap=Basic
SkateboardPlatform	Equipped	Event	(humanoid: Instance, skateboardController: Instance)	None	None	Unsafe	cap=Basic
SkateboardPlatform	MoveState	Property	MoveState	None	None	ReadSafe	hidden,notscriptable,cap=Basic
SkateboardPlatform	MoveStateChanged	Event	(newState: MoveState, oldState: MoveState)	None	None	Unsafe	cap=Basic
SkateboardPlatform	RemoteCreateMotor6D	Event	(humanoid: Instance)	None	None	Unsafe	hidden,cap=Basic
SkateboardPlatform	RemoteDestroyMotor6D	Event	()	None	None	Unsafe	hidden,cap=Basic
SkateboardPlatform	Steer	Property	int	None	None	ReadSafe	cap=Basic
SkateboardPlatform	StickyWheels	Property	bool	None	None	ReadSafe	cap=Basic
SkateboardPlatform	Throttle	Property	int	None	None	ReadSafe	cap=Basic
SkateboardPlatform	Unequipped	Event	(humanoid: Instance)	None	None	Unsafe	cap=Basic
SkateboardPlatform	equipped	Event	(humanoid: Instance, skateboardController: Instance)	None	None	Unsafe	deprecated,prefer=Equipped,cap=Basic
SkateboardPlatform	unequipped	Event	(humanoid: Instance)	None	None	Unsafe	deprecated,prefer=Unequipped,cap=Basic
Skin	SkinColor	Property	BrickColor	None	None	ReadSafe	cap=AvatarAppearance
Sky	CelestialBodiesShown	Property	bool	None	None	ReadSafe	cap=Environment
Sky	MoonAngularSize	Property	float	None	None	ReadSafe	cap=Environment
Sky	MoonTextureContent	Property	Content	None	None	ReadSafe	cap=Environment
Sky	MoonTextureId	Property	ContentId	None	None	ReadSafe	cap=Environment
Sky	SkyboxBackContent	Property	Content	None	None	ReadSafe	cap=Environment
Sky	SkyboxBk	Property	ContentId	None	None	ReadSafe	cap=Environment
Sky	SkyboxDn	Property	ContentId	None	None	ReadSafe	cap=Environment
Sky	SkyboxDownContent	Property	Content	None	None	ReadSafe	cap=Environment
Sky	SkyboxFrontContent	Property	Content	None	None	ReadSafe	cap=Environment
Sky	SkyboxFt	Property	ContentId	None	None	ReadSafe	cap=Environment
Sky	SkyboxLeftContent	Property	Content	None	None	ReadSafe	cap=Environment
Sky	SkyboxLf	Property	ContentId	None	None	ReadSafe	cap=Environment
Sky	SkyboxOrientation	Property	Vector3	None	None	ReadSafe	cap=Environment
Sky	SkyboxRightContent	Property	Content	None	None	ReadSafe	cap=Environment
Sky	SkyboxRt	Property	ContentId	None	None	ReadSafe	cap=Environment
Sky	SkyboxUp	Property	ContentId	None	None	ReadSafe	cap=Environment
Sky	SkyboxUpContent	Property	Content	None	None	ReadSafe	cap=Environment
Sky	StarCount	Property	int	None	None	ReadSafe	cap=Environment
Sky	SunAngularSize	Property	float	None	None	ReadSafe	cap=Environment
Sky	SunTextureContent	Property	Content	None	None	ReadSafe	cap=Environment
Sky	SunTextureId	Property	ContentId	None	None	ReadSafe	cap=Environment
SlidingBallConstraint	ActuatorType	Property	ActuatorType	None	None	ReadSafe	sim,cap=Physics
SlidingBallConstraint	CurrentPosition	Property	float	None	None	ReadSafe	readonly,notreplicated,sim,cap=Physics
SlidingBallConstraint	LimitsEnabled	Property	bool	None	None	ReadSafe	sim,cap=Physics
SlidingBallConstraint	LinearResponsiveness	Property	float	None	None	ReadSafe	sim,cap=Physics
SlidingBallConstraint	LowerLimit	Property	float	None	None	ReadSafe	sim,cap=Physics
SlidingBallConstraint	MotorMaxAcceleration	Property	float	None	None	ReadSafe	sim,cap=Physics
SlidingBallConstraint	MotorMaxForce	Property	float	None	None	ReadSafe	sim,cap=Physics
SlidingBallConstraint	Restitution	Property	float	None	None	ReadSafe	sim,cap=Physics
SlidingBallConstraint	ServoMaxForce	Property	float	None	None	ReadSafe	sim,cap=Physics
SlidingBallConstraint	Size	Property	float	None	None	ReadSafe	sim,cap=Physics
SlidingBallConstraint	SoftlockServoUponReachingTarget	Property	bool	None	None	ReadSafe	deprecated,sim,cap=Physics
SlidingBallConstraint	Speed	Property	float	None	None	ReadSafe	sim,cap=Physics
SlidingBallConstraint	TargetPosition	Property	float	None	None	ReadSafe	sim,cap=Physics
SlidingBallConstraint	UpperLimit	Property	float	None	None	ReadSafe	sim,cap=Physics
SlidingBallConstraint	Velocity	Property	float	None	None	ReadSafe	sim,cap=Physics
SlimAnimationDataEntity	BoneParentIndices	Property	BinaryString	RobloxSecurity	RobloxSecurity	ReadSafe	hidden,notscriptable
SlimAnimationDataEntity	EntityScale	Property	double	RobloxSecurity	RobloxSecurity	ReadSafe	hidden,notscriptable
SlimAnimationDataEntity	EntitySource	Property	Instance	RobloxSecurity	RobloxSecurity	ReadSafe	hidden,notscriptable
SlimAnimationDataEntity	Handle	Property	int	RobloxSecurity	RobloxSecurity	ReadSafe	hidden,notscriptable
SlimAnimationDataEntity	IsSlimEnabled	Property	bool	RobloxSecurity	RobloxSecurity	ReadSafe	hidden,notscriptable
SlimAnimationDataEntity	NumBones	Property	int	RobloxSecurity	RobloxSecurity	ReadSafe	hidden,notscriptable
SlimAnimationDataEntity	RootIndex	Property	int	RobloxSecurity	RobloxSecurity	ReadSafe	hidden,notscriptable
SlimAnimationDataEntity	SlimInstanceHashes	Property	BinaryString	RobloxSecurity	RobloxSecurity	ReadSafe	hidden,notscriptable
SlimAnimationDataEntity	SlimReplicationTimestampSec	Property	double	RobloxSecurity	RobloxSecurity	ReadSafe	hidden,notscriptable
SlimContentProvider	GetContentMemoryData	Function	() -> Dictionary	RobloxSecurity	RobloxSecurity	Unsafe	cap=AssetManagement
SlimDebugSettings	GetAvailableTintModes	Function	(context: SlimViewContext, isRunning: bool) -> Array	RobloxScriptSecurity	RobloxScriptSecurity	Unsafe	
SlimDebugSettings	GetTintMode	Function	() -> SlimTintMode	RobloxScriptSecurity	RobloxScriptSecurity	Unsafe	
SlimDebugSettings	SetTintMode	Function	(mode: SlimTintMode) -> ()	RobloxScriptSecurity	RobloxScriptSecurity	Unsafe	
SlimReplicationService	ServerUpdateEntities	Event	(entities: Array, poses: Array)	RobloxSecurity	RobloxSecurity	Unsafe	hidden
Smoke	Color	Property	Color3	None	None	ReadSafe	cap=Basic
Smoke	Enabled	Property	bool	None	None	ReadSafe	cap=Basic
Smoke	FastForward	Function	(numFrames: int) -> ()	RobloxScriptSecurity	RobloxScriptSecurity	Unsafe	cap=Basic
Smoke	LocalTransparencyModifier	Property	float	None	None	ReadSafe	hidden,notreplicated,cap=Basic
Smoke	Opacity	Property	float	None	None	ReadSafe	notreplicated,cap=Basic
Smoke	RiseVelocity	Property	float	None	None	ReadSafe	notreplicated,cap=Basic
Smoke	Size	Property	float	None	None	ReadSafe	notreplicated,cap=Basic
Smoke	TimeScale	Property	float	None	None	ReadSafe	cap=Basic
Smoke	opacity_xml	Property	float	None	None	ReadSafe	hidden,notscriptable,cap=Basic
Smoke	riseVelocity_xml	Property	float	None	None	ReadSafe	hidden,notscriptable,cap=Basic
Smoke	size_xml	Property	float	None	None	ReadSafe	hidden,notscriptable,cap=Basic
SmoothVoxelsUpgraderService	Cancel	Function	() -> ()	RobloxScriptSecurity	RobloxScriptSecurity	Unsafe	
SmoothVoxelsUpgraderService	Start	Function	() -> ()	RobloxScriptSecurity	RobloxScriptSecurity	Unsafe	
SmoothVoxelsUpgraderService	Status	Event	(progressRatio: float)	RobloxScriptSecurity	RobloxScriptSecurity	Unsafe	
SocialService	CallInviteStateChanged	Event	(player: Instance, inviteState: InviteState)	None	None	Unsafe	cap=Social
SocialService	CanSendCallInviteAsync	Function	(player: Instance) -> bool	None	None	Unsafe	yields,cap=Social
SocialService	CanSendGameInviteAsync	Function	(player: Instance, recipientId: User = …) -> bool	None	None	Unsafe	yields,cap=Social
SocialService	GameInvitePromptClosed	Event	(player: Instance, recipientIds: Array)	None	None	Unsafe	cap=Social
SocialService	GetEventRsvpStatusAsync	Function	(eventId: string) -> RsvpStatus	None	None	Unsafe	yields,cap=Social
SocialService	GetExperienceEventAsync	Function	(eventId: string) -> Dictionary?	None	None	Unsafe	yields,cap=Social
SocialService	GetPartyAsync	Function	(partyId: string) -> Array	None	None	Unsafe	yields,cap=Social
SocialService	GetPlayersByPartyId	Function	(partyId: string) -> Instances	None	None	Unsafe	cap=Social
SocialService	GetUpcomingExperienceEventsAsync	Function	() -> Array	None	None	Unsafe	yields,cap=Social
SocialService	HideSelfView	Function	() -> ()	None	None	Unsafe	cap=Social
SocialService	InvokeGameInvitePromptClosed	Function	(player: Instance, recipientIds: Array) -> ()	RobloxScriptSecurity	RobloxScriptSecurity	Unsafe	cap=Social
SocialService	InvokeIrisInvite	Function	(player: Instance, tag: string, irisParticipants: Array) -> ()	RobloxScriptSecurity	RobloxScriptSecurity	Unsafe	cap=Social
SocialService	InvokeIrisInvitePromptClosed	Function	(player: Instance) -> ()	RobloxScriptSecurity	RobloxScriptSecurity	Unsafe	cap=Social
SocialService	InvokeShareSheetClosed	Function	() -> ()	RobloxScriptSecurity	RobloxScriptSecurity	Unsafe	cap=Social
SocialService	IrisInviteInitiated	Event	(message: string)	RobloxSecurity	RobloxSecurity	Unsafe	hidden,cap=Social
SocialService	OnCallInviteInvoked	Callback	(tag: string, callParticipantIds: Array) -> Instance	None	None	Unsafe	cap=Social
SocialService	OpenShareSheetWithLink	Event	(link: string)	RobloxScriptSecurity	RobloxScriptSecurity	Unsafe	cap=Social
SocialService	PhoneBookPromptClosed	Event	(player: Instance)	None	None	Unsafe	cap=Social
SocialService	PlayerPartyDataChanged	Event	(partyId: string)	RobloxScriptSecurity	RobloxScriptSecurity	Unsafe	cap=Social
SocialService	PromptFeedbackSubmissionAsync	Function	(options: Dictionary?) -> ()	None	None	Unsafe	yields,cap=Social
SocialService	PromptGameInvite	Function	(player: Instance, experienceInviteOptions: Instance = nil) -> ()	None	None	Unsafe	cap=Social
SocialService	PromptInviteRequested	Event	(player: Instance, experienceInviteOptions: Instance)	RobloxScriptSecurity	RobloxScriptSecurity	Unsafe	cap=Social
SocialService	PromptIrisInviteRequested	Event	(player: Instance, tag: string)	RobloxScriptSecurity	RobloxScriptSecurity	Unsafe	cap=Social
SocialService	PromptLinkSharing	Function	(player: Player, options: Dictionary = nil) -> Tuple	None	None	Unsafe	yields,deprecated,prefer=PromptLinkSharingAsync,cap=Social
SocialService	PromptLinkSharingAsync	Function	(player: Player, options: Dictionary = nil) -> Tuple	None	None	Unsafe	yields,cap=Social
SocialService	PromptPhoneBook	Function	(player: Instance, tag: string) -> ()	None	None	Unsafe	cap=Social
SocialService	PromptRsvpToEventAsync	Function	(eventId: string) -> RsvpStatus	None	None	Unsafe	yields,cap=Social
SocialService	PromptRsvpToEventCompleted	Function	(eventId: string, success: bool, rsvpStatus: RsvpStatus, previousRsvpStatus: RsvpStatus = None) -> ()	RobloxScriptSecurity	RobloxScriptSecurity	Unsafe	cap=Social
SocialService	SelfViewHidden	Event	()	RobloxScriptSecurity	RobloxScriptSecurity	Unsafe	cap=Social
SocialService	SelfViewVisible	Event	(selfViewPosition: SelfViewPosition)	RobloxScriptSecurity	RobloxScriptSecurity	Unsafe	cap=Social
SocialService	ShareSheetClosed	Event	(player: Player)	None	None	Unsafe	cap=Social
SocialService	ShowPromptFeedbackSubmission	Event	(feedbackType: FeedbackType)	RobloxScriptSecurity	RobloxScriptSecurity	Unsafe	cap=Social
SocialService	ShowPromptFeedbackUnavailable	Event	(reason: string, feedbackType: FeedbackType)	RobloxScriptSecurity	RobloxScriptSecurity	Unsafe	cap=Social
SocialService	ShowPromptRsvpToEvent	Event	(eventId: string)	RobloxScriptSecurity	RobloxScriptSecurity	Unsafe	cap=Social
SocialService	ShowSelfView	Function	(selfViewPosition: SelfViewPosition = LastPosition) -> ()	None	None	Unsafe	cap=Social
SocialService	SignalFeedbackSubmissionCompleted	Function	(feedback: string, options: Dictionary?) -> ()	RobloxScriptSecurity	RobloxScriptSecurity	Unsafe	cap=Social
SocialService	SignalFeedbackSubmissionPermissionDenied	Function	() -> ()	RobloxScriptSecurity	RobloxScriptSecurity	Unsafe	cap=Social
SocialService	UpdatePlayerPartyData	Function	(partyId: string) -> ()	RobloxScriptSecurity	RobloxScriptSecurity	Unsafe	cap=Social
Sound	AcousticSimulationEnabled	Property	bool	None	None	ReadSafe	cap=LegacySound,undocumented
Sound	AssetRepresentation	Property	AssetRepresentation	RobloxScriptSecurity	RobloxScriptSecurity	ReadSafe	hidden,notreplicated,cap=LegacySound
Sound	AudioContent	Property	Content	None	None	ReadSafe	hidden,cap=LegacySound
Sound	ChannelCount	Property	int	RobloxScriptSecurity	RobloxScriptSecurity	ReadSafe	hidden,readonly,notreplicated,cap=LegacySound
Sound	DidLoop	Event	(soundId: string, numOfTimesLooped: int)	None	None	Unsafe	cap=LegacySound
Sound	EmitterSize	Property	float	None	None	ReadSafe	deprecated,prefer=RollOffMinDistance,cap=LegacySound
Sound	Ended	Event	(soundId: string)	None	None	Unsafe	cap=LegacySound
Sound	GetUnderlyingAudioPlayer	Function	() -> AudioPlayer	RobloxScriptSecurity	RobloxScriptSecurity	Unsafe	cap=LegacySound
Sound	IsLoaded	Property	bool	None	None	ReadSafe	readonly,notreplicated,cap=LegacySound
Sound	IsPaused	Property	bool	None	None	ReadSafe	hidden,readonly,notreplicated,cap=LegacySound
Sound	IsPlaying	Property	bool	None	None	ReadSafe	hidden,readonly,notreplicated,cap=LegacySound
Sound	IsSpatial	Property	bool	RobloxScriptSecurity	RobloxScriptSecurity	ReadSafe	hidden,readonly,notreplicated,cap=LegacySound
Sound	Loaded	Event	(soundId: string)	None	None	Unsafe	cap=LegacySound
Sound	LoopRegion	Property	NumberRange	None	None	ReadSafe	cap=LegacySound
Sound	Looped	Property	bool	None	None	ReadSafe	cap=LegacySound
Sound	MaxDistance	Property	float	None	None	ReadSafe	deprecated,prefer=RollOffMaxDistance,cap=LegacySound
Sound	MinDistance	Property	float	None	None	ReadSafe	deprecated,prefer=RollOffMinDistance,cap=LegacySound
Sound	Pause	Function	() -> ()	None	None	Unsafe	cap=LegacySound
Sound	Paused	Event	(soundId: string)	None	None	Unsafe	cap=LegacySound
Sound	Pitch	Property	float	None	None	ReadSafe	deprecated,prefer=PlaybackSpeed,cap=LegacySound
Sound	Play	Function	() -> ()	None	None	Unsafe	cap=LegacySound
Sound	PlayOnRemove	Property	bool	None	None	ReadSafe	cap=LegacySound
Sound	PlaybackLoudness	Property	double	None	None	ReadSafe	readonly,notreplicated,cap=LegacySound
Sound	PlaybackRegion	Property	NumberRange	None	None	ReadSafe	cap=LegacySound
Sound	PlaybackRegionsEnabled	Property	bool	None	None	ReadSafe	cap=LegacySound
Sound	PlaybackSpeed	Property	float	None	None	ReadSafe	notreplicated,cap=LegacySound
Sound	Played	Event	(soundId: string)	None	None	Unsafe	cap=LegacySound
Sound	Playing	Property	bool	None	None	ReadSafe	notreplicated,cap=LegacySound
Sound	PlayingReplicator	Property	bool	None	None	ReadSafe	hidden,notscriptable,cap=LegacySound
Sound	PlayingUpdatedFromClient	Event	(value: bool)	RobloxSecurity	RobloxSecurity	Unsafe	hidden,cap=LegacySound
Sound	PlayingUpdatedFromServer	Event	(value: bool)	RobloxSecurity	RobloxSecurity	Unsafe	hidden,cap=LegacySound
Sound	Resume	Function	() -> ()	None	None	Unsafe	cap=LegacySound
Sound	Resumed	Event	(soundId: string)	None	None	Unsafe	cap=LegacySound
Sound	RollOffGain	Property	float	RobloxScriptSecurity	RobloxScriptSecurity	ReadSafe	hidden,readonly,notreplicated,cap=LegacySound
Sound	RollOffMaxDistance	Property	float	None	None	ReadSafe	cap=LegacySound
Sound	RollOffMinDistance	Property	float	None	None	ReadSafe	cap=LegacySound
Sound	RollOffMode	Property	RollOffMode	None	None	ReadSafe	cap=LegacySound
Sound	SoundGroup	Property	SoundGroup	None	None	ReadSafe	cap=LegacySound
Sound	SoundId	Property	ContentId	None	None	ReadSafe	cap=LegacySound
Sound	Stop	Function	() -> ()	None	None	Unsafe	cap=LegacySound
Sound	Stopped	Event	(soundId: string)	None	None	Unsafe	cap=LegacySound
Sound	TimeLength	Property	double	None	None	ReadSafe	readonly,notreplicated,cap=LegacySound
Sound	TimePosition	Property	double	None	None	ReadSafe	notreplicated,cap=LegacySound
Sound	TimePositionReplicator	Property	double	None	None	ReadSafe	hidden,notscriptable,cap=LegacySound
Sound	TimePositionUpdatedFromClient	Event	(newPositionSeconds: double, lastLuaSetTimePosition: double)	RobloxSecurity	RobloxSecurity	Unsafe	hidden,cap=LegacySound
Sound	TimePositionUpdatedFromServer	Event	(newPositionSeconds: double, lastLuaSetTimePosition: double)	RobloxSecurity	RobloxSecurity	Unsafe	hidden,cap=LegacySound
Sound	UsageContextPermission	Property	UsageContext	RobloxScriptSecurity	RobloxScriptSecurity	ReadSafe	hidden,notreplicated,cap=LegacySound
Sound	Volume	Property	float	None	None	ReadSafe	cap=LegacySound
Sound	isPlaying	Property	bool	None	None	ReadSafe	readonly,notreplicated,deprecated,prefer=IsPlaying,cap=LegacySound
Sound	pause	Function	() -> ()	None	None	Unsafe	deprecated,prefer=Pause,cap=LegacySound
Sound	play	Function	() -> ()	None	None	Unsafe	deprecated,prefer=Play,cap=LegacySound
Sound	playbackActionSync	Event	(action: int)	RobloxSecurity	RobloxSecurity	Unsafe	hidden,cap=LegacySound
Sound	stop	Function	() -> ()	None	None	Unsafe	deprecated,prefer=Stop,cap=LegacySound
Sound	xmlRead_MaxDistance_3	Property	float	None	None	ReadSafe	hidden,notreplicated,notscriptable,deprecated,prefer=RollOffMaxDistance,cap=LegacySound
Sound	xmlRead_MinDistance_3	Property	float	None	None	ReadSafe	hidden,notreplicated,notscriptable,deprecated,prefer=RollOffMinDistance,cap=LegacySound
SoundEffect	Enabled	Property	bool	None	None	ReadSafe	cap=LegacySound
SoundEffect	Priority	Property	int	None	None	ReadSafe	cap=LegacySound
SoundGroup	Volume	Property	float	None	None	ReadSafe	cap=LegacySound
SoundService	AcousticSimulationEnabled	Property	bool	None	None	ReadSafe	cap=Audio
SoundService	AmbientReverb	Property	ReverbType	None	None	ReadSafe	cap=Audio
SoundService	AudioApiByDefault	Property	RolloutState	RobloxScriptSecurity	RobloxScriptSecurity	ReadSafe	hidden,cap=Audio
SoundService	AudioInstanceAdded	Event	(instance: Instance)	RobloxScriptSecurity	RobloxScriptSecurity	Unsafe	cap=Audio
SoundService	BeginRecording	Function	() -> bool	RobloxScriptSecurity	RobloxScriptSecurity	Unsafe	cap=Audio
SoundService	CharacterSoundsUseNewApi	Property	RolloutState	None	PluginSecurity	ReadSafe	cap=Audio
SoundService	ClientLoggedEvent	Event	(sessionIdRaw: string)	RobloxSecurity	RobloxSecurity	Unsafe	hidden,cap=Audio
SoundService	DefaultListenerLocation	Property	ListenerLocation	PluginSecurity	PluginSecurity	ReadSafe	cap=Audio
SoundService	DeviceListChanged	Event	(newDevices: Tuple)	RobloxScriptSecurity	RobloxScriptSecurity	Unsafe	cap=Audio
SoundService	DiffractionEnabled	Property	bool	None	None	ReadSafe	cap=Audio,undocumented
SoundService	DistanceFactor	Property	float	None	None	ReadSafe	cap=Audio
SoundService	DopplerScale	Property	float	None	None	ReadSafe	cap=Audio
SoundService	EndRecording	Function	() -> Dictionary	RobloxScriptSecurity	RobloxScriptSecurity	Unsafe	yields,cap=Audio
SoundService	GetAudioApiByDefault	Function	() -> bool	RobloxScriptSecurity	RobloxScriptSecurity	Unsafe	cap=Audio
SoundService	GetAudioInstances	Function	() -> Array	RobloxScriptSecurity	RobloxScriptSecurity	Unsafe	cap=Audio
SoundService	GetInputDevice	Function	() -> Tuple	RobloxScriptSecurity	RobloxScriptSecurity	Unsafe	cap=Audio
SoundService	GetInputDevices	Function	() -> Tuple	RobloxScriptSecurity	RobloxScriptSecurity	Unsafe	cap=Audio
SoundService	GetListener	Function	() -> Tuple	None	None	Unsafe	cap=Audio
SoundService	GetMixerTime	Function	() -> double	None	None	Unsafe	cap=Audio
SoundService	GetOutputDevice	Function	() -> Tuple	RobloxScriptSecurity	RobloxScriptSecurity	Unsafe	cap=Audio
SoundService	GetOutputDevices	Function	() -> Tuple	RobloxScriptSecurity	RobloxScriptSecurity	Unsafe	cap=Audio
SoundService	GetRecordingDevices	Function	() -> Dictionary	RobloxScriptSecurity	RobloxScriptSecurity	Unsafe	yields,cap=Audio
SoundService	GetSoundMemoryData	Function	() -> Dictionary	RobloxScriptSecurity	RobloxScriptSecurity	Unsafe	cap=Audio
SoundService	InsertAsset	Function	(assetId: ContentId, assetName: string, useSelection: bool = true) -> Instances	RobloxScriptSecurity	RobloxScriptSecurity	Unsafe	cap=Audio
SoundService	IsNewExpForAudioApiByDefault	Property	bool	RobloxScriptSecurity	RobloxScriptSecurity	ReadSafe	hidden,cap=Audio
SoundService	ListenerCFrame	Property	CFrame	None	None	ReadSafe	cap=Audio
SoundService	ListenerObject	Property	Instance	None	None	ReadSafe	cap=Audio
SoundService	ListenerType	Property	ListenerType	None	None	ReadSafe	cap=Audio
SoundService	OcclusionEnabled	Property	bool	None	None	ReadSafe	cap=Audio,undocumented
SoundService	OpenAttenuationCurveEditor	Function	(selectedCurveObjects: Instances) -> ()	PluginSecurity	PluginSecurity	Unsafe	cap=Audio
SoundService	OpenAttenuationCurveEditorSignal	Event	(selectedCurveObjects: Instances)	RobloxScriptSecurity	RobloxScriptSecurity	Unsafe	cap=Audio
SoundService	OpenAudioCompressorEditorSignal	Event	(selectedCompressorObjects: Instances)	RobloxScriptSecurity	RobloxScriptSecurity	Unsafe	cap=Audio
SoundService	OpenAudioEqualizerEditorSignal	Event	(selectedEqualizerObjects: Instances)	RobloxScriptSecurity	RobloxScriptSecurity	Unsafe	cap=Audio
SoundService	OpenDirectionalCurveEditor	Function	(selectedCurveObjects: Instances) -> ()	PluginSecurity	PluginSecurity	Unsafe	cap=Audio
SoundService	OpenDirectionalCurveEditorSignal	Event	(selectedCurveObjects: Instances)	RobloxScriptSecurity	RobloxScriptSecurity	Unsafe	cap=Audio
SoundService	PlayLocalSound	Function	(sound: Instance) -> ()	None	None	Unsafe	cap=Audio
SoundService	RequestSttPlatformToken	Event	()	RobloxSecurity	RobloxSecurity	Unsafe	hidden,cap=Audio
SoundService	RespectFilteringEnabled	Property	bool	None	None	ReadSafe	cap=Audio
SoundService	ReverbEnabled	Property	bool	None	None	ReadSafe	cap=Audio,undocumented
SoundService	RolloffScale	Property	float	None	None	ReadSafe	cap=Audio
SoundService	SetAudioApiByDefault	Function	(enabled: bool) -> ()	RobloxScriptSecurity	RobloxScriptSecurity	Unsafe	cap=Audio
SoundService	SetInputDevice	Function	(nameOrInstance: Variant, guidOrPin: string) -> ()	None	None	Unsafe	cap=Audio|InternalTest,undocumented
SoundService	SetListener	Function	(listenerType: ListenerType, listener: Tuple) -> ()	None	None	Unsafe	cap=Audio
SoundService	SetOutputDevice	Function	(name: string, guid: string) -> ()	RobloxScriptSecurity	RobloxScriptSecurity	Unsafe	cap=Audio
SoundService	SetRecordingDevice	Function	(deviceIndex: int) -> bool	RobloxScriptSecurity	RobloxScriptSecurity	Unsafe	cap=Audio
SoundService	SetSoundEnabled	Function	(enabled: bool) -> ()	RobloxScriptSecurity	RobloxScriptSecurity	Unsafe	cap=Audio
SoundService	SttPlatformToken	Event	(token: string, ttlSeconds: int)	RobloxSecurity	RobloxSecurity	Unsafe	hidden,cap=Audio
SoundService	VolumetricAudio	Property	VolumetricAudio	None	None	ReadSafe	notscriptable,cap=Audio
Sparkles	Color	Property	Color3	None	None	ReadSafe	hidden,notreplicated,cap=Basic
Sparkles	Enabled	Property	bool	None	None	ReadSafe	cap=Basic
Sparkles	FastForward	Function	(numFrames: int) -> ()	RobloxScriptSecurity	RobloxScriptSecurity	Unsafe	cap=Basic
Sparkles	LocalTransparencyModifier	Property	float	None	None	ReadSafe	hidden,notreplicated,cap=Basic
Sparkles	SparkleColor	Property	Color3	None	None	ReadSafe	cap=Basic
Sparkles	TimeScale	Property	float	None	None	ReadSafe	cap=Basic
SpawnLocation	AllowTeamChangeOnTouch	Property	bool	None	None	ReadSafe	cap=Basic|Players
SpawnLocation	Duration	Property	int	None	None	ReadSafe	cap=Basic|Players
SpawnLocation	Enabled	Property	bool	None	None	ReadSafe	cap=Basic|Players
SpawnLocation	Neutral	Property	bool	None	None	ReadSafe	cap=Basic|Players
SpawnLocation	TeamColor	Property	BrickColor	None	None	ReadSafe	cap=Basic|Players
SpecialMesh	MeshType	Property	MeshType	None	None	ReadSafe	cap=Basic
SphereHandleAdornment	Radius	Property	float	None	None	ReadSafe	cap=Basic|UI
SphereHandleAdornment	Shading	Property	AdornShading	None	None	ReadSafe	cap=Basic|UI
SpotLight	Angle	Property	float	None	None	ReadSafe	cap=Basic
SpotLight	Face	Property	NormalId	None	None	ReadSafe	cap=Basic
SpotLight	Range	Property	float	None	None	ReadSafe	cap=Basic
SpringConstraint	Coils	Property	float	None	None	ReadSafe	sim,cap=Physics
SpringConstraint	CurrentLength	Property	float	None	None	ReadSafe	readonly,notreplicated,sim,cap=Physics
SpringConstraint	Damping	Property	float	None	None	ReadSafe	sim,cap=Physics
SpringConstraint	FreeLength	Property	float	None	None	ReadSafe	sim,cap=Physics
SpringConstraint	LimitsEnabled	Property	bool	None	None	ReadSafe	sim,cap=Physics
SpringConstraint	MaxForce	Property	float	None	None	ReadSafe	sim,cap=Physics
SpringConstraint	MaxLength	Property	float	None	None	ReadSafe	sim,cap=Physics
SpringConstraint	MinLength	Property	float	None	None	ReadSafe	sim,cap=Physics
SpringConstraint	Radius	Property	float	None	None	ReadSafe	sim,cap=Physics
SpringConstraint	Stiffness	Property	float	None	None	ReadSafe	sim,cap=Physics
SpringConstraint	Thickness	Property	float	None	None	ReadSafe	sim,cap=Physics
StackFrame	FrameId	Property	int	RobloxScriptSecurity	RobloxScriptSecurity	ReadSafe	hidden,readonly,notreplicated
StackFrame	FrameName	Property	string	RobloxScriptSecurity	RobloxScriptSecurity	ReadSafe	hidden,readonly,notreplicated
StackFrame	FrameType	Property	DebuggerFrameType	RobloxScriptSecurity	RobloxScriptSecurity	ReadSafe	hidden,readonly,notreplicated
StackFrame	Globals	Property	DebuggerVariable	RobloxScriptSecurity	RobloxScriptSecurity	ReadSafe	hidden,readonly,notreplicated
StackFrame	Line	Property	int	RobloxScriptSecurity	RobloxScriptSecurity	ReadSafe	hidden,readonly,notreplicated
StackFrame	Locals	Property	DebuggerVariable	RobloxScriptSecurity	RobloxScriptSecurity	ReadSafe	hidden,readonly,notreplicated
StackFrame	Populated	Property	bool	RobloxScriptSecurity	RobloxScriptSecurity	ReadSafe	hidden,readonly,notreplicated
StackFrame	Script	Property	string	RobloxScriptSecurity	RobloxScriptSecurity	ReadSafe	hidden,readonly,notreplicated
StackFrame	Upvalues	Property	DebuggerVariable	RobloxScriptSecurity	RobloxScriptSecurity	ReadSafe	hidden,readonly,notreplicated
StandardQueue	BatchCommitAsync	Function	(group: string, messageIds: Array) -> ()	None	None	Unsafe	yields,cap=DataStore,undocumented
StandardQueue	PublishAsync	Function	(data: Variant, messageKey: string = ) -> ()	None	None	Unsafe	yields,cap=DataStore,undocumented
StandardQueue	SubscribeAsync	Function	(group: string, callback: Function) -> RBXScriptConnection	None	None	Unsafe	yields,cap=DataStore,undocumented
StartPageService	ImageImportedSignal	Event	(urlImported: string, temporaryId: string)	RobloxScriptSecurity	RobloxScriptSecurity	Unsafe	
StartPageService	LocalGamesFromRegistryUpdatedSignal	Event	(localGames: Array)	RobloxScriptSecurity	RobloxScriptSecurity	Unsafe	
StartPageService	RecentApiGamesFromRegistryUpdatedSignal	Event	(recentGames: Array)	RobloxScriptSecurity	RobloxScriptSecurity	Unsafe	
StartPageService	generateTempUrlInContentProvider	Function	(url: string) -> ()	RobloxScriptSecurity	RobloxScriptSecurity	Unsafe	
StartPageService	getDaysSinceFirstUserLogin	Function	() -> int	RobloxScriptSecurity	RobloxScriptSecurity	Unsafe	
StartPageService	getLocalGamesFromRegistry	Function	() -> Array	RobloxScriptSecurity	RobloxScriptSecurity	Unsafe	
StartPageService	getRecentAPIGamesFromRegistry	Function	() -> Array	RobloxScriptSecurity	RobloxScriptSecurity	Unsafe	
StartPageService	getTempUrlInContentProvider	Function	(url: string) -> string	RobloxScriptSecurity	RobloxScriptSecurity	Unsafe	
StartPageService	isTutorialBannerClosed	Function	() -> bool	RobloxScriptSecurity	RobloxScriptSecurity	Unsafe	
StartPageService	isTutorialPopupClosed	Function	() -> bool	RobloxScriptSecurity	RobloxScriptSecurity	Unsafe	
StartPageService	openLink	Function	(link: string) -> ()	RobloxScriptSecurity	RobloxScriptSecurity	Unsafe	
StartPageService	openLocalFile	Function	(filePath: string) -> ()	RobloxScriptSecurity	RobloxScriptSecurity	Unsafe	
StartPageService	openPlace	Function	(placeId: int64, universeId: int64, launchTutorial: bool, shouldSkipSafetyChecks: bool = false, openAsLocalCopy: bool = false) -> ()	RobloxScriptSecurity	RobloxScriptSecurity	Unsafe	
StartPageService	removeAPIGameFromRegistry	Function	(gameId: int64) -> ()	RobloxScriptSecurity	RobloxScriptSecurity	Unsafe	
StartPageService	removeLocalFileFromRegistry	Function	(fileName: string) -> ()	RobloxScriptSecurity	RobloxScriptSecurity	Unsafe	
StartPageService	setTutorialBannerClosed	Function	(closed: bool) -> ()	RobloxScriptSecurity	RobloxScriptSecurity	Unsafe	
StartPageService	setTutorialPopupClosed	Function	(closed: bool) -> ()	RobloxScriptSecurity	RobloxScriptSecurity	Unsafe	
StartPageService	shouldShowMacOSDeprecationWarning	Function	() -> bool	RobloxScriptSecurity	RobloxScriptSecurity	Unsafe	
StartPageService	shouldShowWinOSDeprecationWarning	Function	() -> bool	RobloxScriptSecurity	RobloxScriptSecurity	Unsafe	
StartPageService	startTutorial	Function	() -> ()	RobloxScriptSecurity	RobloxScriptSecurity	Unsafe	
StarterGui	ClipsDescendantsSupportsRotation	Property	RolloutState	None	None	ReadSafe	notscriptable,cap=UI
StarterGui	CoreGuiChangedSignal	Event	(coreGuiType: CoreGuiType, enabled: bool)	RobloxScriptSecurity	RobloxScriptSecurity	Unsafe	cap=UI
StarterGui	GetCore	Function	(parameterName: string) -> Variant	None	None	Unsafe	yields,cap=UI
StarterGui	GetCoreGuiEnabled	Function	(coreGuiType: CoreGuiType) -> bool	None	None	Unsafe	cap=UI
StarterGui	ProcessUserInput	Property	bool	PluginSecurity	PluginSecurity	ReadSafe	hidden,notreplicated,cap=UI
StarterGui	RegisterGetCore	Function	(parameterName: string, getFunction: Function) -> ()	RobloxScriptSecurity	RobloxScriptSecurity	Unsafe	cap=UI
StarterGui	RegisterSetCore	Function	(parameterName: string, setFunction: Function) -> ()	RobloxScriptSecurity	RobloxScriptSecurity	Unsafe	cap=UI
StarterGui	ResetPlayerGuiOnSpawn	Property	bool	None	None	ReadSafe	deprecated,cap=UI
StarterGui	RtlTextSupport	Property	RtlTextSupport	None	None	ReadSafe	notscriptable,cap=UI
StarterGui	ScreenOrientation	Property	ScreenOrientation	None	None	ReadSafe	cap=UI
StarterGui	SetCore	Function	(parameterName: string, value: Variant) -> ()	None	None	Unsafe	cap=UI
StarterGui	SetCoreGuiEnabled	Function	(coreGuiType: CoreGuiType, enabled: bool) -> ()	None	None	Unsafe	cap=UI
StarterGui	ShowDevelopmentGui	Property	bool	None	None	ReadSafe	cap=UI
StarterGui	StudioDefaultStyleSheet	Property	StyleSheet	RobloxScriptSecurity	RobloxScriptSecurity	ReadSafe	hidden,cap=UI
StarterGui	StudioInsertWidgetLayerCollectorAutoLinkStyleSheet	Property	StyleSheet	RobloxScriptSecurity	RobloxScriptSecurity	ReadSafe	hidden,cap=UI
StarterGui	VirtualCursorMode	Property	VirtualCursorMode	None	None	ReadSafe	notscriptable,cap=UI
StarterPlayer	AllowCustomAnimations	Property	bool	None	RobloxScriptSecurity	ReadSafe	hidden,cap=Players
StarterPlayer	AutoJumpEnabled	Property	bool	None	None	ReadSafe	cap=Players
StarterPlayer	AvatarJointUpgrade	Property	RolloutState	RobloxScriptSecurity	RobloxScriptSecurity	ReadSafe	notreplicated,cap=Players
StarterPlayer	AvatarJointUpgrade_SerializedRollout	Property	RolloutState	None	None	ReadSafe	hidden,notscriptable,cap=Players
StarterPlayer	CameraMaxZoomDistance	Property	float	None	None	ReadSafe	cap=Players
StarterPlayer	CameraMinZoomDistance	Property	float	None	None	ReadSafe	cap=Players
StarterPlayer	CameraMode	Property	CameraMode	None	None	ReadSafe	cap=Players
StarterPlayer	CharacterBreakJointsOnDeath	Property	bool	None	None	ReadSafe	cap=Players
StarterPlayer	CharacterJumpHeight	Property	float	None	None	ReadSafe	cap=Players
StarterPlayer	CharacterJumpPower	Property	float	None	None	ReadSafe	cap=Players
StarterPlayer	CharacterMaxSlopeAngle	Property	float	None	None	ReadSafe	cap=Players
StarterPlayer	CharacterUseJumpPower	Property	bool	None	None	ReadSafe	cap=Players
StarterPlayer	CharacterWalkSpeed	Property	float	None	None	ReadSafe	cap=Players
StarterPlayer	ClassicDeath	Property	bool	None	None	ReadSafe	cap=Players
StarterPlayer	ClearDefaults	Function	() -> ()	RobloxScriptSecurity	RobloxScriptSecurity	Unsafe	cap=Players
StarterPlayer	CreateDefaultPlayerModule	Property	bool	None	None	ReadSafe	notscriptable,cap=Players
StarterPlayer	DevCameraOcclusionMode	Property	DevCameraOcclusionMode	None	None	ReadSafe	cap=Players
StarterPlayer	DevComputerCameraMovementMode	Property	DevComputerCameraMovementMode	None	None	ReadSafe	cap=Players
StarterPlayer	DevComputerMovementMode	Property	DevComputerMovementMode	None	None	ReadSafe	cap=Players
StarterPlayer	DevTouchCameraMovementMode	Property	DevTouchCameraMovementMode	None	None	ReadSafe	cap=Players
StarterPlayer	DevTouchMovementMode	Property	DevTouchMovementMode	None	None	ReadSafe	cap=Players
StarterPlayer	EnableDynamicHeads	Property	LoadDynamicHeads	None	None	ReadSafe	notscriptable,cap=Players
StarterPlayer	EnableMouseLockOption	Property	bool	None	None	ReadSafe	cap=Players
StarterPlayer	GameSettingsAvatar	Property	GameAvatarType	RobloxScriptSecurity	RobloxScriptSecurity	ReadSafe	hidden,cap=Players
StarterPlayer	GameSettingsR15Collision	Property	R15CollisionType	RobloxScriptSecurity	RobloxScriptSecurity	ReadSafe	hidden,notreplicated,cap=Players
StarterPlayer	HealthDisplayDistance	Property	float	None	None	ReadSafe	cap=Players
StarterPlayer	LoadCharacterAppearance	Property	bool	None	None	ReadSafe	cap=Players
StarterPlayer	LoadCharacterLayeredClothing	Property	LoadCharacterLayeredClothing	None	None	ReadSafe	hidden,notscriptable,cap=Players
StarterPlayer	LoadCharacterLayeredClothing 	Property	LoadCharacterLayeredClothing	None	None	ReadSafe	notreplicated,notscriptable,cap=Players
StarterPlayer	LuaCharacterController	Property	CharacterControlMode	None	None	ReadSafe	cap=Players
StarterPlayer	NameDisplayDistance	Property	float	None	None	ReadSafe	cap=Players
StarterPlayer	PlaceAvatarRules	Property	Instance	RobloxScriptSecurity	RobloxScriptSecurity	ReadSafe	hidden,cap=Players
StarterPlayer	PlayerModuleStatus	Property	int	RobloxScriptSecurity	RobloxScriptSecurity	ReadSafe	hidden,cap=Players
StarterPlayer	UserEmotesEnabled	Property	bool	None	None	ReadSafe	cap=Players
StartupMessageService	ExecuteActionButton	Function	() -> ()	RobloxScriptSecurity	RobloxScriptSecurity	Unsafe	
StartupMessageService	GetStartupMessage	Function	() -> Variant	RobloxScriptSecurity	RobloxScriptSecurity	Unsafe	
StateMachineDefinition	NodeId	Property	string	RobloxScriptSecurity	RobloxScriptSecurity	ReadSafe	
StateMachineTransitionDefinition	From	Property	Instance	None	None	ReadSafe	cap=Animation,undocumented
StateMachineTransitionDefinition	Priority	Property	int	None	None	ReadSafe	cap=Animation,undocumented
StateMachineTransitionDefinition	To	Property	Instance	None	None	ReadSafe	cap=Animation,undocumented
StateMachineTransitionDefinition	TransitionId	Property	string	RobloxScriptSecurity	RobloxScriptSecurity	ReadSafe	cap=Animation
Stats	ContactsCount	Property	int	None	None	ReadSafe	readonly,notreplicated
Stats	DataReceiveKbps	Property	float	None	None	ReadSafe	readonly,notreplicated
Stats	DataSendKbps	Property	float	None	None	ReadSafe	readonly,notreplicated
Stats	FrameTime	Property	float	None	None	ReadSafe	readonly,notreplicated
Stats	GetBrowserTrackerId	Function	() -> string	RobloxScriptSecurity	RobloxScriptSecurity	Unsafe	
Stats	GetHarmonyQualityLevel	Function	() -> int	None	None	Unsafe	cap=InternalTest
Stats	GetMemoryCategoryNames	Function	() -> Array	None	None	Unsafe	cap=InternalTest
Stats	GetMemoryUsageMbAllCategories	Function	() -> Array	None	None	Unsafe	cap=InternalTest
Stats	GetMemoryUsageMbForTag	Function	(tag: DeveloperMemoryTag) -> float	None	None	Unsafe	
Stats	GetPaginatedMemoryByTexture	Function	(queryType: TextureQueryType, pageIndex: int, pageSize: int) -> Dictionary	RobloxScriptSecurity	RobloxScriptSecurity	Unsafe	yields
Stats	GetTotalMemoryUsageMb	Function	() -> float	None	None	Unsafe	
Stats	HeartbeatTime	Property	float	None	None	ReadSafe	readonly,notreplicated
Stats	HeartbeatTimeMs	Property	float	None	None	ReadSafe	readonly,notreplicated,deprecated
Stats	InstanceCount	Property	int	None	None	ReadSafe	readonly,notreplicated
Stats	MemoryTrackingEnabled	Property	bool	None	None	ReadSafe	readonly,notreplicated
Stats	MovingPrimitivesCount	Property	int	None	None	ReadSafe	readonly,notreplicated
Stats	PhysicsReceiveKbps	Property	float	None	None	ReadSafe	readonly,notreplicated
Stats	PhysicsSendKbps	Property	float	None	None	ReadSafe	readonly,notreplicated
Stats	PhysicsStepTime	Property	float	None	None	ReadSafe	readonly,notreplicated
Stats	PhysicsStepTimeMs	Property	float	None	None	ReadSafe	readonly,notreplicated,deprecated
Stats	PrimitivesCount	Property	int	None	None	ReadSafe	readonly,notreplicated
Stats	RenderCPUFrameTime	Property	float	None	None	ReadSafe	readonly,notreplicated
Stats	RenderGPUFrameTime	Property	float	None	None	ReadSafe	readonly,notreplicated
Stats	ResetHarmonyMemoryTarget	Function	() -> ()	None	None	Unsafe	cap=InternalTest
Stats	SceneDrawcallCount	Property	int	None	None	ReadSafe	readonly,notreplicated
Stats	SceneTriangleCount	Property	int	None	None	ReadSafe	readonly,notreplicated
Stats	SetHarmonyMemoryTarget	Function	(targetMB: int) -> ()	None	None	Unsafe	cap=InternalTest
Stats	ShadowsDrawcallCount	Property	int	None	None	ReadSafe	readonly,notreplicated
Stats	ShadowsTriangleCount	Property	int	None	None	ReadSafe	readonly,notreplicated
Stats	UI2DDrawcallCount	Property	int	None	None	ReadSafe	readonly,notreplicated
Stats	UI2DTriangleCount	Property	int	None	None	ReadSafe	readonly,notreplicated
Stats	UI3DDrawcallCount	Property	int	None	None	ReadSafe	readonly,notreplicated
Stats	UI3DTriangleCount	Property	int	None	None	ReadSafe	readonly,notreplicated
StatsItem	DisplayName	Property	string	PluginSecurity	PluginSecurity	ReadSafe	hidden,readonly,notreplicated
StatsItem	GetValue	Function	() -> double	PluginSecurity	PluginSecurity	Unsafe	
StatsItem	GetValueString	Function	() -> string	PluginSecurity	PluginSecurity	Unsafe	
StopWatchReporter	FinishTask	Function	(taskId: int) -> ()	RobloxScriptSecurity	RobloxScriptSecurity	Unsafe	
StopWatchReporter	SendReport	Function	(reportName: string) -> ()	RobloxScriptSecurity	RobloxScriptSecurity	Unsafe	
StopWatchReporter	StartTask	Function	(reportName: string, taskName: string) -> int	RobloxScriptSecurity	RobloxScriptSecurity	Unsafe	
StringValue	Changed	Event	(value: string)	None	None	Unsafe	
StringValue	Value	Property	string	None	None	ReadSafe	sim
StringValue	changed	Event	(value: string)	None	None	Unsafe	deprecated,prefer=Changed
Studio	"TODO" Color	Property	Color3	PluginSecurity	PluginSecurity	ReadSafe	notreplicated
Studio	"function" Color	Property	Color3	PluginSecurity	PluginSecurity	ReadSafe	notreplicated
Studio	"local" Color	Property	Color3	PluginSecurity	PluginSecurity	ReadSafe	notreplicated
Studio	"nil" Color	Property	Color3	PluginSecurity	PluginSecurity	ReadSafe	notreplicated
Studio	"self" Color	Property	Color3	PluginSecurity	PluginSecurity	ReadSafe	notreplicated
Studio	ActionOnAutoResumeSync	Property	ActionOnAutoResumeSync	RobloxScriptSecurity	RobloxScriptSecurity	ReadSafe	
Studio	ActionOnStopSync	Property	ActionOnStopSync	PluginSecurity	PluginSecurity	ReadSafe	
Studio	Active Color	Property	Color3	PluginSecurity	PluginSecurity	ReadSafe	
Studio	Active Hover Over Color	Property	Color3	PluginSecurity	PluginSecurity	ReadSafe	
Studio	Always Save Script Changes	Property	bool	PluginSecurity	PluginSecurity	ReadSafe	
Studio	Animate Hover Over	Property	bool	PluginSecurity	PluginSecurity	ReadSafe	
Studio	Animation Skeleton Scale	Property	float	PluginSecurity	PluginSecurity	ReadSafe	undocumented
Studio	Animation Skeleton Transparency	Property	float	PluginSecurity	PluginSecurity	ReadSafe	undocumented
Studio	Auto Clean Empty Line	Property	bool	PluginSecurity	PluginSecurity	ReadSafe	
Studio	Auto Closing Brackets	Property	bool	PluginSecurity	PluginSecurity	ReadSafe	
Studio	Auto Closing Quotes	Property	bool	PluginSecurity	PluginSecurity	ReadSafe	
Studio	Auto Delete Closing Brackets and Quotes	Property	bool	PluginSecurity	PluginSecurity	ReadSafe	
Studio	Auto Indent Rule	Property	AutoIndentRule	PluginSecurity	PluginSecurity	ReadSafe	
Studio	Auto-Recovery Enabled	Property	bool	PluginSecurity	PluginSecurity	ReadSafe	
Studio	Auto-Recovery Interval (Minutes)	Property	int	PluginSecurity	PluginSecurity	ReadSafe	
Studio	AutoResumeSyncOnPlaceOpen	Property	bool	RobloxSecurity	RobloxSecurity	ReadSafe	
Studio	AutoUpdateEnabled	Property	bool	RobloxScriptSecurity	RobloxScriptSecurity	ReadSafe	
Studio	AutocompleteAcceptanceBehavior	Property	CompletionAcceptanceBehavior	RobloxScriptSecurity	RobloxScriptSecurity	ReadSafe	
Studio	Automatically trigger AI Code Completion	Property	bool	RobloxScriptSecurity	RobloxScriptSecurity	ReadSafe	
Studio	Background Color	Property	Color3	PluginSecurity	PluginSecurity	ReadSafe	notreplicated
Studio	Basic Objects Display Mode	Property	ListDisplayMode	PluginSecurity	PluginSecurity	ReadSafe	
Studio	Bool Color	Property	Color3	PluginSecurity	PluginSecurity	ReadSafe	notreplicated
Studio	Bracket Color	Property	Color3	PluginSecurity	PluginSecurity	ReadSafe	notreplicated
Studio	Built-in Function Color	Property	Color3	PluginSecurity	PluginSecurity	ReadSafe	notreplicated
Studio	Camera Mouse Wheel Speed	Property	float	PluginSecurity	PluginSecurity	ReadSafe	
Studio	Camera Pan Speed	Property	float	RobloxScriptSecurity	RobloxScriptSecurity	ReadSafe	
Studio	Camera Shift Speed	Property	float	PluginSecurity	PluginSecurity	ReadSafe	
Studio	Camera Speed	Property	float	PluginSecurity	PluginSecurity	ReadSafe	
Studio	Camera Speed Adjust Binding	Property	CameraSpeedAdjustBinding	RobloxScriptSecurity	RobloxScriptSecurity	ReadSafe	
Studio	Camera Zoom to Mouse Position	Property	bool	PluginSecurity	PluginSecurity	ReadSafe	
Studio	CameraAltLeftMouseToRotate	Property	bool	RobloxScriptSecurity	RobloxScriptSecurity	ReadSafe	
Studio	CameraKeyMoveSmoothing	Property	bool	RobloxScriptSecurity	RobloxScriptSecurity	ReadSafe	
Studio	CameraMouseMultiplier	Property	float	RobloxScriptSecurity	RobloxScriptSecurity	ReadSafe	
Studio	CameraNavigationModel	Property	CameraNavigationModel	RobloxScriptSecurity	RobloxScriptSecurity	ReadSafe	
Studio	CameraRotateShiftFactor	Property	float	RobloxScriptSecurity	RobloxScriptSecurity	ReadSafe	
Studio	CameraShiftFactor	Property	float	RobloxScriptSecurity	RobloxScriptSecurity	ReadSafe	
Studio	CameraTweenFocus	Property	bool	RobloxScriptSecurity	RobloxScriptSecurity	ReadSafe	
Studio	CameraZoomToMousePosition	Property	bool	RobloxScriptSecurity	RobloxScriptSecurity	ReadSafe	
Studio	Clear Output On Start	Property	bool	PluginSecurity	PluginSecurity	ReadSafe	
Studio	CommandBarEnterExec	Property	bool	RobloxScriptSecurity	RobloxScriptSecurity	ReadSafe	
Studio	CommandBarFont	Property	QFont	RobloxScriptSecurity	RobloxScriptSecurity	ReadSafe	
Studio	CommandBarHistoryLen	Property	int	RobloxScriptSecurity	RobloxScriptSecurity	ReadSafe	
Studio	CommandBarLocalState	Property	bool	PluginSecurity	PluginSecurity	ReadSafe	
Studio	Comment Color	Property	Color3	PluginSecurity	PluginSecurity	ReadSafe	notreplicated
Studio	Current Line Highlight Color	Property	Color3	PluginSecurity	PluginSecurity	ReadSafe	notreplicated
Studio	Debugger Current Line Color	Property	Color3	PluginSecurity	PluginSecurity	ReadSafe	notreplicated
Studio	Debugger Error Line Color	Property	Color3	PluginSecurity	PluginSecurity	ReadSafe	notreplicated
Studio	DefaultInstancesDir	Property	QDir	RobloxSecurity	RobloxSecurity	ReadSafe	
Studio	DefaultScriptSyncFileType	Property	DefaultScriptSyncFileType	RobloxScriptSecurity	RobloxScriptSecurity	ReadSafe	
Studio	DeprecatedObjectsShown	Property	bool	PluginSecurity	PluginSecurity	ReadSafe	
Studio	DisplayLanguage	Property	string	RobloxScriptSecurity	RobloxScriptSecurity	ReadSafe	
Studio	Doc View Code Background Color	Property	Color3	RobloxScriptSecurity	RobloxScriptSecurity	ReadSafe	hidden,notreplicated
Studio	DraggerActiveColor	Property	Color3	RobloxScriptSecurity	RobloxScriptSecurity	ReadSafe	
Studio	DraggerLengthFactor	Property	float	RobloxScriptSecurity	RobloxScriptSecurity	ReadSafe	
Studio	DraggerMajorGridIncrement	Property	int	RobloxScriptSecurity	RobloxScriptSecurity	ReadSafe	
Studio	DraggerMaxSoftSnaps	Property	int	RobloxScriptSecurity	RobloxScriptSecurity	ReadSafe	
Studio	DraggerPassiveColor	Property	Color3	RobloxScriptSecurity	RobloxScriptSecurity	ReadSafe	
Studio	DraggerScaleFactor	Property	float	RobloxScriptSecurity	RobloxScriptSecurity	ReadSafe	
Studio	DraggerShowAxisTicks	Property	bool	RobloxScriptSecurity	RobloxScriptSecurity	ReadSafe	
Studio	DraggerShowDraggedPoint	Property	bool	RobloxScriptSecurity	RobloxScriptSecurity	ReadSafe	
Studio	DraggerShowHoverRuler	Property	bool	RobloxScriptSecurity	RobloxScriptSecurity	ReadSafe	
Studio	DraggerShowMeasurement	Property	bool	RobloxScriptSecurity	RobloxScriptSecurity	ReadSafe	
Studio	DraggerShowNegativeAxes	Property	bool	RobloxScriptSecurity	RobloxScriptSecurity	ReadSafe	
Studio	DraggerShowPlanes	Property	bool	RobloxScriptSecurity	RobloxScriptSecurity	ReadSafe	
Studio	DraggerShowTargetSnap	Property	bool	RobloxScriptSecurity	RobloxScriptSecurity	ReadSafe	
Studio	DraggerShowTrackball	Property	bool	RobloxScriptSecurity	RobloxScriptSecurity	ReadSafe	
Studio	DraggerShowWhileDragging	Property	bool	RobloxScriptSecurity	RobloxScriptSecurity	ReadSafe	
Studio	DraggerSoftSnapMarginFactor	Property	float	RobloxScriptSecurity	RobloxScriptSecurity	ReadSafe	
Studio	DraggerSummonMarginFactor	Property	float	RobloxScriptSecurity	RobloxScriptSecurity	ReadSafe	
Studio	DraggerTiltRotateDuration	Property	float	RobloxScriptSecurity	RobloxScriptSecurity	ReadSafe	
Studio	Enable Autocomplete	Property	bool	PluginSecurity	PluginSecurity	ReadSafe	
Studio	Enable Autocomplete Doc View	Property	bool	RobloxScriptSecurity	RobloxScriptSecurity	ReadSafe	
Studio	Enable Client/Server MDI	Property	bool	RobloxScriptSecurity	RobloxScriptSecurity	ReadSafe	
Studio	Enable CoreScript Debugger	Property	bool	PluginSecurity	PluginSecurity	ReadSafe	
Studio	Enable Http Sandboxing	Property	bool	PluginSecurity	PluginSecurity	ReadSafe	
Studio	Enable Internal Beta Features	Property	bool	PluginSecurity	PluginSecurity	ReadSafe	
Studio	Enable Internal Features	Property	bool	PluginSecurity	PluginSecurity	ReadSafe	
Studio	Enable Script Analysis	Property	bool	RobloxScriptSecurity	RobloxScriptSecurity	ReadSafe	
Studio	Enable Scrollbar Markers	Property	bool	RobloxScriptSecurity	RobloxScriptSecurity	ReadSafe	
Studio	Enable Signature Help	Property	bool	RobloxScriptSecurity	RobloxScriptSecurity	ReadSafe	
Studio	Enable Signature Help Doc View	Property	bool	RobloxScriptSecurity	RobloxScriptSecurity	ReadSafe	
Studio	Enable Temporary Tabs	Property	bool	PluginSecurity	PluginSecurity	ReadSafe	
Studio	Enable Temporary Tabs In Explorer	Property	bool	PluginSecurity	PluginSecurity	ReadSafe	
Studio	Enable Type Hover	Property	bool	RobloxScriptSecurity	RobloxScriptSecurity	ReadSafe	
Studio	EnableCodeAssist	Property	bool	RobloxScriptSecurity	RobloxScriptSecurity	ReadSafe	
Studio	EnableFindOnType	Property	bool	RobloxScriptSecurity	RobloxScriptSecurity	ReadSafe	
Studio	EnableIndentationRulers	Property	bool	RobloxScriptSecurity	RobloxScriptSecurity	ReadSafe	
Studio	EnableOnTypeAutocomplete	Property	bool	RobloxScriptSecurity	RobloxScriptSecurity	ReadSafe	hidden,notreplicated
Studio	EnableOvertypeMode	Property	bool	RobloxScriptSecurity	RobloxScriptSecurity	ReadSafe	
Studio	EnableSelectionTooltips	Property	bool	RobloxScriptSecurity	RobloxScriptSecurity	ReadSafe	
Studio	EnableStudioStreaming	Property	bool	RobloxScriptSecurity	RobloxScriptSecurity	ReadSafe	
Studio	Error Color	Property	Color3	PluginSecurity	PluginSecurity	ReadSafe	notreplicated
Studio	ExternalEditorMode	Property	ExternalEditorMode	RobloxScriptSecurity	RobloxScriptSecurity	ReadSafe	
Studio	ExternalEditorSelection	Property	QDir	RobloxScriptSecurity	RobloxScriptSecurity	ReadSafe	
Studio	Find Selection Background Color	Property	Color3	PluginSecurity	PluginSecurity	ReadSafe	notreplicated
Studio	Font	Property	QFont	PluginSecurity	PluginSecurity	ReadSafe	
Studio	Format On Paste	Property	bool	PluginSecurity	PluginSecurity	ReadSafe	
Studio	Format On Type	Property	bool	PluginSecurity	PluginSecurity	ReadSafe	
Studio	Function Name Color	Property	Color3	PluginSecurity	PluginSecurity	ReadSafe	notreplicated
Studio	GetAvailableThemes	Function	() -> Array	PluginSecurity	PluginSecurity	Unsafe	
Studio	Highlight Current Line	Property	bool	PluginSecurity	PluginSecurity	ReadSafe	
Studio	Highlight Occurances	Property	bool	PluginSecurity	PluginSecurity	ReadSafe	
Studio	HintColor	Property	Color3	PluginSecurity	PluginSecurity	ReadSafe	notreplicated
Studio	Hover Animate Speed	Property	HoverAnimateSpeed	PluginSecurity	PluginSecurity	ReadSafe	
Studio	Hover Box Thickness	Property	float	RobloxSecurity	RobloxSecurity	ReadSafe	
Studio	Hover Line Thickness	Property	int	RobloxSecurity	RobloxSecurity	ReadSafe	
Studio	Hover Over Color	Property	Color3	PluginSecurity	PluginSecurity	ReadSafe	
Studio	IconOverrideDir	Property	QDir	RobloxScriptSecurity	RobloxScriptSecurity	ReadSafe	
Studio	Indent Using Spaces	Property	bool	PluginSecurity	PluginSecurity	ReadSafe	
Studio	IndentationRulerColor	Property	Color3	RobloxScriptSecurity	RobloxScriptSecurity	ReadSafe	notreplicated
Studio	InformationColor	Property	Color3	PluginSecurity	PluginSecurity	ReadSafe	notreplicated
Studio	Keyword Color	Property	Color3	PluginSecurity	PluginSecurity	ReadSafe	notreplicated
Studio	LargeFileLineCountThreshold	Property	int	RobloxScriptSecurity	RobloxScriptSecurity	ReadSafe	
Studio	LargeFileThreshold	Property	int	RobloxScriptSecurity	RobloxScriptSecurity	ReadSafe	
Studio	Line Thickness	Property	float	PluginSecurity	PluginSecurity	ReadSafe	
Studio	LoadAllBuiltinPluginsInRunModes	Property	bool	RobloxScriptSecurity	RobloxScriptSecurity	ReadSafe	
Studio	LoadInternalPlugins	Property	bool	RobloxSecurity	RobloxSecurity	ReadSafe	
Studio	LoadUserPluginsInRunModes	Property	bool	RobloxScriptSecurity	RobloxScriptSecurity	ReadSafe	
Studio	LocalAssetsFolder	Property	QDir	None	RobloxScriptSecurity	ReadSafe	
Studio	LuaDebuggerEnabled	Property	bool	PluginSecurity	PluginSecurity	ReadSafe	
Studio	LuaDebuggerEnabledAtStartup	Property	bool	PluginSecurity	PluginSecurity	ReadSafe	hidden,readonly,notreplicated
Studio	Luau Keyword Color	Property	Color3	PluginSecurity	PluginSecurity	ReadSafe	notreplicated
Studio	Main Volume	Property	float	RobloxScriptSecurity	RobloxScriptSecurity	ReadSafe	
Studio	Matching Word Background Color	Property	Color3	PluginSecurity	PluginSecurity	ReadSafe	notreplicated
Studio	MaxFindReplaceAllResults	Property	int	RobloxScriptSecurity	RobloxScriptSecurity	ReadSafe	
Studio	Maximum Output Lines	Property	int	PluginSecurity	PluginSecurity	ReadSafe	
Studio	Menu Item Background Color	Property	Color3	PluginSecurity	PluginSecurity	ReadSafe	notreplicated
Studio	Method Color	Property	Color3	PluginSecurity	PluginSecurity	ReadSafe	notreplicated
Studio	Number Color	Property	Color3	PluginSecurity	PluginSecurity	ReadSafe	notreplicated
Studio	Only Play Audio from Window in Focus	Property	bool	PluginSecurity	PluginSecurity	ReadSafe	
Studio	Operator Color	Property	Color3	PluginSecurity	PluginSecurity	ReadSafe	notreplicated
Studio	Output Font	Property	QFont	PluginSecurity	PluginSecurity	ReadSafe	
Studio	Output Layout Mode	Property	OutputLayoutMode	PluginSecurity	PluginSecurity	ReadSafe	
Studio	PermissionLevelShown	Property	PermissionLevelShown	PluginSecurity	PluginSecurity	ReadSafe	
Studio	Physical Draggers Select Scope By Default	Property	bool	RobloxScriptSecurity	RobloxScriptSecurity	ReadSafe	
Studio	Pivot Snap To Geometry Color	Property	Color3	RobloxSecurity	RobloxSecurity	ReadSafe	
Studio	PluginDebuggingEnabled	Property	bool	PluginSecurity	PluginSecurity	ReadSafe	
Studio	PluginsDir	Property	QDir	PluginSecurity	PluginSecurity	ReadSafe	
Studio	PreferredTextSize	Property	PreferredTextSize	PluginSecurity	PluginSecurity	ReadSafe	
Studio	Primary Text Color	Property	Color3	PluginSecurity	PluginSecurity	ReadSafe	notreplicated
Studio	Property Color	Property	Color3	PluginSecurity	PluginSecurity	ReadSafe	notreplicated
Studio	ReloadBuiltinPluginsOnChange	Property	bool	RobloxSecurity	RobloxSecurity	ReadSafe	
Studio	ReloadLocalPluginsOnChange	Property	bool	RobloxSecurity	RobloxSecurity	ReadSafe	
Studio	Respect Studio shortcuts when game has focus	Property	bool	PluginSecurity	PluginSecurity	ReadSafe	
Studio	ReviewableChangeAddedTextColor	Property	Color3	RobloxScriptSecurity	RobloxScriptSecurity	ReadSafe	hidden,notreplicated
Studio	ReviewableChangeRemovedTextColor	Property	Color3	RobloxScriptSecurity	RobloxScriptSecurity	ReadSafe	hidden,notreplicated
Studio	Ruler Color	Property	Color3	PluginSecurity	PluginSecurity	ReadSafe	notreplicated
Studio	Rulers	Property	string	PluginSecurity	PluginSecurity	ReadSafe	
Studio	RuntimeUndoBehavior	Property	RuntimeUndoBehavior	PluginSecurity	PluginSecurity	ReadSafe	
Studio	Script Editor Color Preset	Property	StudioScriptEditorColorPresets	PluginSecurity	PluginSecurity	ReadSafe	
Studio	Script Editor Scrollbar Background Color	Property	Color3	PluginSecurity	PluginSecurity	ReadSafe	notreplicated
Studio	Script Editor Scrollbar Handle Color	Property	Color3	PluginSecurity	PluginSecurity	ReadSafe	notreplicated
Studio	ScriptEditorMenuBorderColor	Property	Color3	RobloxScriptSecurity	RobloxScriptSecurity	ReadSafe	hidden,notreplicated
Studio	ScriptEditorShouldShowPluginMethods	Property	bool	RobloxScriptSecurity	RobloxScriptSecurity	ReadSafe	hidden,notreplicated
Studio	ScriptTimeoutLength	Property	int	PluginSecurity	PluginSecurity	ReadSafe	
Studio	Scroll Past Last Line	Property	bool	PluginSecurity	PluginSecurity	ReadSafe	
Studio	Secondary Text Color	Property	Color3	PluginSecurity	PluginSecurity	ReadSafe	notreplicated
Studio	Select Color	Property	Color3	PluginSecurity	PluginSecurity	ReadSafe	
Studio	Select/Hover Color	Property	Color3	PluginSecurity	PluginSecurity	ReadSafe	
Studio	Selected Menu Item Background Color	Property	Color3	PluginSecurity	PluginSecurity	ReadSafe	notreplicated
Studio	Selected Text Color	Property	Color3	PluginSecurity	PluginSecurity	ReadSafe	notreplicated
Studio	Selection Background Color	Property	Color3	PluginSecurity	PluginSecurity	ReadSafe	notreplicated
Studio	Selection Box Thickness	Property	float	RobloxSecurity	RobloxSecurity	ReadSafe	
Studio	Selection Color	Property	Color3	PluginSecurity	PluginSecurity	ReadSafe	notreplicated
Studio	Selection Line Thickness	Property	int	RobloxSecurity	RobloxSecurity	ReadSafe	
Studio	Set Pivot of Imported Parts	Property	bool	PluginSecurity	PluginSecurity	ReadSafe	
Studio	Show Animation Skeleton	Property	bool	PluginSecurity	PluginSecurity	ReadSafe	undocumented
Studio	Show Animation Skeleton Attachments	Property	bool	PluginSecurity	PluginSecurity	ReadSafe	undocumented
Studio	Show Animation Skeleton Axes	Property	bool	PluginSecurity	PluginSecurity	ReadSafe	undocumented
Studio	Show Animation Skeleton Rotations	Property	bool	PluginSecurity	PluginSecurity	ReadSafe	undocumented
Studio	Show Animation Skeleton Text	Property	bool	PluginSecurity	PluginSecurity	ReadSafe	undocumented
Studio	Show Core GUI in Explorer while Playing	Property	bool	PluginSecurity	PluginSecurity	ReadSafe	
Studio	Show Diagnostics Bar	Property	bool	PluginSecurity	PluginSecurity	ReadSafe	
Studio	Show FileSyncService	Property	bool	PluginSecurity	PluginSecurity	ReadSafe	
Studio	Show Hidden Objects in Explorer	Property	bool	PluginSecurity	PluginSecurity	ReadSafe	
Studio	Show Hover Over	Property	bool	PluginSecurity	PluginSecurity	ReadSafe	
Studio	Show Light Guides	Property	bool	RobloxScriptSecurity	RobloxScriptSecurity	ReadSafe	
Studio	Show Navigation Labels	Property	bool	RobloxScriptSecurity	RobloxScriptSecurity	ReadSafe	
Studio	Show Navigation Mesh	Property	bool	PluginSecurity	PluginSecurity	ReadSafe	
Studio	Show Pathfinding Links	Property	bool	RobloxScriptSecurity	RobloxScriptSecurity	ReadSafe	
Studio	Show Plugin GUI Service in Explorer	Property	bool	PluginSecurity	PluginSecurity	ReadSafe	
Studio	Show Singly Selected Attachment Parent Frame	Property	bool	RobloxScriptSecurity	RobloxScriptSecurity	ReadSafe	
Studio	Show Whitespace	Property	bool	PluginSecurity	PluginSecurity	ReadSafe	
Studio	Show plus button on hover in Explorer	Property	bool	PluginSecurity	PluginSecurity	ReadSafe	
Studio	ShowCorePackagesInExplorer	Property	bool	RobloxScriptSecurity	RobloxScriptSecurity	ReadSafe	
Studio	Skip Closing Brackets and Quotes	Property	bool	PluginSecurity	PluginSecurity	ReadSafe	
Studio	String Color	Property	Color3	PluginSecurity	PluginSecurity	ReadSafe	notreplicated
Studio	Tab Width	Property	int	PluginSecurity	PluginSecurity	ReadSafe	
Studio	Text Color	Property	Color3	PluginSecurity	PluginSecurity	ReadSafe	notreplicated
Studio	Text Wrapping	Property	bool	PluginSecurity	PluginSecurity	ReadSafe	
Studio	Theme	Property	Instance	PluginSecurity	PluginSecurity	ReadSafe	
Studio	ThemeChanged	Event	()	PluginSecurity	PluginSecurity	Unsafe	
Studio	TypeColor	Property	Color3	PluginSecurity	PluginSecurity	ReadSafe	notreplicated
Studio	UI Theme	Property	UITheme	PluginSecurity	PluginSecurity	ReadSafe	hidden,readonly,notreplicated,deprecated
Studio	Use Bounding Box Move Handles	Property	bool	RobloxScriptSecurity	RobloxScriptSecurity	ReadSafe	
Studio	UseDefaultExternalEditor	Property	bool	RobloxScriptSecurity	RobloxScriptSecurity	ReadSafe	
Studio	VAxisColor	Property	Color3	RobloxScriptSecurity	RobloxScriptSecurity	ReadSafe	
Studio	Warning Color	Property	Color3	PluginSecurity	PluginSecurity	ReadSafe	notreplicated
Studio	Whitespace Color	Property	Color3	PluginSecurity	PluginSecurity	ReadSafe	notreplicated
Studio	XAxisColor	Property	Color3	RobloxScriptSecurity	RobloxScriptSecurity	ReadSafe	
Studio	YAxisColor	Property	Color3	RobloxScriptSecurity	RobloxScriptSecurity	ReadSafe	
Studio	ZAxisColor	Property	Color3	RobloxScriptSecurity	RobloxScriptSecurity	ReadSafe	
StudioActionOverride	Enabled	Property	bool	RobloxScriptSecurity	RobloxScriptSecurity	ReadSafe	
StudioActionOverride	Release	Function	() -> ()	RobloxScriptSecurity	RobloxScriptSecurity	Unsafe	
StudioActionOverride	Released	Property	bool	RobloxScriptSecurity	RobloxScriptSecurity	ReadSafe	readonly,notreplicated
StudioActionOverride	StudioAction	Property	StudioAction	RobloxScriptSecurity	RobloxScriptSecurity	ReadSafe	readonly,notreplicated
StudioActionOverride	Triggered	Event	()	RobloxScriptSecurity	RobloxScriptSecurity	Unsafe	
StudioAssetService	AutoSetupAvatarAsync	Function	(modelId: ContentId, progressCallback: Function, notificationCallback: Function?, options: Dictionary?) -> Instance	RobloxScriptSecurity	RobloxScriptSecurity	Unsafe	yields
StudioAssetService	AutoSetupSerializedAvatarAsync	Function	(serializedInstance: string, publishInfo: Dictionary, telemetryMetadata: Dictionary, progressCallback: Function, notificationCallback: Function?, options: Dictionary?) -> Instance	RobloxScriptSecurity	RobloxScriptSecurity	Unsafe	yields
StudioAssetService	CancelAutoSetupAvatarAsync	Function	(jobId: string) -> ()	RobloxScriptSecurity	RobloxScriptSecurity	Unsafe	yields
StudioAssetService	ConvertToPackageUpload	Function	(uploadUrl: string, cloneInstances: Instances, originalInstances: Instances) -> ()	RobloxScriptSecurity	RobloxScriptSecurity	Unsafe	
StudioAssetService	DEPRECATED_SerializeInstances	Function	(instances: Instances) -> string	RobloxScriptSecurity	RobloxScriptSecurity	Unsafe	yields
StudioAssetService	FireOnUGCSubmitCompleted	Function	(cancelled: bool) -> ()	RobloxScriptSecurity	RobloxScriptSecurity	Unsafe	
StudioAssetService	OnConvertToPackageResult	Event	(isSuccessful: bool, errorMessage: string)	RobloxScriptSecurity	RobloxScriptSecurity	Unsafe	
StudioAssetService	OnPromptSaveInstanceToRobloxAsync	Event	(instance: Instance, assetType: Variant, requestId: string, groupId: int64?)	RobloxScriptSecurity	RobloxScriptSecurity	Unsafe	
StudioAssetService	OnPublishPackageResult	Event	(result: Dictionary, errorMessage: string)	RobloxScriptSecurity	RobloxScriptSecurity	Unsafe	
StudioAssetService	OnSaveToRoblox	Event	(instances: Instances, assetType: Variant, hasSubsequent: bool)	RobloxScriptSecurity	RobloxScriptSecurity	Unsafe	
StudioAssetService	OnUGCSubmitCompleted	Event	(cancelled: bool)	RobloxScriptSecurity	RobloxScriptSecurity	Unsafe	
StudioAssetService	PromptSaveInstanceToRobloxAsync	Function	(instance: Instance, assetType: Variant, groupId: int64?) -> Tuple	RobloxScriptSecurity	RobloxScriptSecurity	Unsafe	yields
StudioAssetService	PublishPackage	Function	(instance: Instance, publishInfo: Dictionary) -> ()	RobloxScriptSecurity	RobloxScriptSecurity	Unsafe	
StudioAssetService	RequestAvatarAutosetupAsync	Function	(meshId: ContentId, textureId: ContentId, progressCallback: Function) -> Instance	RobloxScriptSecurity	RobloxScriptSecurity	Unsafe	yields
StudioAssetService	ResolveSaveInstanceToRoblox	Function	(requestId: string, assetId: int64?, assetName: string?, errorMessage: string?) -> ()	RobloxScriptSecurity	RobloxScriptSecurity	Unsafe	
StudioAssetService	SerializeInstances	Function	(instances: Instances, groupId: int64 = 0, isPackage: bool = false) -> string	RobloxScriptSecurity	RobloxScriptSecurity	Unsafe	yields
StudioAssetService	ShowSaveToRoblox	Function	(instances: Instances, assetType: Variant, hasSubsequent: bool = false) -> ()	RobloxScriptSecurity	RobloxScriptSecurity	Unsafe	
StudioAssetService	UpdatePublishedPackage	Function	(assetmetadata: Dictionary, rootInstance: Instance, isConvert: bool = false, addUndoWaypoint: bool = false) -> ()	RobloxScriptSecurity	RobloxScriptSecurity	Unsafe	
StudioAssetService	UploadAndInsertAssetForJobAsync	Function	(jobId: string) -> Instance	RobloxScriptSecurity	RobloxScriptSecurity	Unsafe	yields
StudioAttachment	AutoHideParent	Property	bool	None	None	ReadSafe	undocumented
StudioAttachment	IsArrowVisible	Property	bool	None	None	ReadSafe	undocumented
StudioAttachment	Offset	Property	Vector2	None	None	ReadSafe	undocumented
StudioAttachment	SourceAnchorPoint	Property	Vector2	None	None	ReadSafe	undocumented
StudioAttachment	TargetAnchorPoint	Property	Vector2	None	None	ReadSafe	undocumented
StudioCallout	AnchorPoint	Property	Vector2	RobloxScriptSecurity	RobloxScriptSecurity	ReadSafe	hidden,notreplicated
StudioCallout	IsArrowVisible	Property	bool	RobloxScriptSecurity	RobloxScriptSecurity	ReadSafe	hidden,notreplicated
StudioCallout	IsNextVisible	Property	bool	RobloxScriptSecurity	RobloxScriptSecurity	ReadSafe	hidden,notreplicated
StudioCallout	RowName	Property	string	RobloxScriptSecurity	RobloxScriptSecurity	ReadSafe	hidden,notreplicated
StudioCallout	SetOnNextClicked	Function	(onClick: Function) -> ()	RobloxScriptSecurity	RobloxScriptSecurity	Unsafe	
StudioCallout	Text	Property	string	RobloxScriptSecurity	RobloxScriptSecurity	ReadSafe	hidden,notreplicated
StudioCallout	Title	Property	string	RobloxScriptSecurity	RobloxScriptSecurity	ReadSafe	hidden,notreplicated
StudioCameraService	FocusDistance	Property	float	RobloxScriptSecurity	RobloxScriptSecurity	ReadSafe	
StudioCameraService	FocusStateChanged	Event	()	RobloxScriptSecurity	RobloxScriptSecurity	Unsafe	
StudioCameraService	InFocusMode	Function	() -> bool	RobloxScriptSecurity	RobloxScriptSecurity	Unsafe	
StudioCameraService	InterpolateView	Function	(target: CFrame) -> ()	RobloxScriptSecurity	RobloxScriptSecurity	Unsafe	
StudioCameraService	LockCameraSpeed	Property	bool	RobloxScriptSecurity	RobloxScriptSecurity	ReadSafe	hidden,notreplicated
StudioCameraService	LoggingEnabled	Property	bool	RobloxScriptSecurity	RobloxScriptSecurity	ReadSafe	
StudioCameraService	OnMouseCaptureBegin	Event	()	RobloxScriptSecurity	RobloxScriptSecurity	Unsafe	
StudioCameraService	OnMouseCaptureEnd	Event	()	RobloxScriptSecurity	RobloxScriptSecurity	Unsafe	
StudioCameraService	PointFocused	Event	(point: Vector3)	RobloxScriptSecurity	RobloxScriptSecurity	Unsafe	
StudioCameraService	SetFocusLock	Function	(value: bool) -> ()	RobloxScriptSecurity	RobloxScriptSecurity	Unsafe	
StudioCameraService	ShowCameraSpeed	Event	(speed: float)	RobloxScriptSecurity	RobloxScriptSecurity	Unsafe	
StudioCameraService	UpdateUI	Event	(deltaTime: double)	RobloxScriptSecurity	RobloxScriptSecurity	Unsafe	
StudioCaptureService	CanCaptureScreenshot	Function	() -> bool	PluginSecurity	PluginSecurity	Unsafe	
StudioCaptureService	CapturePluginGui	Function	(pluginGui: PluginGui) -> StudioScreenshotCapture	RobloxScriptSecurity	RobloxScriptSecurity	Unsafe	
StudioCaptureService	CapturePluginGuiByPluginGuiIdAsync	Function	(pluginGuiId: string) -> StudioScreenshotCapture	RobloxScriptSecurity	RobloxScriptSecurity	Unsafe	yields
StudioCaptureService	CaptureScreenshot	Function	(screenshotOptions: Dictionary) -> StudioScreenshotCapture	PluginSecurity	PluginSecurity	Unsafe	
StudioCaptureService	RequestScreenshotPermissionAsync	Function	() -> bool	PluginSecurity	PluginSecurity	Unsafe	yields
StudioData	EnableScriptCollabByDefaultOnLoad	Property	bool	RobloxScriptSecurity	RobloxScriptSecurity	ReadSafe	hidden
StudioDeviceEmulatorService	CurrentDeviceIdChanged	Event	()	RobloxScriptSecurity	RobloxScriptSecurity	Unsafe	
StudioDeviceEmulatorService	EmulatePCDeviceWithResolution	Function	(deviceId: string, resolution: Vector2) -> bool	RobloxScriptSecurity	RobloxScriptSecurity	Unsafe	yields
StudioDeviceEmulatorService	GetCurrentDeviceId	Function	() -> string	RobloxScriptSecurity	RobloxScriptSecurity	Unsafe	yields
StudioDeviceEmulatorService	GetCurrentOrientation	Function	() -> ScreenOrientation	RobloxScriptSecurity	RobloxScriptSecurity	Unsafe	yields
StudioDeviceEmulatorService	HasDeviceWithId	Function	(deviceId: string) -> bool	RobloxScriptSecurity	RobloxScriptSecurity	Unsafe	yields
StudioDeviceEmulatorService	OrientationChanged	Event	()	RobloxScriptSecurity	RobloxScriptSecurity	Unsafe	
StudioDeviceEmulatorService	SetCurrentDeviceId	Function	(deviceId: string) -> ()	RobloxScriptSecurity	RobloxScriptSecurity	Unsafe	yields
StudioDeviceEmulatorService	SetCurrentOrientation	Function	(orientation: ScreenOrientation) -> ()	RobloxScriptSecurity	RobloxScriptSecurity	Unsafe	yields
StudioDeviceSimulatorService	ConfigurationChanged	Event	()	PluginSecurity	PluginSecurity	Unsafe	
StudioDeviceSimulatorService	CreateDeviceAsync	Function	(config: Dictionary) -> string	PluginSecurity	PluginSecurity	Unsafe	yields
StudioDeviceSimulatorService	GetDeviceAsync	Function	() -> string	PluginSecurity	PluginSecurity	Unsafe	yields
StudioDeviceSimulatorService	GetDeviceInfoAsync	Function	(deviceId: string) -> Dictionary	PluginSecurity	PluginSecurity	Unsafe	yields
StudioDeviceSimulatorService	GetDeviceListAsync	Function	() -> Array	PluginSecurity	PluginSecurity	Unsafe	yields
StudioDeviceSimulatorService	GetOrientationAsync	Function	() -> ScreenOrientation	PluginSecurity	PluginSecurity	Unsafe	yields
StudioDeviceSimulatorService	GetPixelDensityAsync	Function	() -> float	PluginSecurity	PluginSecurity	Unsafe	yields
StudioDeviceSimulatorService	GetResolutionAsync	Function	() -> Vector2	PluginSecurity	PluginSecurity	Unsafe	yields
StudioDeviceSimulatorService	GetScalingModeAsync	Function	() -> DeviceSimulatorScalingMode	PluginSecurity	PluginSecurity	Unsafe	yields
StudioDeviceSimulatorService	RemoveDeviceAsync	Function	(deviceId: string) -> ()	PluginSecurity	PluginSecurity	Unsafe	yields
StudioDeviceSimulatorService	SetDeviceAsync	Function	(deviceId: string) -> ()	PluginSecurity	PluginSecurity	Unsafe	yields
StudioDeviceSimulatorService	SetOrientationAsync	Function	(orientation: ScreenOrientation) -> ()	PluginSecurity	PluginSecurity	Unsafe	yields
StudioDeviceSimulatorService	SetPixelDensityAsync	Function	(density: float) -> ()	PluginSecurity	PluginSecurity	Unsafe	yields
StudioDeviceSimulatorService	SetResolutionAsync	Function	(width: int, height: int) -> ()	PluginSecurity	PluginSecurity	Unsafe	yields
StudioDeviceSimulatorService	SetScalingModeAsync	Function	(mode: DeviceSimulatorScalingMode) -> ()	PluginSecurity	PluginSecurity	Unsafe	yields
StudioDeviceSimulatorService	StopSimulationAsync	Function	() -> ()	PluginSecurity	PluginSecurity	Unsafe	yields
StudioDeviceSimulatorService	UpdateDeviceAsync	Function	(deviceId: string, config: Dictionary) -> ()	PluginSecurity	PluginSecurity	Unsafe	yields
StudioPublishService	ClearUploadNames	Function	() -> ()	RobloxScriptSecurity	RobloxScriptSecurity	Unsafe	
StudioPublishService	CloseAfterPublish	Function	(closeMode: StudioCloseMode) -> ()	RobloxScriptSecurity	RobloxScriptSecurity	Unsafe	
StudioPublishService	GameNameUpdated	Event	(name: string)	RobloxScriptSecurity	RobloxScriptSecurity	Unsafe	
StudioPublishService	GamePublishCancelled	Event	()	RobloxScriptSecurity	RobloxScriptSecurity	Unsafe	
StudioPublishService	GamePublishFinished	Event	(success: bool, gameId: int64, message: string, reason: StudioPlaceUpdateFailureReason)	RobloxScriptSecurity	RobloxScriptSecurity	Unsafe	
StudioPublishService	OnPublishAttempt	Event	(isPublishAs: bool)	RobloxScriptSecurity	RobloxScriptSecurity	Unsafe	
StudioPublishService	OnSaveOrPublishPlaceToRoblox	Event	(showGameSelect: bool, isPublish: bool, closeMode: StudioCloseMode)	RobloxScriptSecurity	RobloxScriptSecurity	Unsafe	
StudioPublishService	PublishAs	Function	(universeId: int64, placeId: int64, groupId: int64, isPublish: bool, publishParameters: Variant, willRetryOnConflict: bool = false, allowOpeningNewPlace: bool = true) -> ()	RobloxScriptSecurity	RobloxScriptSecurity	Unsafe	
StudioPublishService	PublishLocked	Property	bool	RobloxScriptSecurity	RobloxScriptSecurity	ReadSafe	
StudioPublishService	PublishThenTurnOnTeamCreate	Function	() -> ()	RobloxScriptSecurity	RobloxScriptSecurity	Unsafe	
StudioPublishService	RefreshDocumentDisplayName	Function	() -> ()	RobloxScriptSecurity	RobloxScriptSecurity	Unsafe	
StudioPublishService	RegisterPublishHold	Function	(priority: int, callback: Function) -> RBXScriptConnection	RobloxScriptSecurity	RobloxScriptSecurity	Unsafe	
StudioPublishService	SaveOrPublishPlaceToRobloxIsCanceled	Function	() -> ()	RobloxScriptSecurity	RobloxScriptSecurity	Unsafe	
StudioPublishService	SetTeamCreateOnPublishInfo	Function	(shouldTurnOnTcOnPublish: bool, newPlaceName: string) -> ()	RobloxScriptSecurity	RobloxScriptSecurity	Unsafe	
StudioPublishService	SetUniverseDisplayName	Function	(newName: string) -> ()	RobloxScriptSecurity	RobloxScriptSecurity	Unsafe	
StudioPublishService	SetUploadNames	Function	(placeName: string, universeName: string) -> ()	RobloxScriptSecurity	RobloxScriptSecurity	Unsafe	
StudioPublishService	ShowSaveOrPublishPlaceToRoblox	Function	(showGameSelect: bool, isPublish: bool, closeMode: StudioCloseMode) -> ()	RobloxScriptSecurity	RobloxScriptSecurity	Unsafe	
StudioScreenshotCapture	BufferFormat	Property	StudioCaptureScreenshotFormat	PluginSecurity	PluginSecurity	ReadSafe	readonly,notreplicated
StudioScreenshotCapture	BufferStatus	Property	StudioCaptureBufferStatus	PluginSecurity	PluginSecurity	ReadSafe	readonly,notreplicated
StudioScreenshotCapture	GetBuffer	Function	() -> buffer	PluginSecurity	PluginSecurity	Unsafe	
StudioScreenshotCapture	GetErrors	Function	() -> Array	PluginSecurity	PluginSecurity	Unsafe	
StudioScreenshotCapture	OriginalSize	Property	Vector2	PluginSecurity	PluginSecurity	ReadSafe	readonly,notreplicated
StudioScreenshotCapture	Position	Property	Vector2	PluginSecurity	PluginSecurity	ReadSafe	readonly,notreplicated
StudioScreenshotCapture	Resolution	Property	Vector2	PluginSecurity	PluginSecurity	ReadSafe	readonly,notreplicated
StudioScreenshotCapture	ScaleAsync	Function	(strategy: ResamplerMode, newSize: Vector2) -> StudioScreenshotCapture	PluginSecurity	PluginSecurity	Unsafe	yields
StudioScreenshotCapture	UICaptureMode	Property	UICaptureMode	PluginSecurity	PluginSecurity	ReadSafe	readonly,notreplicated
StudioSdkService	GetSdk	Function	() -> Instance	RobloxScriptSecurity	RobloxScriptSecurity	Unsafe	
StudioSdkService	SetSdk	Function	(sdk: Instance) -> ()	RobloxScriptSecurity	RobloxScriptSecurity	Unsafe	
StudioService	ActiveScript	Property	Instance	None	None	ReadSafe	readonly,notreplicated
StudioService	AlignDraggedObjects	Property	bool	RobloxScriptSecurity	RobloxScriptSecurity	ReadSafe	hidden,notreplicated
StudioService	AnimationIdSelected	Function	(id: int64) -> ()	RobloxScriptSecurity	RobloxScriptSecurity	Unsafe	
StudioService	CopyToClipboard	Function	(stringToCopy: string) -> ()	RobloxScriptSecurity	RobloxScriptSecurity	Unsafe	
StudioService	DraggerSolveConstraints	Property	bool	None	None	ReadSafe	readonly,notreplicated
StudioService	DrawConstraintsOnTop	Property	bool	None	None	ReadSafe	readonly,notreplicated,deprecated
StudioService	GetBadgeConfigureUrl	Function	(badgeId: int64) -> string	RobloxScriptSecurity	RobloxScriptSecurity	Unsafe	
StudioService	GetBadgeUploadUrl	Function	() -> string	RobloxScriptSecurity	RobloxScriptSecurity	Unsafe	
StudioService	GetClassIcon	Function	(className: string) -> Dictionary	PluginSecurity	PluginSecurity	Unsafe	
StudioService	GetPlaceIsPersistedToCloud	Function	() -> bool	RobloxScriptSecurity	RobloxScriptSecurity	Unsafe	
StudioService	GetResourceByCategory	Function	(category: string) -> Dictionary	RobloxScriptSecurity	RobloxScriptSecurity	Unsafe	
StudioService	GetStartupAssetId	Function	() -> string	RobloxScriptSecurity	RobloxScriptSecurity	Unsafe	
StudioService	GetStartupPluginId	Function	() -> string	RobloxScriptSecurity	RobloxScriptSecurity	Unsafe	
StudioService	GetTermsOfUseUrl	Function	() -> string	RobloxScriptSecurity	RobloxScriptSecurity	Unsafe	
StudioService	GetUserId	Function	() -> int64	PluginSecurity	PluginSecurity	Unsafe	
StudioService	GizmoRaycast	Function	(origin: Vector3, direction: Vector3, raycastParams: RaycastParams = …) -> RaycastResult?	PluginSecurity	PluginSecurity	Unsafe	undocumented
StudioService	GridSize	Property	float	None	None	ReadSafe	readonly,notreplicated
StudioService	HasInternalPermission	Function	() -> bool	RobloxScriptSecurity	RobloxScriptSecurity	Unsafe	
StudioService	HoverInstance	Property	Instance	RobloxScriptSecurity	RobloxScriptSecurity	ReadSafe	hidden,notreplicated
StudioService	InstalledPluginData	Property	string	RobloxScriptSecurity	RobloxScriptSecurity	ReadSafe	hidden,readonly,notreplicated
StudioService	IsPluginInstalled	Function	(assetId: int64) -> bool	RobloxScriptSecurity	RobloxScriptSecurity	Unsafe	
StudioService	IsPluginUpToDate	Function	(assetId: int64, currentAssetVersion: int64) -> bool	RobloxScriptSecurity	RobloxScriptSecurity	Unsafe	
StudioService	OnImportFromRoblox	Event	(assetType: string)	RobloxScriptSecurity	RobloxScriptSecurity	Unsafe	
StudioService	OnOpenGameSettings	Event	(pageIdentifier: string)	RobloxScriptSecurity	RobloxScriptSecurity	Unsafe	
StudioService	OnOpenManagePackagePlugin	Event	(userId: int64, assetId: int64)	RobloxScriptSecurity	RobloxScriptSecurity	Unsafe	
StudioService	OnPluginInstalledFromToolbox	Event	()	RobloxScriptSecurity	RobloxScriptSecurity	Unsafe	
StudioService	OnPluginInstalledFromWeb	Event	(pluginId: string)	RobloxScriptSecurity	RobloxScriptSecurity	Unsafe	
StudioService	OnPublishAsPlugin	Event	(instances: Instances)	RobloxScriptSecurity	RobloxScriptSecurity	Unsafe	
StudioService	OnSaveToRoblox	Event	(instances: Instances)	RobloxScriptSecurity	RobloxScriptSecurity	Unsafe	
StudioService	OpenInBrowser_DONOTUSE	Function	(url: string) -> ()	RobloxScriptSecurity	RobloxScriptSecurity	Unsafe	
StudioService	PivotSnapToGeometry	Property	bool	RobloxScriptSecurity	RobloxScriptSecurity	ReadSafe	hidden,readonly,notreplicated
StudioService	PromptImportFile	Function	(fileTypeFilter: Array = {}) -> Instance	PluginSecurity	PluginSecurity	Unsafe	yields,deprecated,prefer=PromptImportFileAsync
StudioService	PromptImportFileAsync	Function	(fileTypeFilter: Array = {}) -> Instance	PluginSecurity	PluginSecurity	Unsafe	yields
StudioService	PromptImportFiles	Function	(fileTypeFilter: Array = {}) -> Instances	PluginSecurity	PluginSecurity	Unsafe	yields,deprecated,prefer=PromptImportFilesAsync
StudioService	PromptImportFilesAsync	Function	(fileTypeFilter: Array = {}) -> Instances	PluginSecurity	PluginSecurity	Unsafe	yields
StudioService	PromptTransformPluginCheckEnable	Event	()	RobloxScriptSecurity	RobloxScriptSecurity	Unsafe	
StudioService	RotateIncrement	Property	float	None	None	ReadSafe	readonly,notreplicated
StudioService	SaveLocallyAsComplete	Event	(success: bool)	RobloxScriptSecurity	RobloxScriptSecurity	Unsafe	
StudioService	Secrets	Property	string	RobloxScriptSecurity	RobloxScriptSecurity	ReadSafe	
StudioService	SetPluginEnabled	Function	(assetId: int64, state: bool) -> ()	RobloxScriptSecurity	RobloxScriptSecurity	Unsafe	
StudioService	ShowConstraintDetails	Property	bool	None	None	ReadSafe	readonly,notreplicated
StudioService	ShowPublishToRoblox	Function	() -> ()	RobloxScriptSecurity	RobloxScriptSecurity	Unsafe	
StudioService	ShowWeldDetails	Property	bool	RobloxScriptSecurity	RobloxScriptSecurity	ReadSafe	readonly,notreplicated
StudioService	StudioLocaleId	Property	string	None	None	ReadSafe	readonly,notreplicated
StudioService	TryInstallPlugin	Function	(assetId: int64, assetVersionId: int64) -> ()	RobloxScriptSecurity	RobloxScriptSecurity	Unsafe	yields
StudioService	UninstallPlugin	Function	(assetId: int64) -> ()	RobloxScriptSecurity	RobloxScriptSecurity	Unsafe	
StudioService	UpdatePluginManagement	Function	() -> ()	RobloxScriptSecurity	RobloxScriptSecurity	Unsafe	
StudioService	UseLocalSpace	Property	bool	None	None	ReadSafe	notreplicated
StudioTestService	AddPlayers	Function	(numPlayers: int) -> ()	None	None	Unsafe	
StudioTestService	CanLeaveTest	Function	() -> bool	None	None	Unsafe	
StudioTestService	EditModeActive	Property	bool	PluginSecurity	PluginSecurity	ReadSafe	
StudioTestService	EndTest	Function	(value: Variant) -> ()	None	None	Unsafe	
StudioTestService	ExecuteMultiplayerTestAsync	Function	(numPlayers: int, args: Variant) -> Variant	PluginSecurity	PluginSecurity	Unsafe	yields
StudioTestService	ExecutePlayModeAsync	Function	(args: Variant) -> Variant	PluginSecurity	PluginSecurity	Unsafe	yields
StudioTestService	ExecuteRunModeAsync	Function	(args: Variant) -> Variant	PluginSecurity	PluginSecurity	Unsafe	yields
StudioTestService	GetTestArgs	Function	() -> Variant	None	None	Unsafe	
StudioTestService	LeaveTest	Function	() -> ()	None	None	Unsafe	
StudioTheme	GetColor	Function	(styleguideitem: StudioStyleGuideColor, modifier: StudioStyleGuideModifier = Default) -> Color3	PluginSecurity	PluginSecurity	Unsafe	
StudioUserService	IsLoggedIn	Property	bool	RobloxScriptSecurity	RobloxScriptSecurity	ReadSafe	readonly,notreplicated
StudioWidget	Resize	Function	(width: int, height: int) -> ()	RobloxScriptSecurity	RobloxScriptSecurity	Unsafe	
StudioWidget	SetFixedSize	Function	(width: int, height: int) -> ()	RobloxScriptSecurity	RobloxScriptSecurity	Unsafe	
StudioWidget	SetMinSize	Function	(width: int, height: int) -> ()	RobloxScriptSecurity	RobloxScriptSecurity	Unsafe	
StudioWidgetsService	ApplyFillInBox	Function	(target: StudioWidget) -> ()	RobloxScriptSecurity	RobloxScriptSecurity	Unsafe	
StudioWidgetsService	ApplyHighlight	Function	(target: StudioWidget, rowName: string?) -> ()	RobloxScriptSecurity	RobloxScriptSecurity	Unsafe	
StudioWidgetsService	ApplyShadows	Function	() -> ()	RobloxScriptSecurity	RobloxScriptSecurity	Unsafe	
StudioWidgetsService	ApplySpotlight	Function	(target: StudioWidget, rowName: string?) -> ()	RobloxScriptSecurity	RobloxScriptSecurity	Unsafe	
StudioWidgetsService	GetWidgetFromLabel	Function	(label: string) -> StudioWidget	RobloxScriptSecurity	RobloxScriptSecurity	Unsafe	
StudioWidgetsService	GetWidgetFromPluginGui	Function	(gui: PluginGui) -> StudioWidget	RobloxScriptSecurity	RobloxScriptSecurity	Unsafe	
StudioWidgetsService	HideSpotlight	Function	() -> ()	RobloxScriptSecurity	RobloxScriptSecurity	Unsafe	
StyleBase	GetStyleRules	Function	() -> Instances	None	None	Unsafe	cap=UI
StyleBase	InsertStyleRule	Function	(rule: StyleRule, priority: int?) -> ()	None	None	Unsafe	cap=UI
StyleBase	SetStyleRules	Function	(rules: Instances) -> ()	None	None	Unsafe	cap=UI
StyleBase	StyleRulesChanged	Event	()	None	None	Unsafe	cap=UI
StyleDerive	Index	Property	int	None	None	ReadSafe	hidden,notscriptable,cap=UI
StyleDerive	Priority	Property	int	None	None	ReadSafe	cap=UI
StyleDerive	StyleSheet	Property	StyleSheet	None	None	ReadSafe	cap=UI
StyleLink	StyleSheet	Property	StyleSheet	None	None	ReadSafe	cap=UI
StyleQuery	AspectRatioRange	Property	NumberRange	RobloxSecurity	None	ReadSafe	notreplicated,notscriptable,cap=UI
StyleQuery	ConditionsSerialize	Property	BinaryString	RobloxSecurity	RobloxSecurity	ReadSafe	hidden,notscriptable,cap=UI
StyleQuery	GetCondition	Function	(name: string) -> Variant	None	None	Unsafe	cap=UI
StyleQuery	GetConditions	Function	() -> Dictionary	None	None	Unsafe	cap=UI
StyleQuery	IsActive	Property	bool	None	None	ReadSafe	readonly,notreplicated,cap=UI
StyleQuery	MaxSize	Property	Vector2	RobloxSecurity	None	ReadSafe	notreplicated,notscriptable,cap=UI
StyleQuery	MinSize	Property	Vector2	RobloxSecurity	None	ReadSafe	notreplicated,notscriptable,cap=UI
StyleQuery	PreferredInput	Property	PreferredInput	RobloxSecurity	None	ReadSafe	notreplicated,notscriptable,cap=UI
StyleQuery	PreferredTextSize	Property	PreferredTextSize	RobloxSecurity	None	ReadSafe	notreplicated,notscriptable,cap=UI
StyleQuery	ReducedMotionEnabled	Property	bool	RobloxSecurity	None	ReadSafe	notreplicated,notscriptable,cap=UI
StyleQuery	SetCondition	Function	(name: string, value: Variant) -> ()	None	None	Unsafe	cap=UI
StyleQuery	SetConditions	Function	(conditions: Dictionary) -> ()	None	None	Unsafe	cap=UI
StyleQuery	ViewportDisplaySize	Property	DisplaySize	RobloxSecurity	None	ReadSafe	notreplicated,notscriptable,cap=UI
StyleRule	GetDefaultPropertyTransition	Function	() -> Variant	None	None	Unsafe	cap=UI
StyleRule	GetProperties	Function	() -> Dictionary	None	None	Unsafe	cap=UI
StyleRule	GetPropertiesResolved	Function	() -> Dictionary	RobloxScriptSecurity	RobloxScriptSecurity	Unsafe	cap=UI
StyleRule	GetProperty	Function	(name: string) -> Variant	None	None	Unsafe	cap=UI
StyleRule	GetPropertyResolved	Function	(name: string) -> Variant	RobloxScriptSecurity	RobloxScriptSecurity	Unsafe	cap=UI
StyleRule	GetPropertyTransitions	Function	() -> Dictionary	None	None	Unsafe	cap=UI
StyleRule	Index	Property	int	None	None	ReadSafe	hidden,notscriptable,cap=UI
StyleRule	Priority	Property	int	None	None	ReadSafe	cap=UI
StyleRule	PropertiesSerialize	Property	BinaryString	None	None	ReadSafe	hidden,notscriptable,cap=UI
StyleRule	PropertyTransitionsSerialize	Property	BinaryString	None	None	ReadSafe	hidden,notscriptable,cap=UI
StyleRule	Selector	Property	string	None	None	ReadSafe	cap=UI
StyleRule	SelectorError	Property	string	None	None	ReadSafe	readonly,notreplicated,cap=UI
StyleRule	SetDefaultPropertyTransition	Function	(transitionParams: Variant) -> ()	None	None	Unsafe	cap=UI
StyleRule	SetProperties	Function	(styleProperties: Dictionary) -> ()	None	None	Unsafe	cap=UI
StyleRule	SetProperty	Function	(name: string, value: Variant) -> ()	None	None	Unsafe	cap=UI
StyleRule	SetPropertyTransition	Function	(property: string, transitionParams: Variant) -> ()	None	None	Unsafe	cap=UI
StyleRule	SetPropertyTransitions	Function	(properties: Dictionary) -> ()	None	None	Unsafe	cap=UI
StyleRule	StyleRulePropertyChanged	Event	(styleProperty: string)	RobloxScriptSecurity	RobloxScriptSecurity	Unsafe	cap=UI
StyleSheet	GetDerives	Function	() -> Instances	None	None	Unsafe	cap=UI
StyleSheet	SetDerives	Function	(derives: Instances) -> ()	None	None	Unsafe	cap=UI
StylingService	GetAppliedStyles	Function	(instance: Instance) -> Array	RobloxScriptSecurity	RobloxScriptSecurity	Unsafe	
StylingService	GetStyleInfo	Function	(style: StyleRule) -> Dictionary	RobloxScriptSecurity	RobloxScriptSecurity	Unsafe	
StylingService	GetStyleSheetDerivesChain	Function	(styleSheet: StyleSheet) -> Instances	RobloxScriptSecurity	RobloxScriptSecurity	Unsafe	
StylingService	GetStyleSheetInfo	Function	(styleSheet: StyleSheet) -> Dictionary	RobloxScriptSecurity	RobloxScriptSecurity	Unsafe	
StylingService	UpdateUnitTestOnly	Function	() -> ()	RobloxScriptSecurity	RobloxScriptSecurity	Unsafe	
SunRaysEffect	Intensity	Property	float	None	None	ReadSafe	cap=Environment
SunRaysEffect	Spread	Property	float	None	None	ReadSafe	cap=Environment
SurfaceAppearance	AlphaMode	Property	AlphaMode	None	None	ReadSafe	cap=Basic
SurfaceAppearance	Color	Property	Color3	None	None	ReadSafe	cap=Basic
SurfaceAppearance	ColorMap	Property	ContentId	PluginSecurity	PluginSecurity	ReadSafe	cap=Basic
SurfaceAppearance	ColorMapContent	Property	Content	None	PluginSecurity	ReadSafe	hidden,cap=Basic
SurfaceAppearance	EmissiveMaskContent	Property	Content	None	PluginSecurity	ReadSafe	cap=Basic
SurfaceAppearance	EmissiveStrength	Property	float	None	None	ReadSafe	cap=Basic
SurfaceAppearance	EmissiveTint	Property	Color3	None	None	ReadSafe	cap=Basic
SurfaceAppearance	MetalnessMap	Property	ContentId	PluginSecurity	PluginSecurity	ReadSafe	cap=Basic
SurfaceAppearance	MetalnessMapContent	Property	Content	None	PluginSecurity	ReadSafe	hidden,cap=Basic
SurfaceAppearance	NormalMap	Property	ContentId	PluginSecurity	PluginSecurity	ReadSafe	cap=Basic
SurfaceAppearance	NormalMapContent	Property	Content	None	PluginSecurity	ReadSafe	hidden,cap=Basic
SurfaceAppearance	ResampleMode	Property	ResamplerMode	None	None	ReadSafe	cap=Basic
SurfaceAppearance	RoughnessMap	Property	ContentId	PluginSecurity	PluginSecurity	ReadSafe	cap=Basic
SurfaceAppearance	RoughnessMapContent	Property	Content	None	PluginSecurity	ReadSafe	hidden,cap=Basic
SurfaceAppearance	TexturePack	Property	ContentId	RobloxScriptSecurity	RobloxSecurity	ReadSafe	cap=Basic
SurfaceAppearance	TexturePackContent	Property	Content	RobloxScriptSecurity	RobloxSecurity	ReadSafe	cap=Basic
SurfaceGui	AlwaysOnTop	Property	bool	None	None	ReadSafe	cap=UI
SurfaceGui	Brightness	Property	float	None	None	ReadSafe	cap=UI
SurfaceGui	CanvasSize	Property	Vector2	None	None	ReadSafe	cap=UI
SurfaceGui	ClipsDescendants	Property	bool	None	None	ReadSafe	cap=UI
SurfaceGui	HorizontalCurvature	Property	float	RobloxScriptSecurity	RobloxScriptSecurity	ReadSafe	hidden,cap=UI
SurfaceGui	LightInfluence	Property	float	None	None	ReadSafe	cap=UI
SurfaceGui	MaxDistance	Property	float	None	None	ReadSafe	cap=UI
SurfaceGui	PixelsPerStud	Property	float	None	None	ReadSafe	cap=UI
SurfaceGui	Shape	Property	SurfaceGuiShape	RobloxScriptSecurity	RobloxScriptSecurity	ReadSafe	hidden,cap=UI
SurfaceGui	SizingMode	Property	SurfaceGuiSizingMode	None	None	ReadSafe	cap=UI
SurfaceGui	ToolPunchThroughDistance	Property	float	None	None	ReadSafe	cap=UI
SurfaceGui	ZOffset	Property	float	None	None	ReadSafe	cap=UI
SurfaceGuiBase	Active	Property	bool	None	None	ReadSafe	cap=UI
SurfaceGuiBase	Adornee	Property	Instance	None	None	ReadSafe	cap=UI
SurfaceGuiBase	Face	Property	NormalId	None	None	ReadSafe	cap=UI
SurfaceLight	Angle	Property	float	None	None	ReadSafe	cap=Basic
SurfaceLight	Face	Property	NormalId	None	None	ReadSafe	cap=Basic
SurfaceLight	Range	Property	float	None	None	ReadSafe	cap=Basic
SurfaceSelection	TargetSurface	Property	NormalId	None	None	ReadSafe	cap=Basic|UI
SwimController	AccelerationTime	Property	float	None	None	ReadSafe	sim,cap=Basic,undocumented
SwimController	PitchMaxTorque	Property	float	None	None	ReadSafe	sim,cap=Basic
SwimController	PitchSpeedFactor	Property	float	None	None	ReadSafe	sim,cap=Basic
SwimController	RollMaxTorque	Property	float	None	None	ReadSafe	sim,cap=Basic
SwimController	RollSpeedFactor	Property	float	None	None	ReadSafe	sim,cap=Basic
SyncScriptBuilder	CompileTarget	Property	CompileTarget	None	None	ReadSafe	undocumented
SyncScriptBuilder	CoverageInfo	Property	bool	None	None	ReadSafe	undocumented
SyncScriptBuilder	DebugInfo	Property	bool	None	None	ReadSafe	undocumented
SyncScriptBuilder	PackAsSource	Property	bool	None	None	ReadSafe	undocumented
SyncScriptBuilder	RawBytecode	Property	bool	None	None	ReadSafe	deprecated,prefer=CompileTarget
SystemThemeService	OnLuaThemeUpdated	Event	(theme: SystemThemeValue)	RobloxScriptSecurity	RobloxScriptSecurity	Unsafe	
SystemThemeService	getSystemTheme	Function	() -> SystemThemeValue	RobloxScriptSecurity	RobloxScriptSecurity	Unsafe	
SystemThemeService	getSystemThemeAsync	Function	() -> SystemThemeValue	RobloxScriptSecurity	RobloxScriptSecurity	Unsafe	yields
SystemThemeService	isSystemThemeAvailable	Function	() -> bool	RobloxScriptSecurity	RobloxScriptSecurity	Unsafe	
SystemThemeService	setClassicThemeActive	Function	(active: bool) -> ()	RobloxScriptSecurity	RobloxScriptSecurity	Unsafe	
SystemThemeService	setTheme	Function	(theme: SystemThemeValue) -> ()	RobloxScriptSecurity	RobloxScriptSecurity	Unsafe	
TaskScheduler	SchedulerDutyCycle	Property	double	None	None	ReadSafe	readonly,notreplicated,cap=Basic
TaskScheduler	SchedulerRate	Property	double	None	None	ReadSafe	readonly,notreplicated,cap=Basic
TaskScheduler	ThreadPoolConfig	Property	ThreadPoolConfig	None	None	ReadSafe	cap=Basic
TaskScheduler	ThreadPoolSize	Property	int	None	None	ReadSafe	readonly,notreplicated,cap=Basic
Team	AutoAssignable	Property	bool	None	None	ReadSafe	cap=Players
Team	AutoColorCharacters	Property	bool	None	None	ReadSafe	notreplicated,deprecated,cap=Players
Team	ChildOrder	Property	int	RobloxScriptSecurity	RobloxScriptSecurity	ReadSafe	hidden,cap=Players
Team	GetPlayers	Function	() -> Instances	None	None	Safe	cap=Players
Team	PlayerAdded	Event	(player: Player)	None	None	Unsafe	cap=Players
Team	PlayerRemoved	Event	(player: Player)	None	None	Unsafe	cap=Players
Team	Score	Property	int	None	None	ReadSafe	notreplicated,deprecated,cap=Players
Team	TeamColor	Property	BrickColor	None	None	ReadSafe	cap=Players
TeamCreateData	InitialCameraCFrame	Property	CFrame	RobloxSecurity	RobloxSecurity	ReadSafe	hidden,notscriptable
TeamCreatePublishService	TeamCreateErrorStatus	Event	(result: TeamCreateErrorState, teamCreateSaveData: Dictionary)	RobloxScriptSecurity	RobloxScriptSecurity	Unsafe	
TeamCreatePublishService	TeamCreatePlaceUploadRequest	Event	(metadata: Dictionary)	RobloxSecurity	RobloxSecurity	Unsafe	hidden
TeamCreatePublishService	TeamCreatePlaceUploadResponse	Event	(success: bool, metadata: Dictionary)	RobloxSecurity	RobloxSecurity	Unsafe	hidden
TeamCreateService	CloseGameIfUserDoesntHavePerms	Function	() -> ()	RobloxScriptSecurity	RobloxScriptSecurity	Unsafe	
Teams	GetTeams	Function	() -> Instances	None	None	Unsafe	cap=Players
Teams	RebalanceTeams	Function	() -> ()	None	None	Unsafe	deprecated,cap=Players
TelemetryService	LogCounter	Function	(config: Dictionary, data: Dictionary?, value: float = 1) -> Variant	RobloxScriptSecurity	RobloxScriptSecurity	Unsafe	
TelemetryService	LogDurationEvent	Function	(key: string) -> Variant	RobloxScriptSecurity	RobloxScriptSecurity	Unsafe	
TelemetryService	LogDurationEventWithTimestamp	Function	(key: string, timestamp: int64) -> Variant	RobloxScriptSecurity	RobloxScriptSecurity	Unsafe	
TelemetryService	LogEvent	Function	(config: Dictionary, data: Dictionary = nil) -> Variant	RobloxScriptSecurity	RobloxScriptSecurity	Unsafe	
TelemetryService	LogStat	Function	(config: Dictionary, data: Dictionary?, value: float) -> Variant	RobloxScriptSecurity	RobloxScriptSecurity	Unsafe	
TeleportAsyncResult	PrivateServerId	Property	string	None	None	ReadSafe	readonly,notreplicated,cap=Teleport
TeleportAsyncResult	ReservedServerAccessCode	Property	string	None	None	ReadSafe	readonly,notreplicated,cap=Teleport
TeleportOptions	GetTeleportData	Function	() -> Variant	None	None	Unsafe	cap=Teleport
TeleportOptions	ReservedServerAccessCode	Property	string	None	None	ReadSafe	cap=Teleport
TeleportOptions	ReservedServerId	Property	string	None	None	ReadSafe	cap=Teleport,undocumented
TeleportOptions	ServerInstanceId	Property	string	None	None	ReadSafe	cap=Teleport
TeleportOptions	SetTeleportData	Function	(teleportData: Variant) -> ()	None	None	Unsafe	cap=Teleport
TeleportOptions	ShouldReserveServer	Property	bool	None	None	ReadSafe	cap=Teleport
TeleportOptions	VipServerId	Property	string	None	None	ReadSafe	cap=Teleport,undocumented
TeleportService	Block	Function	() -> ()	RobloxScriptSecurity	RobloxScriptSecurity	Unsafe	cap=Teleport
TeleportService	CustomizedTeleportUI	Property	bool	None	None	ReadSafe	notreplicated,deprecated,cap=Teleport
TeleportService	GetArrivingTeleportGui	Function	() -> Instance	None	None	Unsafe	cap=UI|Teleport
TeleportService	GetLocalPlayerTeleportData	Function	() -> Variant	None	None	Unsafe	cap=Teleport
TeleportService	GetPlayerPlaceInstanceAsync	Function	(userId: User) -> Tuple	None	None	Unsafe	yields,cap=Teleport
TeleportService	GetTeleportSetting	Function	(setting: string) -> Variant	None	None	Unsafe	cap=Teleport
TeleportService	GetThirdPartyTeleportInfo	Function	(goForth: bool) -> Tuple	RobloxScriptSecurity	RobloxScriptSecurity	Unsafe	cap=Teleport
TeleportService	LocalPlayerArrivedFromTeleport	Event	(loadingGui: Instance, dataTable: Variant)	None	None	Unsafe	cap=Teleport
TeleportService	MenuTeleportAttempt	Event	()	RobloxScriptSecurity	RobloxScriptSecurity	Unsafe	cap=Teleport
TeleportService	OpenExperienceDetailsPrompt	Event	(universeId: int64)	RobloxScriptSecurity	RobloxScriptSecurity	Unsafe	cap=Teleport
TeleportService	PromptExperienceDetailsAsync	Function	(player: Player, universeId: int64) -> PromptExperienceDetailsResult	None	None	Unsafe	yields,cap=Teleport
TeleportService	PromptExperienceDetailsCompleted	Function	(resultEnum: PromptExperienceDetailsResult, errorMessage: string = ) -> ()	RobloxScriptSecurity	RobloxScriptSecurity	Unsafe	cap=Teleport
TeleportService	ReconnectTeleportInitFailed	Event	(player: Instance, teleportResult: TeleportResult, errorMessage: string, placeId: int64, teleportOptions: Instance)	RobloxSecurity	RobloxSecurity	Unsafe	cap=Teleport
TeleportService	ReserveServer	Function	(placeId: int64) -> Tuple	None	None	Unsafe	yields,deprecated,prefer=ReserveServerAsync,cap=Teleport
TeleportService	ReserveServerAsync	Function	(placeId: int64) -> Tuple	None	None	Unsafe	yields,cap=Teleport
TeleportService	SendVIPData	Event	(player: Instance, vipServerCode: string, dmPlaceID: int64)	RobloxSecurity	RobloxSecurity	Unsafe	hidden,cap=Teleport
TeleportService	SetTeleportGui	Function	(gui: Instance) -> ()	None	None	Unsafe	cap=UI|Teleport
TeleportService	SetTeleportSetting	Function	(setting: string, value: Variant) -> ()	None	None	Unsafe	cap=Teleport
TeleportService	Teleport	Function	(placeId: int64, player: Instance = nil, teleportData: Variant, customLoadingScreen: Instance = nil) -> ()	None	None	Unsafe	cap=UI|Teleport
TeleportService	TeleportAsync	Function	(placeId: int64, players: Instances, teleportOptions: Instance = nil) -> Instance	None	None	Unsafe	yields,cap=UI|Teleport
TeleportService	TeleportCancel	Function	() -> ()	RobloxScriptSecurity	RobloxScriptSecurity	Unsafe	cap=Teleport
TeleportService	TeleportInProgress	Event	(player: Instance, teleportInfo: Dictionary)	RobloxSecurity	RobloxSecurity	Unsafe	hidden,cap=Teleport
TeleportService	TeleportInitFailed	Event	(player: Instance, teleportResult: TeleportResult, errorMessage: string, placeId: int64, teleportOptions: Instance)	None	None	Unsafe	cap=Teleport
TeleportService	TeleportInitFailedInternal	Event	(player: Instance, teleportResult: TeleportResult, errorMessage: string, guid: string)	RobloxSecurity	RobloxSecurity	Unsafe	hidden,cap=Teleport
TeleportService	TeleportPartyAsync	Function	(placeId: int64, players: Instances, teleportData: Variant, customLoadingScreen: Instance = nil) -> string	None	None	Unsafe	yields,deprecated,prefer=TeleportAsync,cap=UI|Teleport
TeleportService	TeleportReconnect	Function	() -> ()	RobloxScriptSecurity	RobloxScriptSecurity	Unsafe	cap=Teleport
TeleportService	TeleportSwitchServer	Function	() -> ()	RobloxScriptSecurity	RobloxScriptSecurity	Unsafe	cap=Teleport
TeleportService	TeleportToPlaceInstance	Function	(placeId: int64, instanceId: string, player: Instance = nil, spawnName: string = , teleportData: Variant, customLoadingScreen: Instance = nil) -> ()	None	None	Unsafe	deprecated,prefer=TeleportAsync,cap=UI|Teleport
TeleportService	TeleportToPrivateServer	Function	(placeId: int64, reservedServerAccessCode: string, players: Instances, spawnName: string = , teleportData: Variant, customLoadingScreen: Instance = nil) -> ()	None	None	Unsafe	deprecated,prefer=TeleportAsync,cap=UI|Teleport
TeleportService	TeleportToSpawnByName	Function	(placeId: int64, spawnName: string, player: Instance = nil, teleportData: Variant, customLoadingScreen: Instance = nil) -> ()	None	None	Unsafe	deprecated,prefer=TeleportAsync,cap=UI|Teleport
TeleportService	TeleportTrustedBackForth	Function	(goForth: bool) -> ()	RobloxScriptSecurity	RobloxScriptSecurity	Unsafe	cap=Teleport
TeleportService	TeleportTrustedBackHistory	Function	(placeId: int64) -> ()	RobloxScriptSecurity	RobloxScriptSecurity	Unsafe	cap=Teleport
TeleportService	TeleportedPlacesBackHistory	Function	() -> Array	RobloxScriptSecurity	RobloxScriptSecurity	Unsafe	cap=Teleport
TeleportService	TeleportedUniversesBackHistory	Function	() -> Array	RobloxScriptSecurity	RobloxScriptSecurity	Unsafe	cap=Teleport
TeleportService	UnblockAsync	Function	() -> Tuple	RobloxScriptSecurity	RobloxScriptSecurity	Unsafe	yields,cap=Teleport
Terrain	AcquisitionMethod	Property	TerrainAcquisitionMethod	RobloxScriptSecurity	RobloxScriptSecurity	ReadSafe	hidden,notscriptable,cap=Environment
Terrain	AutowedgeCell	Function	(x: int, y: int, z: int) -> bool	None	None	Unsafe	deprecated,cap=Environment
Terrain	AutowedgeCells	Function	(region: Region3int16) -> ()	None	None	Unsafe	deprecated,cap=Environment
Terrain	CanSmoothVoxelsBeUpgraded	Function	() -> bool	RobloxScriptSecurity	RobloxScriptSecurity	Unsafe	cap=Environment
Terrain	CellCenterToWorld	Function	(x: int, y: int, z: int) -> Vector3	None	None	Unsafe	cap=Environment
Terrain	CellCornerToWorld	Function	(x: int, y: int, z: int) -> Vector3	None	None	Unsafe	cap=Environment
Terrain	Clear	Function	() -> ()	None	None	Unsafe	cap=Environment
Terrain	ClearVoxelsAsync_beta	Function	(region: Region3, channelIds: Array) -> ()	None	None	Unsafe	customluastate,cap=Environment,undocumented
Terrain	ClusterGrid	Property	string	None	None	ReadSafe	hidden,writeonly,notreplicated,notscriptable,cap=Environment
Terrain	ClusterGridV2	Property	string	None	None	ReadSafe	hidden,writeonly,notreplicated,notscriptable,cap=Environment
Terrain	ClusterGridV3	Property	BinaryString	None	None	ReadSafe	hidden,writeonly,notreplicated,notscriptable,cap=Environment
Terrain	ConvertToSmooth	Function	() -> ()	PluginSecurity	PluginSecurity	Unsafe	deprecated,cap=Environment
Terrain	CopyRegion	Function	(region: Region3int16) -> TerrainRegion	None	None	Unsafe	cap=Environment
Terrain	CountCells	Function	() -> int	None	None	Unsafe	cap=Environment
Terrain	CreateVoxelBuffer_beta	Function	() -> VoxelBuffer	RobloxScriptSecurity	RobloxScriptSecurity	Unsafe	cap=Environment
Terrain	Decoration	Property	bool	None	None	ReadSafe	notscriptable,cap=Environment
Terrain	DrawBufferAsync	Function	(cframe: CFrame, scale: float, resolution: int, source: VoxelBuffer, mergeConfig: Dictionary) -> ()	RobloxScriptSecurity	RobloxScriptSecurity	Unsafe	yields,cap=Environment
Terrain	ExpandedTerrainResolved	Property	bool	RobloxScriptSecurity	RobloxSecurity	ReadSafe	hidden,cap=Environment
Terrain	FillBall	Function	(center: Vector3, radius: float, material: Material) -> ()	None	None	Unsafe	cap=Environment
Terrain	FillBallSlot	Function	(center: Vector3, radius: float, solidMaterialIndex: int) -> ()	RobloxScriptSecurity	RobloxScriptSecurity	Unsafe	cap=Environment
Terrain	FillBlock	Function	(cframe: CFrame, size: Vector3, material: Material) -> ()	None	None	Unsafe	cap=Environment
Terrain	FillBlockSlot	Function	(cframe: CFrame, size: Vector3, solidMaterialIndex: int) -> ()	RobloxScriptSecurity	RobloxScriptSecurity	Unsafe	cap=Environment
Terrain	FillCylinder	Function	(cframe: CFrame, height: float, radius: float, material: Material) -> ()	None	None	Unsafe	cap=Environment
Terrain	FillCylinderSlot	Function	(cframe: CFrame, height: float, radius: float, solidMaterialIndex: int) -> ()	RobloxScriptSecurity	RobloxScriptSecurity	Unsafe	cap=Environment
Terrain	FillRegion	Function	(region: Region3, resolution: float, material: Material) -> ()	None	None	Unsafe	cap=Environment
Terrain	FillRegionSlot	Function	(region: Region3, resolution: float, solidMaterialIndex: int) -> ()	RobloxScriptSecurity	RobloxScriptSecurity	Unsafe	cap=Environment
Terrain	FillWedge	Function	(cframe: CFrame, size: Vector3, material: Material) -> ()	None	None	Unsafe	cap=Environment
Terrain	FillWedgeSlot	Function	(cframe: CFrame, size: Vector3, solidMaterialIndex: int) -> ()	RobloxScriptSecurity	RobloxScriptSecurity	Unsafe	cap=Environment
Terrain	GenerateWaterFlowMap	Function	(generateFoam: bool) -> ()	RobloxScriptSecurity	RobloxScriptSecurity	Unsafe	cap=Environment
Terrain	GetCell	Function	(x: int, y: int, z: int) -> Tuple	None	None	Unsafe	deprecated,cap=Environment
Terrain	GetMaterialColor	Function	(material: Material) -> Color3	None	None	Safe	cap=Environment
Terrain	GetMaterialSlot	Function	(slotIndex: int) -> Tuple	None	None	Unsafe	cap=Environment,undocumented
Terrain	GetTerrainWireframe	Function	(cframe: CFrame, size: Vector3) -> Array	RobloxScriptSecurity	RobloxScriptSecurity	Unsafe	cap=Environment
Terrain	GetWaterCell	Function	(x: int, y: int, z: int) -> Tuple	None	None	Unsafe	deprecated,cap=Environment
Terrain	GrassLength	Property	float	None	None	ReadSafe	notscriptable,cap=Environment
Terrain	GridBackendReloadRequired	Event	(wouldUseNewGrid: bool)	RobloxScriptSecurity	RobloxScriptSecurity	Unsafe	cap=Environment
Terrain	IsMaterialSlotInvalid	Function	(slotIndex: int) -> bool	RobloxScriptSecurity	RobloxScriptSecurity	Unsafe	cap=Environment
Terrain	IsSmooth	Property	bool	None	None	ReadSafe	readonly,notreplicated,deprecated,cap=Environment
Terrain	IterateVoxelsAsync_beta	Function	(region: Region3, resolution: int, channelIds: Array) -> TerrainIterateOperation	None	None	Unsafe	customluastate,cap=Environment,undocumented
Terrain	LastUsedModificationMethod	Property	TerrainAcquisitionMethod	RobloxScriptSecurity	RobloxScriptSecurity	ReadSafe	hidden,notreplicated,cap=Environment
Terrain	MaterialColors	Property	BinaryString	None	None	ReadSafe	notscriptable,cap=Environment
Terrain	Materials	Property	SharedString	None	None	ReadSafe	hidden,notscriptable,cap=Environment
Terrain	MaxExtents	Property	Region3int16	None	None	ReadSafe	readonly,notreplicated,cap=Environment
Terrain	ModifyVoxelsAsync_beta	Function	(region: Region3, resolution: int, channelIds: Array) -> TerrainModifyOperation	None	None	Unsafe	customluastate,cap=Environment,undocumented
Terrain	PasteRegion	Function	(region: TerrainRegion, corner: Vector3int16, pasteEmptyCells: bool) -> ()	None	None	Unsafe	cap=Environment
Terrain	PhysicsGrid	Property	BinaryString	None	None	ReadSafe	hidden,notreplicated,notscriptable,cap=Environment
Terrain	ReadBufferAsync	Function	(region: Region3, resolution: int) -> VoxelBuffer	RobloxScriptSecurity	RobloxScriptSecurity	Unsafe	yields,cap=Environment
Terrain	ReadVoxelChannels	Function	(region: Region3, resolution: float, channelIds: Array) -> Dictionary	None	None	Safe	customluastate,cap=Environment
Terrain	ReadVoxels	Function	(region: Region3, resolution: float) -> Tuple	None	None	Safe	customluastate,cap=Environment
Terrain	ReadVoxelsAsync_beta	Function	(region: Region3, resolution: int, channelIds: Array) -> TerrainReadOperation	None	None	Unsafe	customluastate,cap=Environment,undocumented
Terrain	ReplaceMaterial	Function	(region: Region3, resolution: float, sourceMaterial: Material, targetMaterial: Material) -> ()	None	None	Unsafe	cap=Environment
Terrain	ReplaceMaterialInTransform	Function	(cframe: CFrame, size: Vector3, sourceMaterial: Material, targetMaterial: Material) -> ()	RobloxScriptSecurity	RobloxScriptSecurity	Unsafe	cap=Environment
Terrain	ReplaceMaterialInTransformSubregion	Function	(cframe: CFrame, size: Vector3, sourceMaterial: Material, targetMaterial: Material, targetRegion: Region3int16) -> ()	RobloxScriptSecurity	RobloxScriptSecurity	Unsafe	cap=Environment
Terrain	ReplaceMaterialInTransformSubregionSlot	Function	(cframe: CFrame, size: Vector3, sourceMaterialIndex: int, targetMaterialIndex: int, targetRegion: Region3int16) -> ()	RobloxScriptSecurity	RobloxScriptSecurity	Unsafe	cap=Environment
Terrain	ResetMaterialSlot	Function	(slotIndex: int) -> ()	None	None	Unsafe	cap=Environment,undocumented
Terrain	ResetWaterFlowMap	Function	() -> ()	RobloxScriptSecurity	RobloxScriptSecurity	Unsafe	cap=Environment
Terrain	SetCell	Function	(x: int, y: int, z: int, material: CellMaterial, block: CellBlock, orientation: CellOrientation) -> ()	None	None	Unsafe	deprecated,cap=Environment
Terrain	SetCells	Function	(region: Region3int16, material: CellMaterial, block: CellBlock, orientation: CellOrientation) -> ()	None	None	Unsafe	deprecated,cap=Environment
Terrain	SetMaterialColor	Function	(material: Material, value: Color3) -> ()	None	None	Unsafe	cap=Environment
Terrain	SetMaterialInTransform	Function	(cframe: CFrame, size: Vector3, targetMaterial: Material) -> ()	RobloxScriptSecurity	RobloxScriptSecurity	Unsafe	cap=Environment
Terrain	SetMaterialInTransformSubregion	Function	(cframe: CFrame, size: Vector3, targetMaterial: Material, targetRegion: Region3int16) -> ()	RobloxScriptSecurity	RobloxScriptSecurity	Unsafe	cap=Environment
Terrain	SetMaterialInTransformSubregionSlot	Function	(cframe: CFrame, size: Vector3, targetMaterialIndex: int, targetRegion: Region3int16) -> ()	RobloxScriptSecurity	RobloxScriptSecurity	Unsafe	cap=Environment
Terrain	SetMaterialSlot	Function	(slotIndex: int, baseMaterial: Material, materialVariant: string, color: Color3) -> ()	None	None	Unsafe	cap=Environment,undocumented
Terrain	SetWaterCell	Function	(x: int, y: int, z: int, force: WaterForce, direction: WaterDirection) -> ()	None	None	Unsafe	deprecated,cap=Environment
Terrain	SmoothGrid	Property	BinaryString	None	None	ReadSafe	hidden,notreplicated,notscriptable,cap=Environment
Terrain	SmoothRegion	Function	(region: Region3, resolution: float, strength: float) -> Tuple	RobloxScriptSecurity	RobloxScriptSecurity	Safe	customluastate,cap=Environment
Terrain	SmoothRegionMaterialSlots	Function	(region: Region3, resolution: float, strength: float) -> Tuple	RobloxScriptSecurity	RobloxScriptSecurity	Safe	customluastate,cap=Environment
Terrain	SmoothVoxelsUpgraded	Property	bool	RobloxScriptSecurity	RobloxScriptSecurity	ReadSafe	hidden,cap=Environment
Terrain	VoxelGridAssetContentMap	Property	AssetContentMap	RobloxScriptSecurity	RobloxScriptSecurity	ReadSafe	hidden,notreplicated,notscriptable,cap=Environment
Terrain	WaterColor	Property	Color3	None	None	ReadSafe	cap=Environment
Terrain	WaterReflectance	Property	float	None	None	ReadSafe	cap=Environment
Terrain	WaterTransparency	Property	float	None	None	ReadSafe	cap=Environment
Terrain	WaterWaveSize	Property	float	None	None	ReadSafe	cap=Environment
Terrain	WaterWaveSpeed	Property	float	None	None	ReadSafe	cap=Environment
Terrain	WorldToCell	Function	(position: Vector3) -> Vector3	None	None	Unsafe	cap=Environment
Terrain	WorldToCellPreferEmpty	Function	(position: Vector3) -> Vector3	None	None	Unsafe	cap=Environment
Terrain	WorldToCellPreferSolid	Function	(position: Vector3) -> Vector3	None	None	Unsafe	cap=Environment
Terrain	WriteVoxelChannels	Function	(region: Region3, resolution: float, channels: Dictionary) -> ()	None	None	Unsafe	customluastate,cap=Environment
Terrain	WriteVoxels	Function	(region: Region3, resolution: float, materials: Array, occupancy: Array) -> ()	None	None	Unsafe	customluastate,cap=Environment
Terrain	WriteVoxelsAsync_beta	Function	(region: Region3, resolution: int, channelIds: Array) -> TerrainWriteOperation	None	None	Unsafe	customluastate,cap=Environment,undocumented
TerrainDetail	ColorMap	Property	ContentId	PluginSecurity	PluginSecurity	ReadSafe	cap=Environment
TerrainDetail	ColorMapContent	Property	Content	PluginSecurity	PluginSecurity	ReadSafe	cap=Environment
TerrainDetail	EmissiveMaskContent	Property	Content	PluginSecurity	PluginSecurity	ReadSafe	cap=Environment
TerrainDetail	EmissiveStrength	Property	float	None	None	ReadSafe	cap=Environment
TerrainDetail	EmissiveTint	Property	Color3	None	None	ReadSafe	cap=Environment
TerrainDetail	Face	Property	TerrainFace	None	None	ReadSafe	cap=Environment
TerrainDetail	MaterialPattern	Property	MaterialPattern	None	None	ReadSafe	cap=Environment
TerrainDetail	MetalnessMap	Property	ContentId	PluginSecurity	PluginSecurity	ReadSafe	cap=Environment
TerrainDetail	MetalnessMapContent	Property	Content	PluginSecurity	PluginSecurity	ReadSafe	cap=Environment
TerrainDetail	NormalMap	Property	ContentId	PluginSecurity	PluginSecurity	ReadSafe	cap=Environment
TerrainDetail	NormalMapContent	Property	Content	PluginSecurity	PluginSecurity	ReadSafe	cap=Environment
TerrainDetail	RoughnessMap	Property	ContentId	PluginSecurity	PluginSecurity	ReadSafe	cap=Environment
TerrainDetail	RoughnessMapContent	Property	Content	PluginSecurity	PluginSecurity	ReadSafe	cap=Environment
TerrainDetail	StudsPerTile	Property	float	None	None	ReadSafe	cap=Environment
TerrainDetail	TexturePack	Property	ContentId	None	None	ReadSafe	hidden,notscriptable,cap=Environment
TerrainDetail	TexturePackContent	Property	Content	None	None	ReadSafe	hidden,notscriptable,cap=Environment
TerrainIterateOperation	CommitBlock	Function	(block: Dictionary) -> RBXScriptSignal	None	None	Unsafe	cap=Environment,undocumented
TerrainIterateOperation	Ready	Event	(block: Dictionary)	None	None	Unsafe	cap=Environment,undocumented
TerrainModifyOperation	CommitBlock	Function	(block: Dictionary) -> RBXScriptSignal	None	None	Unsafe	cap=Environment,undocumented
TerrainModifyOperation	Ready	Event	(block: Dictionary)	None	None	Unsafe	cap=Environment,undocumented
TerrainReadOperation	Ready	Event	(block: Dictionary)	None	None	Unsafe	cap=Environment,undocumented
TerrainRegion	ApplyTransform	Function	(rotation: CFrame, size: Vector3) -> ()	RobloxScriptSecurity	RobloxScriptSecurity	Unsafe	cap=Environment
TerrainRegion	ApplyTransformSubregion	Function	(rotation: CFrame, size: Vector3, region: Region3int16) -> TerrainRegion	RobloxScriptSecurity	RobloxScriptSecurity	Unsafe	cap=Environment
TerrainRegion	ConvertToSmooth	Function	() -> ()	PluginSecurity	PluginSecurity	Unsafe	deprecated,cap=Environment
TerrainRegion	ExtentsMax	Property	Vector3int16	None	None	ReadSafe	hidden,notscriptable,cap=Environment
TerrainRegion	ExtentsMin	Property	Vector3int16	None	None	ReadSafe	hidden,notscriptable,cap=Environment
TerrainRegion	GetRegionWireframe	Function	() -> Array	RobloxScriptSecurity	RobloxScriptSecurity	Unsafe	cap=Environment
TerrainRegion	GridV3	Property	BinaryString	None	None	ReadSafe	hidden,writeonly,notreplicated,notscriptable,cap=Environment
TerrainRegion	IsSmooth	Property	bool	None	None	ReadSafe	readonly,notreplicated,deprecated,cap=Environment
TerrainRegion	SizeInCells	Property	Vector3	None	None	ReadSafe	readonly,notreplicated,cap=Environment
TerrainRegion	SmoothGrid	Property	BinaryString	None	None	ReadSafe	hidden,notreplicated,notscriptable,cap=Environment
TerrainWriteOperation	CommitBlock	Function	(block: Dictionary) -> RBXScriptSignal	None	None	Unsafe	cap=Environment,undocumented
TerrainWriteOperation	GetBlock	Function	() -> Dictionary	None	None	Unsafe	customluastate,cap=Environment,undocumented
TestCase	Assert	Function	(condition: bool, message: string = , source: Instance = nil, line: int = 0) -> ()	None	None	Unsafe	cap=InternalTest,undocumented
TestCase	AssertLegacy	Function	(condition: bool, message: string = , source: Instance = nil, line: int = 0) -> ()	None	None	Unsafe	cap=InternalTest,undocumented
TestCase	EndTest	Function	(message: string = , source: Instance = nil, line: int = 0) -> ()	None	None	Unsafe	cap=InternalTest,undocumented
TestCase	Message	Function	(text: string, source: Instance = nil, line: int = 0) -> ()	None	None	Unsafe	cap=InternalTest,undocumented
TestCase	Require	Function	(condition: bool, message: string = , source: Instance = nil, line: int = 0) -> ()	None	None	Unsafe	cap=InternalTest,undocumented
TestCase	RequireLegacy	Function	(condition: bool, message: string = , source: Instance = nil, line: int = 0) -> ()	None	None	Unsafe	cap=InternalTest,undocumented
TestService	AutoRuns	Property	bool	None	None	ReadSafe	
TestService	CaptureScreenshotAsync	Function	(artifactName: string = , options: Dictionary = nil) -> Tuple	None	None	Unsafe	yields,cap=InternalTest,undocumented
TestService	Check	Function	(condition: bool, description: string, source: Instance = nil, line: int = 0) -> ()	None	None	Unsafe	
TestService	Checkpoint	Function	(text: string, source: Instance = nil, line: int = 0) -> ()	None	None	Unsafe	
TestService	ConvertSlimAcrToObj	Function	(acrFullFilePath: string, objFileName: string) -> string	RobloxScriptSecurity	RobloxScriptSecurity	Unsafe	
TestService	CreateAndSavePropertySet	Function	(source: Instance) -> string	RobloxScriptSecurity	RobloxScriptSecurity	Unsafe	
TestService	CreateExtraAssetsFileFromPropertySet	Function	(psetFileName: string) -> string	RobloxScriptSecurity	RobloxScriptSecurity	Unsafe	
TestService	Description	Property	string	None	None	ReadSafe	
TestService	Done	Function	() -> ()	None	None	Unsafe	
TestService	Enabled	Property	bool	None	None	Unsafe	readonly,notreplicated,undocumented
TestService	Error	Function	(description: string, source: Instance = nil, line: int = 0) -> ()	None	None	Unsafe	
TestService	ErrorCount	Property	int	None	None	ReadSafe	readonly,notreplicated
TestService	ExecuteWithStudioRun	Property	bool	None	None	ReadSafe	
TestService	Fail	Function	(description: string, source: Instance = nil, line: int = 0) -> ()	None	None	Unsafe	
TestService	FetchExtraAssets	Function	(extraAssetsFileName: string) -> string	RobloxScriptSecurity	RobloxScriptSecurity	Unsafe	
TestService	FetchTestControlsAsync	Function	(category: string) -> Tuple	None	None	Unsafe	yields,cap=InternalTest,undocumented
TestService	GetTestControlSchema	Function	(providerName: string) -> Dictionary	None	None	Unsafe	cap=InternalTest,undocumented
TestService	GetTestControls	Function	(providerName: string) -> Dictionary	None	None	Unsafe	cap=InternalTest,undocumented
TestService	Is30FpsThrottleEnabled	Property	bool	None	None	ReadSafe	notreplicated,deprecated,prefer=ThrottlePhysicsToRealtime
TestService	IsPhysicsEnvironmentalThrottled	Property	bool	None	None	ReadSafe	
TestService	IsSleepAllowed	Property	bool	None	None	ReadSafe	
TestService	Message	Function	(text: string, source: Instance = nil, line: int = 0) -> ()	None	None	Unsafe	
TestService	NumberOfPlayers	Property	int	None	None	ReadSafe	
TestService	RegisterTest	Function	(testOptions: Dictionary) -> TestCase	None	None	Unsafe	cap=InternalTest,undocumented
TestService	RegisterTestLegacy	Function	(testOptions: Dictionary) -> TestCase	None	None	Unsafe	cap=InternalTest,undocumented
TestService	RequestValidationAsync	Function	(module: string, artifactName: string, options: Variant) -> Tuple	None	None	Unsafe	yields,cap=InternalTest,undocumented
TestService	Require	Function	(condition: bool, description: string, source: Instance = nil, line: int = 0) -> ()	None	None	Unsafe	
TestService	ResetTestControl	Function	(providerName: string, controlName: string) -> ()	None	None	Unsafe	cap=InternalTest,undocumented
TestService	Run	Function	() -> ()	PluginSecurity	PluginSecurity	Unsafe	yields,deprecated,prefer=RunAsync
TestService	RunAsync	Function	() -> ()	PluginSecurity	PluginSecurity	Unsafe	yields
TestService	ScopeTime	Function	() -> Dictionary	None	None	Unsafe	
TestService	ServerCollectConditionalResult	Event	(condition: bool, text: string, script: Instance, line: int)	None	None	Unsafe	
TestService	ServerCollectResult	Event	(text: string, script: Instance, line: int)	None	None	Unsafe	
TestService	SetTestControl	Function	(providerName: string, controlName: string, value: Variant) -> ()	None	None	Unsafe	cap=InternalTest,undocumented
TestService	SignalProfilingCapture	Function	(target: string = , options: Dictionary = nil) -> ()	None	None	Unsafe	cap=InternalTest,undocumented
TestService	SignalProfilingStart	Function	(target: string = , options: Dictionary = nil) -> ()	None	None	Unsafe	cap=InternalTest,undocumented
TestService	SignalProfilingStop	Function	(target: string = ) -> ()	None	None	Unsafe	cap=InternalTest,undocumented
TestService	SimulateSecondsLag	Property	double	None	None	ReadSafe	
TestService	StartTestSession	Function	() -> ()	None	None	Unsafe	cap=InternalTest,undocumented
TestService	StartVideoCaptureAsync	Function	(artifactName: string = , options: Dictionary = nil) -> Tuple	None	None	Unsafe	yields,cap=InternalTest,undocumented
TestService	StopTestSession	Function	() -> ()	None	None	Unsafe	cap=InternalTest,undocumented
TestService	StopVideoCaptureAsync	Function	() -> Tuple	None	None	Unsafe	yields,cap=InternalTest,undocumented
TestService	TakeSnapshot	Function	(snapshotname: string, source: Instance = nil) -> ()	None	None	Unsafe	cap=InternalTest,undocumented
TestService	TestCount	Property	int	None	None	ReadSafe	readonly,notreplicated
TestService	ThrottlePhysicsToRealtime	Property	bool	None	None	ReadSafe	
TestService	Timeout	Property	double	None	None	ReadSafe	
TestService	TranscodePropertySet	Function	(extraAssetsFileName: string, psetFileName: string) -> string	RobloxScriptSecurity	RobloxScriptSecurity	Unsafe	
TestService	Warn	Function	(condition: bool, description: string, source: Instance = nil, line: int = 0) -> ()	None	None	Unsafe	
TestService	WarnCount	Property	int	None	None	ReadSafe	readonly,notreplicated
TestService	getTestSessionProviderStats	Function	(providerName: string) -> Dictionary	None	None	Unsafe	cap=InternalTest,undocumented
TestService	isFeatureEnabled	Function	(name: string) -> bool	None	None	Unsafe	
TextBox	CaptureFocus	Function	() -> ()	None	None	Unsafe	cap=UI
TextBox	ClearTextOnFocus	Property	bool	None	None	ReadSafe	cap=UI
TextBox	Confidential	Property	bool	RobloxSecurity	RobloxSecurity	ReadSafe	hidden,notreplicated,notscriptable,cap=UI
TextBox	ContentText	Property	string	None	None	ReadSafe	readonly,notreplicated,cap=UI
TextBox	CursorPosition	Property	int	None	None	ReadSafe	cap=UI
TextBox	FocusLost	Event	(enterPressed: bool, inputThatCausedFocusLoss: InputObject)	None	None	Unsafe	cap=UI
TextBox	Focused	Event	()	None	None	Unsafe	cap=UI
TextBox	Font	Property	Font	None	None	ReadSafe	hidden,notreplicated,cap=UI
TextBox	FontFace	Property	Font	None	None	ReadSafe	cap=UI
TextBox	FontSize	Property	FontSize	None	None	ReadSafe	notreplicated,deprecated,prefer=TextSize,cap=UI
TextBox	HasFocus	Property	bool	RobloxSecurity	RobloxSecurity	ReadSafe	hidden,readonly,notreplicated,notscriptable,cap=UI
TextBox	IsFocused	Function	() -> bool	None	None	Unsafe	cap=UI
TextBox	LineHeight	Property	float	None	None	ReadSafe	cap=UI
TextBox	LocalizationMatchIdentifier	Property	string	RobloxScriptSecurity	RobloxScriptSecurity	ReadSafe	hidden,notreplicated,cap=UI
TextBox	LocalizationMatchedSourceText	Property	string	RobloxScriptSecurity	RobloxScriptSecurity	ReadSafe	hidden,notreplicated,cap=UI
TextBox	LocalizedPlaceholderText	Property	string	RobloxSecurity	RobloxSecurity	ReadSafe	hidden,readonly,notreplicated,notscriptable,cap=UI
TextBox	ManualFocusRelease	Property	bool	RobloxScriptSecurity	RobloxScriptSecurity	ReadSafe	hidden,notreplicated,cap=UI
TextBox	MaxVisibleGraphemes	Property	int	None	None	ReadSafe	cap=UI
TextBox	MultiLine	Property	bool	None	None	ReadSafe	cap=UI
TextBox	OpenTypeFeatures	Property	string	None	None	ReadSafe	cap=UI
TextBox	OpenTypeFeaturesError	Property	string	None	None	ReadSafe	readonly,notreplicated,cap=UI
TextBox	OverlayNativeInput	Property	bool	RobloxScriptSecurity	RobloxScriptSecurity	ReadSafe	hidden,notreplicated,cap=UI
TextBox	PlaceholderColor3	Property	Color3	None	None	ReadSafe	cap=UI
TextBox	PlaceholderText	Property	string	None	None	ReadSafe	cap=UI
TextBox	ReleaseFocus	Function	(submitted: bool = false) -> ()	None	None	Unsafe	cap=UI
TextBox	ResetKeyboardMode	Function	() -> ()	RobloxScriptSecurity	RobloxScriptSecurity	Unsafe	cap=UI
TextBox	ReturnKeyType	Property	ReturnKeyType	RobloxScriptSecurity	RobloxScriptSecurity	ReadSafe	hidden,notreplicated,cap=UI
TextBox	ReturnPressedFromOnScreenKeyboard	Event	()	None	None	Unsafe	cap=UI
TextBox	RichText	Property	bool	None	None	ReadSafe	cap=UI
TextBox	SelectionStart	Property	int	None	None	ReadSafe	cap=UI
TextBox	SetTextFromInput	Function	(text: string) -> ()	RobloxScriptSecurity	RobloxScriptSecurity	Unsafe	cap=UI
TextBox	ShouldEmitReturnEvents	Property	bool	RobloxScriptSecurity	RobloxScriptSecurity	ReadSafe	hidden,notreplicated,cap=UI
TextBox	ShouldEmitTabEvents	Property	bool	RobloxScriptSecurity	RobloxScriptSecurity	ReadSafe	hidden,notreplicated,cap=UI
TextBox	ShouldEmitUpAndDownArrowEvents	Property	bool	RobloxScriptSecurity	RobloxScriptSecurity	ReadSafe	hidden,notreplicated,cap=UI
TextBox	ShowNativeInput	Property	bool	None	None	ReadSafe	cap=UI
TextBox	Text	Property	string	None	None	ReadSafe	cap=UI
TextBox	TextBounds	Property	Vector2	None	None	ReadSafe	readonly,notreplicated,cap=UI
TextBox	TextColor	Property	BrickColor	None	None	ReadSafe	hidden,notreplicated,deprecated,cap=UI
TextBox	TextColor3	Property	Color3	None	None	ReadSafe	cap=UI
TextBox	TextDirection	Property	TextDirection	None	None	ReadSafe	cap=UI
TextBox	TextEditable	Property	bool	None	None	ReadSafe	cap=UI
TextBox	TextFits	Property	bool	None	None	ReadSafe	readonly,notreplicated,cap=UI
TextBox	TextInputType	Property	TextInputType	RobloxScriptSecurity	RobloxScriptSecurity	ReadSafe	hidden,notreplicated,cap=UI
TextBox	TextScaled	Property	bool	None	None	ReadSafe	cap=UI
TextBox	TextSize	Property	float	None	None	ReadSafe	cap=UI
TextBox	TextStrokeColor3	Property	Color3	None	None	ReadSafe	cap=UI
TextBox	TextStrokeTransparency	Property	float	None	None	ReadSafe	cap=UI
TextBox	TextTransparency	Property	float	None	None	ReadSafe	cap=UI
TextBox	TextTruncate	Property	TextTruncate	None	None	ReadSafe	cap=UI
TextBox	TextWrap	Property	bool	None	None	ReadSafe	notreplicated,deprecated,prefer=TextWrapped,cap=UI
TextBox	TextWrapped	Property	bool	None	None	ReadSafe	cap=UI
TextBox	TextXAlignment	Property	TextXAlignment	None	None	ReadSafe	cap=UI
TextBox	TextYAlignment	Property	TextYAlignment	None	None	ReadSafe	cap=UI
TextButton	Confidential	Property	bool	RobloxSecurity	RobloxSecurity	ReadSafe	hidden,notreplicated,notscriptable,cap=UI
TextButton	ContentText	Property	string	None	None	ReadSafe	readonly,notreplicated,cap=UI
TextButton	Font	Property	Font	None	None	ReadSafe	hidden,notreplicated,cap=UI
TextButton	FontFace	Property	Font	None	None	ReadSafe	cap=UI
TextButton	FontSize	Property	FontSize	None	None	ReadSafe	notreplicated,deprecated,prefer=TextSize,cap=UI
TextButton	LineHeight	Property	float	None	None	ReadSafe	cap=UI
TextButton	LocalizationMatchIdentifier	Property	string	RobloxScriptSecurity	RobloxScriptSecurity	ReadSafe	hidden,notreplicated,cap=UI
TextButton	LocalizationMatchedSourceText	Property	string	RobloxScriptSecurity	RobloxScriptSecurity	ReadSafe	hidden,notreplicated,cap=UI
TextButton	LocalizedText	Property	string	None	None	ReadSafe	hidden,readonly,notreplicated,cap=UI
TextButton	MaxVisibleGraphemes	Property	int	None	None	ReadSafe	cap=UI
TextButton	OpenTypeFeatures	Property	string	None	None	ReadSafe	cap=UI
TextButton	OpenTypeFeaturesError	Property	string	None	None	ReadSafe	readonly,notreplicated,cap=UI
TextButton	RichText	Property	bool	None	None	ReadSafe	cap=UI
TextButton	SetTextFromInput	Function	(text: string) -> ()	RobloxScriptSecurity	RobloxScriptSecurity	Unsafe	cap=UI
TextButton	Text	Property	string	None	None	ReadSafe	cap=UI
TextButton	TextBounds	Property	Vector2	None	None	ReadSafe	readonly,notreplicated,cap=UI
TextButton	TextColor	Property	BrickColor	None	None	ReadSafe	hidden,notreplicated,deprecated,cap=UI
TextButton	TextColor3	Property	Color3	None	None	ReadSafe	cap=UI
TextButton	TextDirection	Property	TextDirection	None	None	ReadSafe	cap=UI
TextButton	TextFits	Property	bool	None	None	ReadSafe	readonly,notreplicated,cap=UI
TextButton	TextScaled	Property	bool	None	None	ReadSafe	cap=UI
TextButton	TextSize	Property	float	None	None	ReadSafe	cap=UI
TextButton	TextStrokeColor3	Property	Color3	None	None	ReadSafe	cap=UI
TextButton	TextStrokeTransparency	Property	float	None	None	ReadSafe	cap=UI
TextButton	TextTransparency	Property	float	None	None	ReadSafe	cap=UI
TextButton	TextTruncate	Property	TextTruncate	None	None	ReadSafe	cap=UI
TextButton	TextWrap	Property	bool	None	None	ReadSafe	notreplicated,deprecated,prefer=TextWrapped,cap=UI
TextButton	TextWrapped	Property	bool	None	None	ReadSafe	cap=UI
TextButton	TextXAlignment	Property	TextXAlignment	None	None	ReadSafe	cap=UI
TextButton	TextYAlignment	Property	TextYAlignment	None	None	ReadSafe	cap=UI
TextChannel	AddPlayersOnJoin	Property	bool	None	None	ReadSafe	cap=Chat,undocumented
TextChannel	AddUserAsync	Function	(userId: User) -> Tuple	None	None	Unsafe	yields,cap=Chat
TextChannel	DirectChatRequester	Property	Player	None	None	ReadSafe	readonly,notreplicated,cap=Chat
TextChannel	DisplaySystemMessage	Function	(systemMessage: string, metadata: string = ) -> TextChatMessage	None	None	Unsafe	cap=Chat
TextChannel	IsDefaultTextChannel	Property	bool	RobloxScriptSecurity	RobloxScriptSecurity	ReadSafe	hidden,cap=Chat
TextChannel	MessageReceived	Event	(incomingMessage: TextChatMessage)	None	None	Unsafe	cap=Chat
TextChannel	OnIncomingMessage	Callback	(message: TextChatMessage) -> Tuple	None	None	Unsafe	cap=Chat
TextChannel	SendAsync	Function	(message: string, metadata: string = ) -> TextChatMessage	None	None	Unsafe	yields,cap=Chat
TextChannel	SendDictatedSpeechAsync	Function	(message: string) -> TextChatMessage	RobloxScriptSecurity	RobloxScriptSecurity	Unsafe	yields,cap=Chat
TextChannel	SendInternalAsync	Function	(message: string, metadata: string = ) -> TextChatMessage	RobloxScriptSecurity	RobloxScriptSecurity	Unsafe	yields,cap=Chat
TextChannel	SendPresetAsync	Function	(presetId: string) -> TextChatMessage	RobloxScriptSecurity	RobloxScriptSecurity	Unsafe	yields,cap=Chat
TextChannel	SetDirectChatRequester	Function	(requester: Player) -> ()	None	None	Unsafe	cap=Chat
TextChannel	ShouldDeliverCallback	Callback	(message: TextChatMessage, textSource: TextSource) -> Tuple	None	None	Unsafe	cap=Chat
TextChannelWindow	FontFace	Property	Font	None	None	ReadSafe	cap=Chat|UI,undocumented
TextChannelWindow	IsRendering	Property	bool	RobloxScriptSecurity	RobloxScriptSecurity	Unsafe	hidden,readonly,notreplicated,cap=Chat|UI
TextChannelWindow	Target	Property	TextChannel	None	None	ReadSafe	cap=Chat|UI
TextChannelWindow	UseDefaultFont	Property	bool	None	None	ReadSafe	cap=Chat|UI,undocumented
TextChatCommand	AutocompleteVisible	Property	bool	None	None	ReadSafe	cap=Chat
TextChatCommand	Enabled	Property	bool	None	None	ReadSafe	cap=Chat
TextChatCommand	PrimaryAlias	Property	string	None	None	ReadSafe	cap=Chat
TextChatCommand	SecondaryAlias	Property	string	None	None	ReadSafe	cap=Chat
TextChatCommand	Triggered	Event	(originTextSource: TextSource, unfilteredText: string)	None	None	Unsafe	cap=Chat
TextChatMessage	BubbleChatMessageProperties	Property	BubbleChatMessageProperties	None	None	ReadSafe	cap=Chat
TextChatMessage	ChatActionType	Property	string	RobloxScriptSecurity	RobloxScriptSecurity	ReadSafe	hidden,cap=Chat
TextChatMessage	ChatWindowMessageProperties	Property	ChatWindowMessageProperties	None	None	ReadSafe	cap=Chat
TextChatMessage	ForModeration	Property	bool	RobloxScriptSecurity	RobloxScriptSecurity	ReadSafe	hidden,cap=Chat
TextChatMessage	IsHiddenMessage	Property	bool	RobloxScriptSecurity	RobloxScriptSecurity	ReadSafe	hidden,cap=Chat
TextChatMessage	IsHistorical	Property	bool	RobloxScriptSecurity	RobloxScriptSecurity	ReadSafe	hidden,cap=Chat
TextChatMessage	MessageId	Property	string	None	None	ReadSafe	cap=Chat
TextChatMessage	Metadata	Property	string	None	None	ReadSafe	cap=Chat
TextChatMessage	OriginalText	Property	string	RobloxScriptSecurity	RobloxScriptSecurity	ReadSafe	hidden,cap=Chat
TextChatMessage	PrefixText	Property	string	None	None	ReadSafe	cap=Chat
TextChatMessage	PrefixTextInternal	Property	string	RobloxScriptSecurity	RobloxScriptSecurity	ReadSafe	hidden,notreplicated,cap=Chat
TextChatMessage	PresetChatVersion	Property	string	RobloxScriptSecurity	RobloxScriptSecurity	ReadSafe	hidden,cap=Chat
TextChatMessage	PresetId	Property	string	RobloxScriptSecurity	RobloxScriptSecurity	ReadSafe	hidden,cap=Chat
TextChatMessage	RewrittenText	Property	string	RobloxScriptSecurity	RobloxScriptSecurity	ReadSafe	hidden,cap=Chat
TextChatMessage	RewrittenTranslation	Property	string	RobloxScriptSecurity	RobloxScriptSecurity	ReadSafe	hidden,cap=Chat
TextChatMessage	Status	Property	TextChatMessageStatus	None	None	ReadSafe	cap=Chat
TextChatMessage	Text	Property	string	None	None	ReadSafe	cap=Chat
TextChatMessage	TextChannel	Property	TextChannel	None	None	ReadSafe	cap=Chat
TextChatMessage	TextInternal	Property	string	RobloxScriptSecurity	RobloxScriptSecurity	ReadSafe	hidden,notreplicated,cap=Chat
TextChatMessage	TextSource	Property	TextSource	None	None	ReadSafe	cap=Chat
TextChatMessage	Timestamp	Property	DateTime	None	None	ReadSafe	cap=Chat
TextChatMessage	Translation	Property	string	None	None	ReadSafe	cap=Chat
TextChatMessage	TranslationInternal	Property	string	RobloxScriptSecurity	RobloxScriptSecurity	ReadSafe	hidden,notreplicated,cap=Chat
TextChatMessage	Verified	Property	bool	RobloxSecurity	RobloxSecurity	ReadSafe	hidden,notscriptable,cap=Chat
TextChatMessage	WasRewritten	Property	bool	RobloxScriptSecurity	RobloxScriptSecurity	ReadSafe	hidden,cap=Chat
TextChatMessageProperties	PrefixText	Property	string	None	None	ReadSafe	cap=Chat
TextChatMessageProperties	Text	Property	string	None	None	ReadSafe	cap=Chat
TextChatMessageProperties	Translation	Property	string	None	None	ReadSafe	cap=Chat
TextChatService	BubbleDisplayed	Event	(partOrCharacter: Instance, textChatMessage: TextChatMessage)	None	None	Unsafe	cap=Chat
TextChatService	CanUserChatAsync	Function	(userId: User) -> bool	None	None	Unsafe	yields,cap=Chat
TextChatService	CanUsersChatAsync	Function	(userIdFrom: User, userIdTo: User) -> bool	None	None	Unsafe	yields,cap=Chat
TextChatService	CanUsersDirectChatAsync	Function	(requesterUserId: User, userIds: Array) -> Array	None	None	Unsafe	yields,cap=Chat
TextChatService	CanUsersWhisperAsync	Function	(fromUserId: User, toUserId: User) -> bool	RobloxScriptSecurity	RobloxScriptSecurity	Unsafe	yields,cap=Chat
TextChatService	ChatActionReceived	Event	(chatActionMessage: TextChatMessage)	RobloxScriptSecurity	RobloxScriptSecurity	Unsafe	cap=Chat
TextChatService	ChatTranslationEnabled	Property	bool	None	RobloxScriptSecurity	ReadSafe	notreplicated,cap=Chat
TextChatService	ChatTranslationFTUXShown	Property	bool	RobloxScriptSecurity	RobloxScriptSecurity	ReadSafe	hidden,notreplicated,cap=Chat
TextChatService	ChatTranslationToggleEnabled	Property	bool	RobloxScriptSecurity	RobloxScriptSecurity	ReadSafe	hidden,notreplicated,cap=Chat
TextChatService	ChatVersion	Property	ChatVersion	None	RobloxScriptSecurity	ReadSafe	cap=Chat
TextChatService	ClientToServerChatableUserCountRequestSignal	Event	(requestId: string)	RobloxSecurity	RobloxSecurity	Unsafe	hidden,cap=Chat
TextChatService	ClientToServerMessageReplicateSignalV2	Event	(text: string, metadata: string, messageId: string, textSource: TextSource, textChannel: TextChannel)	RobloxSecurity	RobloxSecurity	Unsafe	hidden,cap=Chat
TextChatService	ClientToServerMessageReplicateSignalV3	Event	(text: string, metadata: string, messageId: string, textSource: TextSource, textChannel: TextChannel, verified: bool, isEscapedFlagEnabled: bool)	RobloxSecurity	RobloxSecurity	Unsafe	hidden,cap=Chat
TextChatService	ClientToServerMessageReplicateSignalV4	Event	(text: string, metadata: string, messageId: string, textSource: TextSource, textChannel: TextChannel, verified: bool, isEscapedFlagEnabled: bool, presetId: string, presetChatVersion: string)	RobloxSecurity	RobloxSecurity	Unsafe	hidden,cap=Chat
TextChatService	ClientToServerUniverseChatMessageSignalV1	Event	(text: string, metadata: string, messageId: string, userId: int64, verified: bool)	RobloxSecurity	RobloxSecurity	Unsafe	hidden,cap=Chat
TextChatService	ClientToServerUniverseChatMessageSignalV2	Event	(text: string, metadata: string, messageId: string, userId: int64, verified: bool, presetId: string, presetChatVersion: string)	RobloxSecurity	RobloxSecurity	Unsafe	hidden,cap=Chat
TextChatService	CreateDefaultCommands	Property	bool	None	PluginSecurity	ReadSafe	cap=Chat
TextChatService	CreateDefaultTextChannels	Property	bool	None	PluginSecurity	ReadSafe	cap=Chat
TextChatService	DisplayBubble	Function	(partOrCharacter: Instance, message: string) -> ()	None	None	Unsafe	cap=Chat
TextChatService	ExpChatFeatureValueChanged	Event	(userId: int64, featureName: string, featureValue: string)	RobloxScriptSecurity	RobloxScriptSecurity	Unsafe	cap=Chat
TextChatService	GetChatGroupsAsync	Function	(players: Instances) -> Array	None	None	Unsafe	yields,cap=Chat
TextChatService	GetChatableUserCountAsync	Function	(userId: User, context: string) -> int	RobloxScriptSecurity	RobloxScriptSecurity	Unsafe	yields,cap=Chat
TextChatService	GetPresetsAsync	Function	() -> Dictionary	RobloxScriptSecurity	RobloxScriptSecurity	Unsafe	yields,cap=Chat
TextChatService	GetTextChannelWindows	Function	() -> Array	RobloxScriptSecurity	RobloxScriptSecurity	Unsafe	cap=Chat
TextChatService	HasAllocatedUniverseChatContext	Function	(context: string) -> bool	RobloxScriptSecurity	RobloxScriptSecurity	Unsafe	cap=Chat
TextChatService	HasSeenDeprecationDialog	Property	bool	RobloxScriptSecurity	RobloxScriptSecurity	ReadSafe	hidden,notreplicated,cap=Chat
TextChatService	IsLegacyChatDisabled	Property	bool	RobloxScriptSecurity	RobloxScriptSecurity	ReadSafe	hidden,cap=Chat
TextChatService	IsProtectedChatEnabled	Function	() -> bool	RobloxScriptSecurity	RobloxScriptSecurity	Unsafe	cap=Chat
TextChatService	MessageReceived	Event	(textChatMessage: TextChatMessage)	None	None	Unsafe	cap=Chat
TextChatService	OnBubbleAdded	Callback	(message: TextChatMessage, adornee: Instance) -> Tuple	None	None	Unsafe	cap=Chat
TextChatService	OnChatWindowAdded	Callback	(message: TextChatMessage) -> Tuple	None	None	Unsafe	cap=Chat
TextChatService	OnIncomingMessage	Callback	(message: TextChatMessage) -> Tuple	None	None	Unsafe	cap=Chat
TextChatService	OnIncomingMessageEvent	Event	(textChatMessage: TextChatMessage)	RobloxScriptSecurity	RobloxScriptSecurity	Unsafe	cap=Chat
TextChatService	OnUserChatSettingUpdateAsync	Function	(featureName: string, featureValue: string) -> bool	RobloxScriptSecurity	RobloxScriptSecurity	Unsafe	yields,cap=Chat
TextChatService	OnUserChatSettingUpdateServer	Event	(featureName: string)	RobloxSecurity	RobloxSecurity	Unsafe	hidden,cap=Chat
TextChatService	PlatformIntegratedChat	Property	RolloutState	RobloxScriptSecurity	RobloxScriptSecurity	ReadSafe	cap=Chat
TextChatService	SendDictatedSpeechUniverseChatAsync	Function	(text: string) -> TextChatMessage	RobloxScriptSecurity	RobloxScriptSecurity	Unsafe	yields,cap=Chat
TextChatService	SendEnableChatButtonClicked	Function	() -> ()	RobloxScriptSecurity	RobloxScriptSecurity	Unsafe	cap=Chat
TextChatService	SendEnableChatButtonShown	Function	() -> ()	RobloxScriptSecurity	RobloxScriptSecurity	Unsafe	cap=Chat
TextChatService	SendExpChatLoadSuccess	Function	(loadingLatency: int, extras: Dictionary?, chatWindowType: string = , textChannelWindowName: string = ) -> ()	RobloxScriptSecurity	RobloxScriptSecurity	Unsafe	cap=Chat
TextChatService	SendExpChatMessageClientRendered	Function	(textChatMessage: TextChatMessage, messageRenderedSurface: string = unknown, selectedChannelTab: int64 = -1, textChannelWindowName: string = ) -> ()	RobloxScriptSecurity	RobloxScriptSecurity	Unsafe	cap=Chat
TextChatService	SendExpChatWindowScroll	Function	(chatWindowType: string = , textChannelWindowName: string = ) -> ()	RobloxScriptSecurity	RobloxScriptSecurity	Unsafe	cap=Chat
TextChatService	SendExpChatWindowStatusChange	Function	(timeClosed: int, timeOpen: int, timeBackgroundIdle: int, timeTextIdle: int, chatWindowType: string = , textChannelWindowName: string = ) -> ()	RobloxScriptSecurity	RobloxScriptSecurity	Unsafe	cap=Chat
TextChatService	SendTextChatCommandClientSent	Function	(textChatCommandName: string, chatWindowType: string = , textChannelWindowName: string = ) -> ()	RobloxScriptSecurity	RobloxScriptSecurity	Unsafe	cap=Chat
TextChatService	SendUniverseChatMessageAsync	Function	(text: string, metadata: string) -> TextChatMessage	RobloxScriptSecurity	RobloxScriptSecurity	Unsafe	yields,cap=Chat
TextChatService	SendUniverseChatPresetAsync	Function	(presetId: string) -> TextChatMessage	RobloxScriptSecurity	RobloxScriptSecurity	Unsafe	yields,cap=Chat
TextChatService	SendingMessage	Event	(textChatMessage: TextChatMessage)	None	None	Unsafe	cap=Chat
TextChatService	SendingUniverseChatMessage	Event	(textChatMessage: TextChatMessage)	RobloxScriptSecurity	RobloxScriptSecurity	Unsafe	cap=Chat
TextChatService	ServerToClientChatActionReplicateSignal	Event	(data: Dictionary)	RobloxSecurity	RobloxSecurity	Unsafe	hidden,cap=Chat
TextChatService	ServerToClientChatableUserCountResponseSignal	Event	(count: int, requestId: string)	RobloxSecurity	RobloxSecurity	Unsafe	hidden,cap=Chat
TextChatService	ServerToClientMessageReplicateSignal	Event	(text: string, prefixText: string, metadata: string, messageId: string, textSource: TextSource, textChannel: TextChannel, timestamp: int64, status: TextChatMessageStatus)	RobloxSecurity	RobloxSecurity	Unsafe	hidden,cap=Chat
TextChatService	ServerToClientMessageReplicateSignalV2	Event	(data: Dictionary)	RobloxSecurity	RobloxSecurity	Unsafe	hidden,cap=Chat
TextChatService	ServerToClientPresetChatConfigChangedSignal	Event	(enabled: bool, version: string)	RobloxSecurity	RobloxSecurity	Unsafe	hidden,cap=Chat
TextChatService	ServerToClientPresetChatUserAccessChangedSignal	Event	(accessLevel: string)	RobloxSecurity	RobloxSecurity	Unsafe	hidden,cap=Chat
TextChatService	ServerToClientUniverseChatChannelAllocatedSignalV1	Event	(context: string)	RobloxSecurity	RobloxSecurity	Unsafe	hidden,cap=Chat
TextChatService	ServerToClientUniverseChatMessageSignalV1	Event	(data: Dictionary)	RobloxSecurity	RobloxSecurity	Unsafe	hidden,cap=Chat
TextChatService	TextChannelWindowAdded	Event	(textChannelWindow: TextChannelWindow)	RobloxScriptSecurity	RobloxScriptSecurity	Unsafe	cap=Chat
TextChatService	TextChannelWindowRemoved	Event	(textChannelWindow: TextChannelWindow)	RobloxScriptSecurity	RobloxScriptSecurity	Unsafe	cap=Chat
TextChatService	UniverseChatChannelAllocated	Event	(context: string)	RobloxScriptSecurity	RobloxScriptSecurity	Unsafe	cap=Chat
TextChatService	UniverseChatMessageReceived	Event	(textChatMessage: TextChatMessage)	RobloxScriptSecurity	RobloxScriptSecurity	Unsafe	cap=Chat
TextChatService	UserMessageIntentSent	Event	(userIntentMessage: TextChatMessage)	RobloxScriptSecurity	RobloxScriptSecurity	Unsafe	cap=Chat
TextChatService	UserMessageIntentSentRemote	Event	(text: string, prefixText: string, metadata: string, messageId: string, textSource: TextSource, textChannel: TextChannel, timestamp: int64)	RobloxSecurity	RobloxSecurity	Unsafe	hidden,cap=Chat
TextChatService	setModerationModeEnabled	Function	(userId: int64, enabled: bool) -> bool	RobloxScriptSecurity	RobloxScriptSecurity	Unsafe	cap=Chat
TextDocument	TextContent	Property	Content	PluginSecurity	PluginSecurity	ReadSafe	undocumented
TextFilterResult	GetChatForUserAsync	Function	(toUserId: int64) -> string	None	None	Unsafe	yields,deprecated,cap=UI
TextFilterResult	GetNonChatStringForBroadcastAsync	Function	() -> string	None	None	Unsafe	yields,cap=UI
TextFilterResult	GetNonChatStringForUserAsync	Function	(toUserId: int64) -> string	None	None	Unsafe	yields,cap=UI
TextFilterTranslatedResult	GetTranslationForLocale	Function	(locale: string) -> TextFilterResult	None	None	Unsafe	cap=UI
TextFilterTranslatedResult	GetTranslations	Function	() -> Dictionary	None	None	Unsafe	cap=UI
TextFilterTranslatedResult	SourceLanguage	Property	string	None	None	ReadSafe	readonly,notreplicated,cap=UI
TextFilterTranslatedResult	SourceText	Property	TextFilterResult	None	None	ReadSafe	readonly,notreplicated,cap=UI
TextGenerator	GenerateTextAsync	Function	(request: Dictionary) -> Dictionary	None	None	Unsafe	yields,cap=Basic
TextGenerator	Seed	Property	int	None	None	ReadSafe	cap=Basic
TextGenerator	SystemPrompt	Property	string	None	None	ReadSafe	cap=Basic
TextGenerator	Temperature	Property	float	None	None	ReadSafe	cap=Basic
TextGenerator	TopP	Property	float	None	None	ReadSafe	cap=Basic
TextLabel	Confidential	Property	bool	RobloxSecurity	RobloxSecurity	ReadSafe	hidden,notreplicated,notscriptable,cap=UI
TextLabel	ContentText	Property	string	None	None	ReadSafe	readonly,notreplicated,cap=UI
TextLabel	Font	Property	Font	None	None	ReadSafe	hidden,notreplicated,cap=UI
TextLabel	FontFace	Property	Font	None	None	ReadSafe	cap=UI
TextLabel	FontSize	Property	FontSize	None	None	ReadSafe	notreplicated,deprecated,prefer=TextSize,cap=UI
TextLabel	LineHeight	Property	float	None	None	ReadSafe	cap=UI
TextLabel	LocalizationMatchIdentifier	Property	string	RobloxScriptSecurity	RobloxScriptSecurity	ReadSafe	hidden,notreplicated,cap=UI
TextLabel	LocalizationMatchedSourceText	Property	string	RobloxScriptSecurity	RobloxScriptSecurity	ReadSafe	hidden,notreplicated,cap=UI
TextLabel	LocalizedText	Property	string	None	None	ReadSafe	hidden,readonly,notreplicated,cap=UI
TextLabel	MaxVisibleGraphemes	Property	int	None	None	ReadSafe	cap=UI
TextLabel	OpenTypeFeatures	Property	string	None	None	ReadSafe	cap=UI
TextLabel	OpenTypeFeaturesError	Property	string	None	None	ReadSafe	readonly,notreplicated,cap=UI
TextLabel	RichText	Property	bool	None	None	ReadSafe	cap=UI
TextLabel	SetTextFromInput	Function	(text: string) -> ()	RobloxScriptSecurity	RobloxScriptSecurity	Unsafe	cap=UI
TextLabel	Text	Property	string	None	None	ReadSafe	cap=UI
TextLabel	TextBounds	Property	Vector2	None	None	ReadSafe	readonly,notreplicated,cap=UI
TextLabel	TextColor	Property	BrickColor	None	None	ReadSafe	hidden,notreplicated,deprecated,cap=UI
TextLabel	TextColor3	Property	Color3	None	None	ReadSafe	cap=UI
TextLabel	TextDirection	Property	TextDirection	None	None	ReadSafe	cap=UI
TextLabel	TextFits	Property	bool	None	None	ReadSafe	readonly,notreplicated,cap=UI
TextLabel	TextScaled	Property	bool	None	None	ReadSafe	cap=UI
TextLabel	TextSize	Property	float	None	None	ReadSafe	cap=UI
TextLabel	TextStrokeColor3	Property	Color3	None	None	ReadSafe	cap=UI
TextLabel	TextStrokeTransparency	Property	float	None	None	ReadSafe	cap=UI
TextLabel	TextTransparency	Property	float	None	None	ReadSafe	cap=UI
TextLabel	TextTruncate	Property	TextTruncate	None	None	ReadSafe	cap=UI
TextLabel	TextWrap	Property	bool	None	None	ReadSafe	notreplicated,deprecated,prefer=TextWrapped,cap=UI
TextLabel	TextWrapped	Property	bool	None	None	ReadSafe	cap=UI
TextLabel	TextXAlignment	Property	TextXAlignment	None	None	ReadSafe	cap=UI
TextLabel	TextYAlignment	Property	TextYAlignment	None	None	ReadSafe	cap=UI
TextService	FilterAndTranslateStringAsync	Function	(stringToFilter: string, fromUserId: int64, targetLocales: Array, textContext: TextFilterContext = PrivateChat) -> TextFilterTranslatedResult	None	None	Unsafe	yields,cap=UI
TextService	FilterStringAsync	Function	(stringToFilter: string, fromUserId: int64, textContext: TextFilterContext = PrivateChat) -> TextFilterResult	None	None	Unsafe	yields,cap=UI
TextService	GetFamilyInfoAsync	Function	(assetId: ContentId) -> Dictionary	None	None	Unsafe	yields,cap=UI
TextService	GetFontMemoryData	Function	() -> Dictionary	RobloxScriptSecurity	RobloxScriptSecurity	Unsafe	cap=UI
TextService	GetTextBoundsAsync	Function	(params: GetTextBoundsParams) -> Vector2	None	None	Unsafe	yields,cap=UI
TextService	GetTextSize	Function	(string: string, fontSize: int, font: Font, frameSize: Vector2) -> Vector2	None	None	Unsafe	cap=UI
TextService	GetTextSizeOffsetAsync	Function	(fontSize: int, font: Font) -> float	None	None	Unsafe	yields,cap=UI
TextService	SetResolutionScale	Function	(scale: float) -> ()	RobloxScriptSecurity	RobloxScriptSecurity	Unsafe	cap=UI
TextSource	CanSend	Property	bool	None	None	ReadSafe	cap=Chat
TextSource	DisplayName	Property	string	RobloxScriptSecurity	RobloxScriptSecurity	ReadSafe	hidden,notreplicated,cap=Chat
TextSource	UserId	Property	int64	None	None	ReadSafe	readonly,notreplicated,cap=Chat
TextSource	UserIdReplicated	Property	int64	None	None	ReadSafe	hidden,notscriptable,cap=Chat
TextSource	Username	Property	string	RobloxScriptSecurity	RobloxScriptSecurity	ReadSafe	hidden,notreplicated,cap=Chat
Texture	OffsetStudsU	Property	float	None	None	ReadSafe	cap=Basic
Texture	OffsetStudsV	Property	float	None	None	ReadSafe	cap=Basic
Texture	StudsPerTileU	Property	float	None	None	ReadSafe	cap=Basic
Texture	StudsPerTileV	Property	float	None	None	ReadSafe	cap=Basic
TextureGenerationPartGroup	GetInstances	Function	() -> Instances	RobloxScriptSecurity	RobloxScriptSecurity	Unsafe	
TextureGenerationPartGroup	GetMeshIdsHash	Function	() -> string	RobloxScriptSecurity	RobloxScriptSecurity	Unsafe	
TextureGenerationService	CancelGenerationRequest	Function	(jobUuid: string) -> ()	RobloxScriptSecurity	RobloxScriptSecurity	Unsafe	
TextureGenerationService	CreatePartGroup	Function	(instances: Instances) -> TextureGenerationPartGroup	RobloxScriptSecurity	RobloxScriptSecurity	Unsafe	
TextureGenerationService	GenerateTexture	Function	(previewJobId: string) -> Dictionary	RobloxScriptSecurity	RobloxScriptSecurity	Unsafe	
TextureGenerationService	GenerationNotificationSignal	Event	(notificationData: Dictionary)	RobloxScriptSecurity	RobloxScriptSecurity	Unsafe	
TextureGenerationService	GetQuotasAsync	Function	() -> Dictionary	RobloxScriptSecurity	RobloxScriptSecurity	Unsafe	yields
TextureGenerationService	PreviewNotificationSignal	Event	(notificationData: Dictionary)	RobloxScriptSecurity	RobloxScriptSecurity	Unsafe	
TextureGenerationService	PreviewTexture	Function	(partGroup: TextureGenerationPartGroup, prompt: string, options: Dictionary) -> Dictionary	RobloxScriptSecurity	RobloxScriptSecurity	Unsafe	
TextureGenerationUnwrappingRequest	ApplyToDataModel	Function	(partGroup: TextureGenerationPartGroup) -> TextureGenerationPartGroup	RobloxScriptSecurity	RobloxScriptSecurity	Unsafe	
TextureGenerationUnwrappingRequest	GetPartGroup	Function	() -> TextureGenerationPartGroup	RobloxScriptSecurity	RobloxScriptSecurity	Unsafe	
ThirdPartyUserService	ActiveUserSignedOut	Event	(signOutStatus: int)	RobloxScriptSecurity	RobloxScriptSecurity	Unsafe	
ThirdPartyUserService	FriendCommunicationRestrictionStatus	Property	ChatRestrictionStatus	RobloxScriptSecurity	RobloxScriptSecurity	ReadSafe	readonly,notreplicated
ThirdPartyUserService	GetUserPlatformName	Function	() -> string	RobloxScriptSecurity	RobloxScriptSecurity	Unsafe	
ThirdPartyUserService	GetVoiceChatRestrictionStatus	Function	() -> ChatRestrictionStatus	RobloxScriptSecurity	RobloxScriptSecurity	Unsafe	
ThirdPartyUserService	HasActiveUser	Property	bool	RobloxScriptSecurity	RobloxScriptSecurity	ReadSafe	readonly,notreplicated
ThirdPartyUserService	HaveActiveUser	Function	() -> bool	RobloxScriptSecurity	RobloxScriptSecurity	Unsafe	
ThirdPartyUserService	IsAccountSwitchingSupported	Function	() -> bool	RobloxScriptSecurity	RobloxScriptSecurity	Unsafe	
ThirdPartyUserService	IsChatRestrictionSupported	Function	() -> bool	RobloxScriptSecurity	RobloxScriptSecurity	Unsafe	
ThirdPartyUserService	IsSingleSignOnSupported	Function	() -> bool	RobloxScriptSecurity	RobloxScriptSecurity	Unsafe	
ThirdPartyUserService	ShowAccountPicker	Function	() -> ()	RobloxScriptSecurity	RobloxScriptSecurity	Unsafe	
ThirdPartyUserService	VoiceChatRestrictionStatus	Property	ChatRestrictionStatus	RobloxScriptSecurity	RobloxScriptSecurity	ReadSafe	readonly,notreplicated
ThreadState	FrameCount	Property	int	RobloxScriptSecurity	RobloxScriptSecurity	ReadSafe	hidden,readonly,notreplicated
ThreadState	GetFrame	Function	(index: int) -> Instance	RobloxScriptSecurity	RobloxScriptSecurity	Unsafe	
ThreadState	Populated	Property	bool	RobloxScriptSecurity	RobloxScriptSecurity	ReadSafe	hidden,readonly,notreplicated
ThreadState	ThreadId	Property	int	RobloxScriptSecurity	RobloxScriptSecurity	ReadSafe	hidden,readonly,notreplicated
ThreadState	ThreadName	Property	string	RobloxScriptSecurity	RobloxScriptSecurity	ReadSafe	hidden,readonly,notreplicated
ToastNotificationService	HideNotification	Function	(notificationId: string) -> ()	RobloxScriptSecurity	RobloxScriptSecurity	Unsafe	
ToastNotificationService	ShowNotification	Function	(message: string, notificationId: string) -> ()	RobloxScriptSecurity	RobloxScriptSecurity	Unsafe	
Tool	Activate	Function	() -> ()	None	None	Unsafe	cap=Input
Tool	Activated	Event	()	None	None	Unsafe	cap=Input
Tool	CanBeDropped	Property	bool	None	None	ReadSafe	cap=Input
Tool	Deactivate	Function	() -> ()	None	None	Unsafe	cap=Input
Tool	Deactivated	Event	()	None	None	Unsafe	cap=Input
Tool	Enabled	Property	bool	None	None	ReadSafe	sim,cap=Input
Tool	Equipped	Event	(mouse: Mouse)	None	None	Unsafe	cap=Input
Tool	Grip	Property	CFrame	None	None	ReadSafe	sim,cap=Input
Tool	GripForward	Property	Vector3	None	None	ReadSafe	hidden,notreplicated,cap=Input
Tool	GripPos	Property	Vector3	None	None	ReadSafe	hidden,notreplicated,cap=Input
Tool	GripRight	Property	Vector3	None	None	ReadSafe	hidden,notreplicated,cap=Input
Tool	GripUp	Property	Vector3	None	None	ReadSafe	hidden,notreplicated,cap=Input
Tool	ManualActivationOnly	Property	bool	None	None	ReadSafe	cap=Input
Tool	RequiresHandle	Property	bool	None	None	ReadSafe	cap=Input
Tool	ToolTip	Property	string	None	None	ReadSafe	cap=Input
Tool	Unequipped	Event	()	None	None	Unsafe	cap=Input
Tool	VRLaserPointerClicked	Event	(player: Player)	RobloxSecurity	RobloxSecurity	Unsafe	hidden,cap=Input
Torque	RelativeTo	Property	ActuatorRelativeTo	None	None	ReadSafe	sim,cap=Physics
Torque	Torque	Property	Vector3	None	None	ReadSafe	sim,cap=Physics
TorsionSpringConstraint	Coils	Property	float	None	None	ReadSafe	sim,cap=Physics
TorsionSpringConstraint	CurrentAngle	Property	float	None	None	ReadSafe	readonly,notreplicated,sim,cap=Physics
TorsionSpringConstraint	Damping	Property	float	None	None	ReadSafe	sim,cap=Physics
TorsionSpringConstraint	LimitEnabled	Property	bool	None	None	ReadSafe	hidden,deprecated,prefer=LimitsEnabled,sim,cap=Physics
TorsionSpringConstraint	LimitsEnabled	Property	bool	None	None	ReadSafe	sim,cap=Physics
TorsionSpringConstraint	MaxAngle	Property	float	None	None	ReadSafe	sim,cap=Physics
TorsionSpringConstraint	MaxTorque	Property	float	None	None	ReadSafe	sim,cap=Physics
TorsionSpringConstraint	Radius	Property	float	None	None	ReadSafe	sim,cap=Physics
TorsionSpringConstraint	Restitution	Property	float	None	None	ReadSafe	sim,cap=Physics
TorsionSpringConstraint	Stiffness	Property	float	None	None	ReadSafe	sim,cap=Physics
TracerService	FinishSpan	Function	(spanId: string) -> ()	RobloxScriptSecurity	RobloxScriptSecurity	Unsafe	
TracerService	StartSpan	Function	(name: string, parentId: string) -> string	RobloxScriptSecurity	RobloxScriptSecurity	Unsafe	
TrackerLodController	AudioMode	Property	TrackerLodFlagMode	None	None	ReadSafe	undocumented
TrackerLodController	UpdateState	Event	()	RobloxScriptSecurity	RobloxScriptSecurity	Unsafe	
TrackerLodController	VideoExtrapolationMode	Property	TrackerExtrapolationFlagMode	None	None	ReadSafe	undocumented
TrackerLodController	VideoLodMode	Property	TrackerLodValueMode	None	None	ReadSafe	undocumented
TrackerLodController	VideoMode	Property	TrackerLodFlagMode	None	None	ReadSafe	undocumented
TrackerLodController	getExtrapolation	Function	() -> int	RobloxScriptSecurity	RobloxScriptSecurity	Unsafe	
TrackerLodController	getVideoLod	Function	() -> int	RobloxScriptSecurity	RobloxScriptSecurity	Unsafe	
TrackerLodController	isAudioEnabled	Function	() -> bool	RobloxScriptSecurity	RobloxScriptSecurity	Unsafe	
TrackerLodController	isVideoEnabled	Function	() -> bool	RobloxScriptSecurity	RobloxScriptSecurity	Unsafe	
Trail	Attachment0	Property	Attachment	None	None	ReadSafe	cap=Basic
Trail	Attachment1	Property	Attachment	None	None	ReadSafe	cap=Basic
Trail	Brightness	Property	float	None	None	ReadSafe	cap=Basic
Trail	Clear	Function	() -> ()	None	None	Unsafe	cap=Basic
Trail	Color	Property	ColorSequence	None	None	ReadSafe	cap=Basic
Trail	Enabled	Property	bool	None	None	ReadSafe	cap=Basic
Trail	FaceCamera	Property	bool	None	None	ReadSafe	cap=Basic
Trail	Lifetime	Property	float	None	None	ReadSafe	cap=Basic
Trail	LightEmission	Property	float	None	None	ReadSafe	cap=Basic
Trail	LightInfluence	Property	float	None	None	ReadSafe	cap=Basic
Trail	LocalTransparencyModifier	Property	float	None	None	ReadSafe	hidden,notreplicated,cap=Basic
Trail	MaxLength	Property	float	None	None	ReadSafe	cap=Basic
Trail	MinLength	Property	float	None	None	ReadSafe	cap=Basic
Trail	OnClearRequested	Event	()	None	None	Unsafe	hidden,cap=Basic
Trail	Texture	Property	ContentId	None	None	ReadSafe	cap=Basic
Trail	TextureContent	Property	Content	None	None	ReadSafe	cap=Basic
Trail	TextureLength	Property	float	None	None	ReadSafe	cap=Basic
Trail	TextureMode	Property	TextureMode	None	None	ReadSafe	cap=Basic
Trail	Transparency	Property	NumberSequence	None	None	ReadSafe	cap=Basic
Trail	WidthScale	Property	NumberSequence	None	None	ReadSafe	cap=Basic
Translator	FormatByKey	Function	(key: string, args: Variant) -> string	None	None	Unsafe	cap=Basic
Translator	LocaleId	Property	string	None	None	ReadSafe	readonly,notreplicated,cap=Basic
Translator	RobloxOnlyTranslate	Function	(context: Instance, text: string) -> string	RobloxScriptSecurity	RobloxScriptSecurity	Unsafe	cap=Basic
Translator	Translate	Function	(context: Instance, text: string) -> string	None	None	Unsafe	cap=Basic
TremoloSoundEffect	Depth	Property	float	None	None	ReadSafe	cap=LegacySound
TremoloSoundEffect	Duty	Property	float	None	None	ReadSafe	cap=LegacySound
TremoloSoundEffect	Frequency	Property	float	None	None	ReadSafe	cap=LegacySound
TriangleMeshPart	AeroMeshData	Property	SharedString	RobloxSecurity	RobloxSecurity	ReadSafe	hidden,notscriptable,cap=Basic
TriangleMeshPart	CollisionFidelity	Property	CollisionFidelity	None	None	ReadSafe	notreplicated,write:plugin-only,cap=Basic
TriangleMeshPart	CollisionPrecision	Property	float	None	PluginSecurity	ReadSafe	notreplicated,cap=Basic
TriangleMeshPart	ConvexDecompHolder	Property	NetAssetRef	RobloxSecurity	RobloxSecurity	ReadSafe	hidden,notscriptable,cap=Basic
TriangleMeshPart	FluidFidelity	Property	FluidFidelity	None	None	ReadSafe	notreplicated,write:plugin-only,cap=Basic
TriangleMeshPart	FluidFidelityInternal	Property	FluidFidelity	RobloxSecurity	RobloxSecurity	ReadSafe	hidden,notscriptable,cap=Basic
TriangleMeshPart	InertiaMigrated	Property	bool	RobloxSecurity	RobloxSecurity	ReadSafe	hidden,notscriptable,cap=Basic
TriangleMeshPart	MeshSize	Property	Vector3	None	None	ReadSafe	readonly,notreplicated,cap=Basic
TriangleMeshPart	PCDRequestId	Property	int	RobloxSecurity	RobloxSecurity	ReadSafe	hidden,notreplicated,notscriptable,cap=Basic
TriangleMeshPart	PhysicalConfigData	Property	SharedString	RobloxSecurity	RobloxSecurity	ReadSafe	hidden,notscriptable,cap=Basic
TriangleMeshPart	UnscaledCofm	Property	Vector3	RobloxSecurity	RobloxSecurity	ReadSafe	hidden,cap=Basic
TriangleMeshPart	UnscaledVolInertiaDiags	Property	Vector3	RobloxSecurity	RobloxSecurity	ReadSafe	hidden,cap=Basic
TriangleMeshPart	UnscaledVolInertiaOffDiags	Property	Vector3	RobloxSecurity	RobloxSecurity	ReadSafe	hidden,cap=Basic
TriangleMeshPart	UnscaledVolume	Property	float	RobloxSecurity	RobloxSecurity	ReadSafe	hidden,cap=Basic
TrussPart	Style	Property	Style	None	None	ReadSafe	notreplicated,cap=Basic
TrussPart	style	Property	Style	None	None	ReadSafe	hidden,notscriptable,cap=Basic
TutorialService	GetMainViewSessionId	Function	() -> string	RobloxScriptSecurity	RobloxScriptSecurity	Unsafe	
TutorialService	HasUserCompletedTutorial	Function	() -> bool	RobloxScriptSecurity	RobloxScriptSecurity	Unsafe	
TutorialService	HideWidgets	Function	(commaSeparatedNames: string) -> bool	RobloxScriptSecurity	RobloxScriptSecurity	Unsafe	
TutorialService	PromptClosePlace	Function	() -> ()	RobloxScriptSecurity	RobloxScriptSecurity	Unsafe	
TutorialService	SetTutorialCompletionStatus	Function	(completed: bool) -> ()	RobloxScriptSecurity	RobloxScriptSecurity	Unsafe	
TutorialService	ShouldLaunchTutorial	Function	() -> bool	RobloxScriptSecurity	RobloxScriptSecurity	Unsafe	
TutorialService	ShowWidgets	Function	(commaSeparatedNames: string) -> bool	RobloxScriptSecurity	RobloxScriptSecurity	Unsafe	
Tween	Instance	Property	Instance	None	None	ReadSafe	readonly,notreplicated,cap=Basic
Tween	TweenInfo	Property	TweenInfo	None	None	ReadSafe	readonly,notreplicated,cap=Basic
TweenBase	Cancel	Function	() -> ()	None	None	Unsafe	
TweenBase	Completed	Event	(playbackState: PlaybackState)	None	None	Unsafe	
TweenBase	Pause	Function	() -> ()	None	None	Unsafe	
TweenBase	Play	Function	() -> ()	None	None	Unsafe	
TweenBase	PlaybackState	Property	PlaybackState	None	None	ReadSafe	readonly,notreplicated
TweenService	Create	Function	(instance: Instance, tweenInfo: TweenInfo, propertyTable: Dictionary) -> Tween	None	None	Unsafe	cap=Basic
TweenService	GetValue	Function	(alpha: float, easingStyle: EasingStyle, easingDirection: EasingDirection) -> float	None	None	Safe	sim,cap=Basic
TweenService	SmoothDamp	Function	(current: Variant, target: Variant, velocity: Variant, smoothTime: float, maxSpeed: float?, dt: float?) -> (Variant, Variant)	None	None	Safe	sim,cap=Basic
UGCValidationService	AreInstanceTreesEquivalent	Function	(expectedTree: Instance, candidateTree: Instance) -> bool	RobloxScriptSecurity	RobloxScriptSecurity	Unsafe	
UGCValidationService	CalculateAverageEditableCageMeshDistance	Function	(innerCage: EditableMesh, outerCage: EditableMesh, refMesh: EditableMesh, innerTransform: CFrame, outerTransform: CFrame) -> float	RobloxScriptSecurity	RobloxScriptSecurity	Unsafe	
UGCValidationService	CalculateBodyMaxCageDistance	Function	(inputBodyParts: Array) -> Tuple	RobloxScriptSecurity	RobloxScriptSecurity	Unsafe	yields
UGCValidationService	CalculateEditableMeshInsideMeshPercentage	Function	(editableMeshRoot: EditableMesh, editableMeshQuery: EditableMesh, meshQueryTransform: CFrame, meshQueryScale: Vector3) -> float	RobloxScriptSecurity	RobloxScriptSecurity	Unsafe	
UGCValidationService	CalculateEditableMeshModifiedCageBoundingBox	Function	(referenceUVValues: Array, innerCage: EditableMesh, innerTransform: CFrame, outerCage: EditableMesh, outerTransform: CFrame) -> Tuple	RobloxScriptSecurity	RobloxScriptSecurity	Unsafe	
UGCValidationService	CalculateEditableMeshNumModifiedCageUVsInSet	Function	(referenceUVValues: Array, innerCage: EditableMesh, innerTransform: CFrame, outerCage: EditableMesh, outerTransform: CFrame) -> Tuple	RobloxScriptSecurity	RobloxScriptSecurity	Unsafe	
UGCValidationService	CalculateEditableMeshTotalSurfaceArea	Function	(editableMesh: EditableMesh, meshScale: Vector3) -> float	RobloxScriptSecurity	RobloxScriptSecurity	Unsafe	
UGCValidationService	CalculateEditableMeshUniqueUVCount	Function	(editableMesh: EditableMesh) -> int	RobloxScriptSecurity	RobloxScriptSecurity	Unsafe	
UGCValidationService	CanLoadAsset	Function	(assetId: string) -> bool	RobloxScriptSecurity	RobloxScriptSecurity	Unsafe	yields
UGCValidationService	CheckEditableMeshInCameraFrustum	Function	(editableMesh: EditableMesh, meshScale: Vector3, handleWorldCF: CFrame, cameraWorldCF: CFrame) -> bool	RobloxScriptSecurity	RobloxScriptSecurity	Unsafe	
UGCValidationService	CreateEditableImageFromBinaryStringRobloxOnly	Function	(value: BinaryStringValue) -> EditableImage	RobloxScriptSecurity	RobloxScriptSecurity	Unsafe	
UGCValidationService	CreateEditableImageOriginalSizeAsync	Function	(textureId: string) -> EditableImage	RobloxScriptSecurity	RobloxScriptSecurity	Unsafe	yields
UGCValidationService	CreateEditableMeshFromBinaryStringRobloxOnly	Function	(value: BinaryStringValue) -> EditableMesh	RobloxScriptSecurity	RobloxScriptSecurity	Unsafe	
UGCValidationService	DoesMeshHaveSkinningData	Function	(meshId: string) -> bool	RobloxScriptSecurity	RobloxScriptSecurity	Unsafe	yields
UGCValidationService	DoesSurfaceAppearanceMatchTexturePackAsync	Function	(surfaceAppearance: SurfaceAppearance) -> bool	RobloxScriptSecurity	RobloxScriptSecurity	Unsafe	yields
UGCValidationService	FetchAssetWithFormat	Function	(url: ContentId, assetFormat: string) -> Instances	RobloxScriptSecurity	RobloxScriptSecurity	Unsafe	yields
UGCValidationService	GetBoundingBoxManipulationData	Function	(partMeshObjects: Array, partCFs: Array, meshScales: Array) -> Map	RobloxScriptSecurity	RobloxScriptSecurity	Unsafe	
UGCValidationService	GetDynamicHeadEditableMeshInactiveControls	Function	(editableMesh: EditableMesh, controlNames: Array) -> Tuple	RobloxScriptSecurity	RobloxScriptSecurity	Unsafe	
UGCValidationService	GetEditableCagingRelevancyMetrics	Function	(innerCage: EditableMesh, outerCage: EditableMesh, refMesh: EditableMesh, offsetInner: Vector3, offsetOuter: Vector3) -> Tuple	RobloxScriptSecurity	RobloxScriptSecurity	Unsafe	
UGCValidationService	GetEditableImageSize	Function	(editableImage: EditableImage) -> Vector2	RobloxScriptSecurity	RobloxScriptSecurity	Unsafe	
UGCValidationService	GetEditableMeshMaxNearbyVerticesCollisions	Function	(editableMesh: EditableMesh, meshScale: Vector3) -> int	RobloxScriptSecurity	RobloxScriptSecurity	Unsafe	
UGCValidationService	GetEditableMeshSkinningTransferJointsInfo	Function	(editableMesh: EditableMesh) -> Dictionary	RobloxScriptSecurity	RobloxScriptSecurity	Unsafe	
UGCValidationService	GetEditableMeshTriCount	Function	(editableMesh: EditableMesh) -> int	RobloxScriptSecurity	RobloxScriptSecurity	Unsafe	
UGCValidationService	GetEditableMeshVertColors	Function	(editableMesh: EditableMesh) -> Array	RobloxScriptSecurity	RobloxScriptSecurity	Unsafe	
UGCValidationService	GetEditableMeshVerticesSimilarityRate	Function	(editableMesh: EditableMesh, meshScale: Vector3) -> float	RobloxScriptSecurity	RobloxScriptSecurity	Unsafe	
UGCValidationService	GetEditableMeshVerts	Function	(editableMesh: EditableMesh) -> Array	RobloxScriptSecurity	RobloxScriptSecurity	Unsafe	
UGCValidationService	GetExpectedTposeRotation	Function	(jointLabel: RigLabel, partsFolder: Instance) -> CFrame	RobloxScriptSecurity	RobloxScriptSecurity	Unsafe	
UGCValidationService	GetFacsDrivenJointNamesFromEditableMesh	Function	(editableMesh: EditableMesh) -> Tuple	RobloxScriptSecurity	RobloxScriptSecurity	Unsafe	
UGCValidationService	GetLayeredClothingPostDeformationSize	Function	(accessory: Accessory, editableMesh: EditableMesh, meshScale: Vector3) -> Vector3	RobloxScriptSecurity	RobloxScriptSecurity	Unsafe	
UGCValidationService	GetLayeredClothingPostDeformationSizeAsync	Function	(accessory: Accessory, editableMesh: EditableMesh, meshScale: Vector3) -> Vector3	RobloxScriptSecurity	RobloxScriptSecurity	Unsafe	yields
UGCValidationService	GetMaximalJointDistancesWithinFacs	Function	(editableMesh: EditableMesh) -> Array	RobloxScriptSecurity	RobloxScriptSecurity	Unsafe	
UGCValidationService	GetMeshDataBinaryString	Function	(meshId: string) -> BinaryStringValue	RobloxScriptSecurity	RobloxScriptSecurity	Unsafe	yields
UGCValidationService	GetMeshVerts	Function	(meshId: string) -> Array	RobloxScriptSecurity	RobloxScriptSecurity	Unsafe	yields
UGCValidationService	GetMinAndMaxMeshSizeAcrossAllFacs	Function	(editableMesh: EditableMesh) -> Array	RobloxScriptSecurity	RobloxScriptSecurity	Unsafe	
UGCValidationService	GetPropertyValue	Function	(instance: Instance, property: string) -> Variant	RobloxScriptSecurity	RobloxScriptSecurity	Unsafe	
UGCValidationService	GetSerializedSizeExcludingCollisionAsync	Function	(inputInstances: Instances) -> double	RobloxScriptSecurity	RobloxScriptSecurity	Unsafe	yields
UGCValidationService	GetSkinnedJointNamesFromEditableMesh	Function	(editableMesh: EditableMesh) -> Tuple	RobloxScriptSecurity	RobloxScriptSecurity	Unsafe	
UGCValidationService	IsDeformedLayeredClothingOutOfRenderBounds	Function	(accessory: Accessory) -> bool	RobloxScriptSecurity	RobloxScriptSecurity	Unsafe	yields
UGCValidationService	IsEditableMeshNumCoplanarIntersectionsOverLimit	Function	(editableMesh: EditableMesh, limit: int, meshScale: Vector3, intersectBackFaces: bool) -> bool	RobloxScriptSecurity	RobloxScriptSecurity	Unsafe	
UGCValidationService	RegisterAlternateMesh	Function	(alternateId: string, binaryStringValue: BinaryStringValue) -> ()	RobloxScriptSecurity	RobloxScriptSecurity	Unsafe	
UGCValidationService	RegisterUGCValidationFunction	Function	(setFunction: Function) -> ()	RobloxScriptSecurity	RobloxScriptSecurity	Unsafe	
UGCValidationService	ReportUGCValidationCounter	Function	(success: bool, validationType: string) -> ()	RobloxScriptSecurity	RobloxScriptSecurity	Unsafe	
UGCValidationService	ReportUGCValidationFailureTelemetry	Function	(errorType: string) -> ()	RobloxScriptSecurity	RobloxScriptSecurity	Unsafe	
UGCValidationService	ReportUGCValidationTelemetry	Function	(assetType: string, data: Dictionary) -> ()	RobloxScriptSecurity	RobloxScriptSecurity	Unsafe	
UGCValidationService	ResetCollisionFidelity	Function	(meshPart: Instance, collisionFidelity: CollisionFidelity = Box) -> ()	RobloxScriptSecurity	RobloxScriptSecurity	Unsafe	
UGCValidationService	ResetCollisionFidelityWithEditableMeshDataLua	Function	(meshPart: MeshPart, editableMesh: EditableMesh, collisionFidelity: CollisionFidelity = Box) -> ()	RobloxScriptSecurity	RobloxScriptSecurity	Unsafe	
UGCValidationService	SetMeshIdBlocking	Function	(meshPart: Instance, meshId: string) -> ()	RobloxScriptSecurity	RobloxScriptSecurity	Unsafe	
UGCValidationService	ValidateDynamicHeadEditableMesh	Function	(editableMesh: EditableMesh) -> bool	RobloxScriptSecurity	RobloxScriptSecurity	Unsafe	
UGCValidationService	ValidateEditableMeshCageMeshIntersection	Function	(innerCage: EditableMesh, outerCage: EditableMesh, refMesh: EditableMesh) -> Tuple	RobloxScriptSecurity	RobloxScriptSecurity	Unsafe	
UGCValidationService	ValidateEditableMeshCageNonManifoldAndHoles	Function	(editableMesh: EditableMesh) -> Tuple	RobloxScriptSecurity	RobloxScriptSecurity	Unsafe	
UGCValidationService	ValidateEditableMeshCageUVCoincident	Function	(editableMesh: EditableMesh) -> bool	RobloxScriptSecurity	RobloxScriptSecurity	Unsafe	
UGCValidationService	ValidateEditableMeshCageUVTriangleArea	Function	(editableMesh: EditableMesh) -> bool	RobloxScriptSecurity	RobloxScriptSecurity	Unsafe	
UGCValidationService	ValidateEditableMeshFacialBounds	Function	(editableMesh: EditableMesh, boundsScale: float, partSize: Vector3) -> bool	RobloxScriptSecurity	RobloxScriptSecurity	Unsafe	
UGCValidationService	ValidateEditableMeshFacialExpressiveness	Function	(editableMesh: EditableMesh, minDelta: float, partSize: Vector3) -> float	RobloxScriptSecurity	RobloxScriptSecurity	Unsafe	
UGCValidationService	ValidateEditableMeshFullBodyCageDeletion	Function	(editableMesh: EditableMesh) -> bool	RobloxScriptSecurity	RobloxScriptSecurity	Unsafe	
UGCValidationService	ValidateEditableMeshMisMatchUV	Function	(innerCage: EditableMesh, outerCage: EditableMesh) -> bool	RobloxScriptSecurity	RobloxScriptSecurity	Unsafe	
UGCValidationService	ValidateEditableMeshOverlappingVertices	Function	(editableMesh: EditableMesh) -> bool	RobloxScriptSecurity	RobloxScriptSecurity	Unsafe	
UGCValidationService	ValidateEditableMeshTriangleArea	Function	(editableMesh: EditableMesh) -> bool	RobloxScriptSecurity	RobloxScriptSecurity	Unsafe	
UGCValidationService	ValidateEditableMeshTriangles	Function	(editableMesh: EditableMesh) -> bool	RobloxScriptSecurity	RobloxScriptSecurity	Unsafe	
UGCValidationService	ValidateEditableMeshUVDuplicates	Function	(referenceValues: Array, editableMesh: EditableMesh) -> int	RobloxScriptSecurity	RobloxScriptSecurity	Unsafe	
UGCValidationService	ValidateEditableMeshUVSpace	Function	(editableMesh: EditableMesh) -> bool	RobloxScriptSecurity	RobloxScriptSecurity	Unsafe	
UGCValidationService	ValidateEditableMeshUVValuesInReference	Function	(referenceValues: Array, editableMesh: EditableMesh) -> bool	RobloxScriptSecurity	RobloxScriptSecurity	Unsafe	
UGCValidationService	ValidateEditableMeshUniqueUVCount	Function	(editableMesh: EditableMesh, numRequired: int) -> bool	RobloxScriptSecurity	RobloxScriptSecurity	Unsafe	
UGCValidationService	ValidateEditableMeshVertColors	Function	(editableMesh: EditableMesh, includeAlpha: bool = true) -> bool	RobloxScriptSecurity	RobloxScriptSecurity	Unsafe	
UGCValidationService	ValidateHSRMeshIds	Function	(wrapLayerInstance: Instance, hsrInstance: Instance) -> bool	RobloxScriptSecurity	RobloxScriptSecurity	Unsafe	
UGCValidationService	ValidateLeaderSkinnedVertsNearCageIslands	Function	(renderMesh: EditableMesh, innerCage: EditableMesh, cageUVs: Array, referenceOrigin: CFrame, distanceThreshold: float) -> bool	RobloxScriptSecurity	RobloxScriptSecurity	Unsafe	
UGCValidationService	ValidatePartBBoxAfterFullFacs	Function	(headEditableMesh: EditableMesh, partEditableMesh: EditableMesh, headScale: Vector3, partScale: Vector3, boundsMaxMultiplier: float) -> bool	RobloxScriptSecurity	RobloxScriptSecurity	Unsafe	
UGCValidationService	ValidatePropertiesSensible	Function	(instance: Instance, stringLenRestrictions: Dictionary = nil) -> Tuple	RobloxScriptSecurity	RobloxScriptSecurity	Unsafe	
UGCValidationService	ValidateSkinnedEditableMesh	Function	(editableMesh: EditableMesh) -> bool	RobloxScriptSecurity	RobloxScriptSecurity	Unsafe	
UIAspectRatioConstraint	AspectRatio	Property	float	None	None	ReadSafe	cap=UI
UIAspectRatioConstraint	AspectType	Property	AspectType	None	None	ReadSafe	cap=UI
UIAspectRatioConstraint	DominantAxis	Property	DominantAxis	None	None	ReadSafe	cap=UI
UICorner	BottomLeftRadius	Property	UDim	None	None	ReadSafe	cap=UI
UICorner	BottomRightRadius	Property	UDim	None	None	ReadSafe	cap=UI
UICorner	CornerRadius	Property	UDim	None	None	ReadSafe	notreplicated,cap=UI
UICorner	TopLeftRadius	Property	UDim	None	None	ReadSafe	cap=UI
UICorner	TopRightRadius	Property	UDim	None	None	ReadSafe	cap=UI
UIDragDetector	ActivatedCursorIcon	Property	ContentId	None	None	ReadSafe	cap=UI
UIDragDetector	ActivatedCursorIconContent	Property	Content	None	None	ReadSafe	cap=UI
UIDragDetector	AddConstraintFunction	Function	(priority: int, function: Function) -> RBXScriptConnection	None	None	Unsafe	cap=UI
UIDragDetector	BoundingBehavior	Property	UIDragDetectorBoundingBehavior	None	None	ReadSafe	cap=UI
UIDragDetector	BoundingUI	Property	GuiBase2d	None	None	ReadSafe	cap=UI
UIDragDetector	CursorIcon	Property	ContentId	None	None	ReadSafe	cap=UI
UIDragDetector	CursorIconContent	Property	Content	None	None	ReadSafe	cap=UI
UIDragDetector	DragAxis	Property	Vector2	None	None	ReadSafe	cap=UI
UIDragDetector	DragContinue	Event	(inputPosition: Vector2)	None	None	Unsafe	cap=UI
UIDragDetector	DragEnd	Event	(inputPosition: Vector2)	None	None	Unsafe	cap=UI
UIDragDetector	DragRelativity	Property	UIDragDetectorDragRelativity	None	None	ReadSafe	cap=UI
UIDragDetector	DragRotation	Property	float	None	None	ReadSafe	cap=UI
UIDragDetector	DragSpace	Property	UIDragDetectorDragSpace	None	None	ReadSafe	cap=UI
UIDragDetector	DragStart	Event	(inputPosition: Vector2)	None	None	Unsafe	cap=UI
UIDragDetector	DragStyle	Property	UIDragDetectorDragStyle	None	None	ReadSafe	cap=UI
UIDragDetector	DragUDim2	Property	UDim2	None	None	ReadSafe	cap=UI
UIDragDetector	Enabled	Property	bool	None	None	ReadSafe	cap=UI
UIDragDetector	GetReferencePosition	Function	() -> UDim2	None	None	Unsafe	cap=UI
UIDragDetector	GetReferenceRotation	Function	() -> float	None	None	Unsafe	cap=UI
UIDragDetector	MaxDragAngle	Property	float	None	None	ReadSafe	cap=UI
UIDragDetector	MaxDragTranslation	Property	UDim2	None	None	ReadSafe	cap=UI
UIDragDetector	MinDragAngle	Property	float	None	None	ReadSafe	cap=UI
UIDragDetector	MinDragTranslation	Property	UDim2	None	None	ReadSafe	cap=UI
UIDragDetector	ReferenceUIInstance	Property	GuiObject	None	None	ReadSafe	cap=UI
UIDragDetector	ResponseStyle	Property	UIDragDetectorResponseStyle	None	None	ReadSafe	cap=UI
UIDragDetector	SelectionModeDragSpeed	Property	UDim2	None	None	ReadSafe	cap=UI
UIDragDetector	SelectionModeRotateSpeed	Property	float	None	None	ReadSafe	cap=UI
UIDragDetector	SetDragStyleFunction	Function	(function: Function) -> ()	None	None	Unsafe	cap=UI
UIDragDetector	UIDragSpeedAxisMapping	Property	UIDragSpeedAxisMapping	None	None	ReadSafe	cap=UI
UIFlexItem	FlexMode	Property	UIFlexMode	None	None	ReadSafe	cap=UI
UIFlexItem	GrowRatio	Property	float	None	None	ReadSafe	cap=UI
UIFlexItem	ItemLineAlignment	Property	ItemLineAlignment	None	None	ReadSafe	cap=UI
UIFlexItem	ShrinkRatio	Property	float	None	None	ReadSafe	cap=UI
UIGradient	Color	Property	ColorSequence	None	None	ReadSafe	cap=UI
UIGradient	Enabled	Property	bool	None	None	ReadSafe	cap=UI
UIGradient	Offset	Property	Vector2	None	None	ReadSafe	cap=UI
UIGradient	Rotation	Property	float	None	None	ReadSafe	cap=UI
UIGradient	Scale	Property	float	None	None	ReadSafe	cap=UI
UIGradient	TileMode	Property	GradientTileMode	None	None	ReadSafe	cap=UI
UIGradient	Transparency	Property	NumberSequence	None	None	ReadSafe	cap=UI
UIGradient	Type	Property	GradientType	None	None	ReadSafe	cap=UI
UIGridLayout	AbsoluteCellCount	Property	Vector2	None	None	Unsafe	readonly,notreplicated,cap=UI
UIGridLayout	AbsoluteCellSize	Property	Vector2	None	None	Unsafe	readonly,notreplicated,cap=UI
UIGridLayout	CellPadding	Property	UDim2	None	None	ReadSafe	cap=UI
UIGridLayout	CellSize	Property	UDim2	None	None	ReadSafe	cap=UI
UIGridLayout	FillDirectionMaxCells	Property	int	None	None	ReadSafe	cap=UI
UIGridLayout	StartCorner	Property	StartCorner	None	None	ReadSafe	cap=UI
UIGridStyleLayout	AbsoluteContentSize	Property	Vector2	None	None	Unsafe	readonly,notreplicated,cap=UI
UIGridStyleLayout	ApplyLayout	Function	() -> ()	None	None	Unsafe	deprecated,cap=UI
UIGridStyleLayout	FillDirection	Property	FillDirection	None	None	ReadSafe	cap=UI
UIGridStyleLayout	HorizontalAlignment	Property	HorizontalAlignment	None	None	ReadSafe	cap=UI
UIGridStyleLayout	SetCustomSortFunction	Function	(function: Function = nil) -> ()	None	None	Unsafe	deprecated,cap=UI
UIGridStyleLayout	SortOrder	Property	SortOrder	None	None	ReadSafe	cap=UI
UIGridStyleLayout	VerticalAlignment	Property	VerticalAlignment	None	None	ReadSafe	cap=UI
UIListLayout	HorizontalFlex	Property	UIFlexAlignment	None	None	ReadSafe	cap=UI
UIListLayout	HorizontalPadding	Property	UDim	None	None	ReadSafe	hidden,notscriptable,cap=UI
UIListLayout	ItemLineAlignment	Property	ItemLineAlignment	None	None	ReadSafe	cap=UI
UIListLayout	Padding	Property	UDim	None	None	ReadSafe	cap=UI
UIListLayout	VerticalFlex	Property	UIFlexAlignment	None	None	ReadSafe	cap=UI
UIListLayout	VerticalPadding	Property	UDim	None	None	ReadSafe	hidden,notscriptable,cap=UI
UIListLayout	Wraps	Property	bool	None	None	ReadSafe	cap=UI
UIPadding	PaddingBottom	Property	UDim	None	None	ReadSafe	cap=UI
UIPadding	PaddingLeft	Property	UDim	None	None	ReadSafe	cap=UI
UIPadding	PaddingRight	Property	UDim	None	None	ReadSafe	cap=UI
UIPadding	PaddingTop	Property	UDim	None	None	ReadSafe	cap=UI
UIPageLayout	Animated	Property	bool	None	None	ReadSafe	cap=UI
UIPageLayout	Circular	Property	bool	None	None	ReadSafe	cap=UI
UIPageLayout	CurrentPage	Property	GuiObject	None	None	ReadSafe	readonly,notreplicated,cap=UI
UIPageLayout	EasingDirection	Property	EasingDirection	None	None	ReadSafe	cap=UI
UIPageLayout	EasingStyle	Property	EasingStyle	None	None	ReadSafe	cap=UI
UIPageLayout	GamepadInputEnabled	Property	bool	None	None	ReadSafe	cap=UI
UIPageLayout	JumpTo	Function	(page: Instance) -> ()	None	None	Unsafe	cap=UI
UIPageLayout	JumpToIndex	Function	(index: int) -> ()	None	None	Unsafe	cap=UI
UIPageLayout	Next	Function	() -> ()	None	None	Unsafe	cap=UI
UIPageLayout	Padding	Property	UDim	None	None	ReadSafe	cap=UI
UIPageLayout	PageEnter	Event	(page: Instance)	None	None	Unsafe	cap=UI
UIPageLayout	PageLeave	Event	(page: Instance)	None	None	Unsafe	cap=UI
UIPageLayout	Previous	Function	() -> ()	None	None	Unsafe	cap=UI
UIPageLayout	ScrollWheelInputEnabled	Property	bool	None	None	ReadSafe	cap=UI
UIPageLayout	Stopped	Event	(currentPage: Instance)	None	None	Unsafe	cap=UI
UIPageLayout	TouchInputEnabled	Property	bool	None	None	ReadSafe	cap=UI
UIPageLayout	TweenTime	Property	float	None	None	ReadSafe	cap=UI
UIScale	Scale	Property	float	None	None	ReadSafe	cap=UI
UIShadow	BlurRadius	Property	UDim	None	None	ReadSafe	cap=UI
UIShadow	Color	Property	Color3	None	None	ReadSafe	cap=UI
UIShadow	Enabled	Property	bool	None	None	ReadSafe	cap=UI
UIShadow	Inset	Property	bool	None	None	ReadSafe	cap=UI,undocumented
UIShadow	Mode	Property	ApplyShadowMode	None	None	ReadSafe	cap=UI,undocumented
UIShadow	Offset	Property	UDim2	None	None	ReadSafe	cap=UI
UIShadow	ShowBehindParent	Property	bool	None	None	ReadSafe	cap=UI,undocumented
UIShadow	Spread	Property	UDim2	None	None	ReadSafe	cap=UI
UIShadow	Transparency	Property	float	None	None	ReadSafe	cap=UI
UIShadow	ZIndex	Property	int	None	None	ReadSafe	cap=UI
UISizeConstraint	MaxSize	Property	Vector2	None	None	ReadSafe	cap=UI
UISizeConstraint	MinSize	Property	Vector2	None	None	ReadSafe	cap=UI
UIStroke	ApplyStrokeMode	Property	ApplyStrokeMode	None	None	ReadSafe	cap=UI
UIStroke	BorderOffset	Property	UDim	None	None	ReadSafe	cap=UI
UIStroke	BorderStrokePosition	Property	BorderStrokePosition	None	None	ReadSafe	cap=UI
UIStroke	Color	Property	Color3	None	None	ReadSafe	cap=UI
UIStroke	Enabled	Property	bool	None	None	ReadSafe	cap=UI
UIStroke	LineJoinMode	Property	LineJoinMode	None	None	ReadSafe	cap=UI
UIStroke	StrokeSizingMode	Property	StrokeSizingMode	None	None	ReadSafe	cap=UI
UIStroke	Thickness	Property	float	None	None	ReadSafe	cap=UI
UIStroke	Transparency	Property	float	None	None	ReadSafe	cap=UI
UIStroke	ZIndex	Property	int	None	None	ReadSafe	cap=UI
UITableLayout	FillEmptySpaceColumns	Property	bool	None	None	ReadSafe	cap=UI
UITableLayout	FillEmptySpaceRows	Property	bool	None	None	ReadSafe	cap=UI
UITableLayout	MajorAxis	Property	TableMajorAxis	None	None	ReadSafe	cap=UI
UITableLayout	Padding	Property	UDim2	None	None	ReadSafe	cap=UI
UITextSizeConstraint	MaxTextSize	Property	int	None	None	ReadSafe	cap=UI
UITextSizeConstraint	MinTextSize	Property	int	None	None	ReadSafe	cap=UI
UniqueIdLookupService	GetInstanceByRfc4122String	Function	(id: string) -> Instance	RobloxScriptSecurity	RobloxScriptSecurity	Unsafe	
UniqueIdLookupService	GetOrCreateUniqueId	Function	(instance: Instance) -> string	RobloxScriptSecurity	RobloxScriptSecurity	Unsafe	
UniqueIdLookupService	GetOrCreateUniqueIdRemoteCommand	Function	(instance: Instance) -> string	None	None	Unsafe	cap=RemoteCommand
UniversalConstraint	LimitsEnabled	Property	bool	None	None	ReadSafe	sim,cap=Physics
UniversalConstraint	MaxAngle	Property	float	None	None	ReadSafe	sim,cap=Physics
UniversalConstraint	Radius	Property	float	None	None	ReadSafe	sim,cap=Physics
UniversalConstraint	Restitution	Property	float	None	None	ReadSafe	sim,cap=Physics
UnreliableRemoteEvent	FireAllClients	Function	(arguments: Tuple) -> ()	None	None	Unsafe	cap=RemoteEvent
UnreliableRemoteEvent	FireClient	Function	(player: Player, arguments: Tuple) -> ()	None	None	Unsafe	cap=RemoteEvent
UnreliableRemoteEvent	FireServer	Function	(arguments: Tuple) -> ()	None	None	Unsafe	cap=RemoteEvent
UnreliableRemoteEvent	OnClientEvent	Event	(arguments: Tuple)	None	None	Unsafe	cap=RemoteEvent
UnreliableRemoteEvent	OnRemoteServerEvent	Event	(arguments: Tuple)	RobloxSecurity	RobloxSecurity	Unsafe	hidden,cap=RemoteEvent
UnreliableRemoteEvent	OnServerEvent	Event	(player: Player, arguments: Tuple)	None	None	Unsafe	cap=RemoteEvent
UnvalidatedAssetService	AppendTempAssetId	Function	(userId: int64, id: int64, lookAt: Vector3, camPos: Vector3, usage: string) -> ()	RobloxScriptSecurity	RobloxScriptSecurity	Unsafe	
UnvalidatedAssetService	AppendVantagePoint	Function	(userId: int64, id: int64, lookAt: Vector3, camPos: Vector3) -> bool	RobloxScriptSecurity	RobloxScriptSecurity	Unsafe	
UnvalidatedAssetService	CachedData	Property	string	RobloxSecurity	RobloxSecurity	ReadSafe	hidden,notscriptable
UnvalidatedAssetService	UpgradeTempAssetId	Function	(userId: int64, tempId: int64, assetId: int64) -> bool	RobloxScriptSecurity	RobloxScriptSecurity	Unsafe	
UserGameSettings	AllTutorialsDisabled	Property	bool	RobloxScriptSecurity	RobloxScriptSecurity	ReadSafe	
UserGameSettings	BadgeVisible	Property	bool	RobloxScriptSecurity	RobloxScriptSecurity	ReadSafe	
UserGameSettings	CameraMode	Property	CustomCameraMode	RobloxScriptSecurity	RobloxScriptSecurity	ReadSafe	
UserGameSettings	CameraYInverted	Property	bool	RobloxScriptSecurity	RobloxScriptSecurity	ReadSafe	hidden,notreplicated
UserGameSettings	ChatTranslationEnabled	Property	bool	RobloxScriptSecurity	RobloxScriptSecurity	ReadSafe	hidden,notreplicated
UserGameSettings	ChatTranslationFTUXShown	Property	bool	RobloxScriptSecurity	RobloxScriptSecurity	ReadSafe	hidden,notreplicated
UserGameSettings	ChatTranslationLocale	Property	string	RobloxScriptSecurity	RobloxScriptSecurity	ReadSafe	hidden,notreplicated
UserGameSettings	ChatTranslationToggleEnabled	Property	bool	RobloxScriptSecurity	RobloxScriptSecurity	ReadSafe	hidden,notreplicated
UserGameSettings	ChatVisible	Property	bool	RobloxScriptSecurity	RobloxScriptSecurity	ReadSafe	
UserGameSettings	CompletedTutorials	Property	string	RobloxScriptSecurity	RobloxScriptSecurity	ReadSafe	hidden,notscriptable
UserGameSettings	ComputerCameraMovementChanged	Property	bool	RobloxSecurity	RobloxSecurity	ReadSafe	hidden,notreplicated,notscriptable
UserGameSettings	ComputerCameraMovementMode	Property	ComputerCameraMovementMode	None	None	ReadSafe	cap=Input
UserGameSettings	ComputerMovementChanged	Property	bool	RobloxSecurity	RobloxSecurity	ReadSafe	hidden,notreplicated,notscriptable
UserGameSettings	ComputerMovementMode	Property	ComputerMovementMode	None	None	ReadSafe	cap=Input
UserGameSettings	ControlMode	Property	ControlMode	None	None	ReadSafe	cap=Input
UserGameSettings	DefaultCameraID	Property	string	RobloxScriptSecurity	RobloxScriptSecurity	ReadSafe	hidden,notreplicated
UserGameSettings	FramerateCap	Property	int	RobloxScriptSecurity	RobloxScriptSecurity	ReadSafe	hidden,notreplicated
UserGameSettings	Fullscreen	Property	bool	RobloxScriptSecurity	RobloxScriptSecurity	ReadSafe	
UserGameSettings	FullscreenChanged	Event	(isFullscreen: bool)	None	None	Unsafe	
UserGameSettings	GamepadCameraSensitivity	Property	float	None	None	ReadSafe	cap=Input
UserGameSettings	GetCameraYInvertValue	Function	() -> int	None	None	Unsafe	cap=Input
UserGameSettings	GetDefaultFramerateCap	Function	() -> int	RobloxScriptSecurity	RobloxScriptSecurity	Unsafe	
UserGameSettings	GetOnboardingCompleted	Function	(onboardingId: string) -> bool	None	None	Unsafe	cap=Players
UserGameSettings	GetTutorialState	Function	(tutorialId: string) -> bool	RobloxScriptSecurity	RobloxScriptSecurity	Unsafe	
UserGameSettings	GraphicsOptimizationMode	Property	GraphicsOptimizationMode	RobloxScriptSecurity	RobloxScriptSecurity	ReadSafe	
UserGameSettings	GraphicsQualityLevel	Property	int	RobloxScriptSecurity	RobloxScriptSecurity	ReadSafe	
UserGameSettings	HapticStrength	Property	float	RobloxScriptSecurity	RobloxScriptSecurity	ReadSafe	hidden,notreplicated
UserGameSettings	HasEverUsedVR	Property	bool	RobloxScriptSecurity	RobloxScriptSecurity	ReadSafe	
UserGameSettings	InFullScreen	Function	() -> bool	None	None	Unsafe	cap=Players
UserGameSettings	InStudioMode	Function	() -> bool	None	None	Unsafe	cap=Players
UserGameSettings	IsUsingCameraYInverted	Property	bool	RobloxScriptSecurity	RobloxScriptSecurity	ReadSafe	hidden,readonly,notreplicated
UserGameSettings	IsUsingGamepadCameraSensitivity	Property	bool	RobloxScriptSecurity	RobloxScriptSecurity	ReadSafe	hidden,readonly,notreplicated
UserGameSettings	MasterVolume	Property	float	RobloxScriptSecurity	RobloxScriptSecurity	ReadSafe	
UserGameSettings	MasterVolumeStudio	Property	float	RobloxScriptSecurity	RobloxScriptSecurity	ReadSafe	
UserGameSettings	MaxQualityEnabled	Property	bool	RobloxScriptSecurity	RobloxScriptSecurity	ReadSafe	
UserGameSettings	MicroProfilerWebServerEnabled	Property	bool	RobloxScriptSecurity	RobloxScriptSecurity	ReadSafe	hidden
UserGameSettings	MicroProfilerWebServerIP	Property	string	RobloxScriptSecurity	RobloxScriptSecurity	ReadSafe	hidden,readonly,notreplicated
UserGameSettings	MicroProfilerWebServerPort	Property	int	RobloxScriptSecurity	RobloxScriptSecurity	ReadSafe	hidden,readonly,notreplicated
UserGameSettings	MouseSensitivity	Property	float	None	None	ReadSafe	cap=Input
UserGameSettings	MouseSensitivityFirstPerson	Property	Vector2	RobloxScriptSecurity	RobloxScriptSecurity	ReadSafe	hidden,notreplicated
UserGameSettings	MouseSensitivityThirdPerson	Property	Vector2	RobloxScriptSecurity	RobloxScriptSecurity	ReadSafe	hidden,notreplicated
UserGameSettings	OnScreenProfilerEnabled	Property	bool	RobloxScriptSecurity	RobloxScriptSecurity	ReadSafe	hidden
UserGameSettings	OnboardingsCompleted	Property	string	RobloxScriptSecurity	RobloxScriptSecurity	ReadSafe	
UserGameSettings	PartyVoiceVolume	Property	float	RobloxScriptSecurity	RobloxScriptSecurity	ReadSafe	
UserGameSettings	PeoplePageLayout	Property	PeoplePageLayout	RobloxScriptSecurity	RobloxScriptSecurity	ReadSafe	
UserGameSettings	PerformanceStatsVisible	Property	bool	RobloxScriptSecurity	RobloxScriptSecurity	ReadSafe	hidden
UserGameSettings	PerformanceStatsVisibleChanged	Event	(isPerformanceStatsVisible: bool)	RobloxScriptSecurity	RobloxScriptSecurity	Unsafe	
UserGameSettings	PlayerHeight	Property	float	RobloxScriptSecurity	RobloxScriptSecurity	ReadSafe	hidden,notreplicated
UserGameSettings	PlayerListVisible	Property	bool	RobloxScriptSecurity	RobloxScriptSecurity	ReadSafe	
UserGameSettings	PlayerNamesEnabled	Property	bool	RobloxScriptSecurity	RobloxScriptSecurity	ReadSafe	
UserGameSettings	PreferredTextSize	Property	PreferredTextSize	RobloxScriptSecurity	RobloxScriptSecurity	ReadSafe	hidden,notreplicated
UserGameSettings	PreferredTransparency	Property	float	RobloxScriptSecurity	RobloxScriptSecurity	ReadSafe	hidden,notreplicated
UserGameSettings	QualityResetLevel	Property	int	RobloxScriptSecurity	RobloxScriptSecurity	ReadSafe	hidden
UserGameSettings	RCCProfilerRecordFrameRate	Property	int	None	None	ReadSafe	
UserGameSettings	RCCProfilerRecordTimeFrame	Property	int	None	None	ReadSafe	
UserGameSettings	ReadAloud	Property	bool	RobloxScriptSecurity	RobloxScriptSecurity	ReadSafe	hidden,notreplicated
UserGameSettings	ReducedMotion	Property	bool	RobloxScriptSecurity	RobloxScriptSecurity	ReadSafe	hidden,notreplicated
UserGameSettings	ResetOnboardingCompleted	Function	(onboardingId: string) -> ()	RobloxScriptSecurity	RobloxScriptSecurity	Unsafe	
UserGameSettings	RotationType	Property	RotationType	None	None	ReadSafe	cap=Input
UserGameSettings	SavedQualityLevel	Property	SavedQualitySetting	None	None	ReadSafe	cap=Players
UserGameSettings	SetCameraYInvertVisible	Function	() -> ()	None	None	Unsafe	cap=Input
UserGameSettings	SetGamepadCameraSensitivityVisible	Function	() -> ()	None	None	Unsafe	cap=Input
UserGameSettings	SetOnboardingCompleted	Function	(onboardingId: string) -> ()	None	None	Unsafe	cap=Players
UserGameSettings	SetTutorialState	Function	(tutorialId: string, value: bool) -> ()	RobloxScriptSecurity	RobloxScriptSecurity	Unsafe	
UserGameSettings	StartMaximized	Property	bool	RobloxScriptSecurity	RobloxScriptSecurity	ReadSafe	notreplicated,notscriptable
UserGameSettings	StartScreenPosition	Property	Vector2	RobloxScriptSecurity	RobloxScriptSecurity	ReadSafe	notreplicated,notscriptable
UserGameSettings	StartScreenSize	Property	Vector2	RobloxScriptSecurity	RobloxScriptSecurity	ReadSafe	notreplicated,notscriptable
UserGameSettings	StudioModeChanged	Event	(isStudioMode: bool)	None	None	Unsafe	
UserGameSettings	StudioPreferredTextSize	Property	PreferredTextSize	RobloxScriptSecurity	RobloxScriptSecurity	ReadSafe	hidden,notreplicated
UserGameSettings	TouchCameraMovementChanged	Property	bool	RobloxSecurity	RobloxSecurity	ReadSafe	hidden,notreplicated,notscriptable
UserGameSettings	TouchCameraMovementMode	Property	TouchCameraMovementMode	None	None	ReadSafe	cap=Input
UserGameSettings	TouchMovementChanged	Property	bool	RobloxSecurity	RobloxSecurity	ReadSafe	hidden,notreplicated,notscriptable
UserGameSettings	TouchMovementMode	Property	TouchMovementMode	None	None	ReadSafe	cap=Input
UserGameSettings	UIScaleMultiplierHundredths	Property	int	RobloxScriptSecurity	RobloxScriptSecurity	ReadSafe	hidden,notreplicated
UserGameSettings	UiNavigationKeyBindEnabled	Property	bool	RobloxScriptSecurity	RobloxScriptSecurity	ReadSafe	hidden,notreplicated
UserGameSettings	UsedCoreGuiIsVisibleToggle	Property	bool	RobloxScriptSecurity	RobloxScriptSecurity	ReadSafe	
UserGameSettings	UsedCustomGuiIsVisibleToggle	Property	bool	RobloxScriptSecurity	RobloxScriptSecurity	ReadSafe	
UserGameSettings	UsedHideHudShortcut	Property	bool	RobloxScriptSecurity	RobloxScriptSecurity	ReadSafe	
UserGameSettings	VRComfortSetting	Property	VRComfortSetting	RobloxScriptSecurity	RobloxScriptSecurity	ReadSafe	hidden,notreplicated
UserGameSettings	VREnabled	Property	bool	RobloxScriptSecurity	RobloxScriptSecurity	ReadSafe	
UserGameSettings	VRRotationIntensity	Property	int	RobloxScriptSecurity	RobloxScriptSecurity	ReadSafe	
UserGameSettings	VRSafetyBubbleMode	Property	VRSafetyBubbleMode	RobloxScriptSecurity	RobloxScriptSecurity	ReadSafe	hidden,notreplicated
UserGameSettings	VRSmoothRotationEnabled	Property	bool	None	RobloxScriptSecurity	ReadSafe	
UserGameSettings	VRSmoothRotationEnabledCustomOption	Property	bool	RobloxScriptSecurity	RobloxScriptSecurity	ReadSafe	hidden,notreplicated
UserGameSettings	VRThirdPersonFollowCamEnabled	Property	bool	RobloxScriptSecurity	RobloxScriptSecurity	ReadSafe	hidden,notreplicated
UserGameSettings	VRThirdPersonFollowCamEnabledCustomOption	Property	bool	RobloxScriptSecurity	RobloxScriptSecurity	ReadSafe	hidden,notreplicated
UserGameSettings	VignetteEnabled	Property	bool	None	RobloxScriptSecurity	ReadSafe	
UserGameSettings	VignetteEnabledCustomOption	Property	bool	RobloxScriptSecurity	RobloxScriptSecurity	ReadSafe	hidden,notreplicated
UserGameSettings	VoiceChatVolume	Property	float	RobloxScriptSecurity	RobloxScriptSecurity	ReadSafe	
UserGameSettings	gaID	Property	string	RobloxScriptSecurity	RobloxScriptSecurity	ReadSafe	hidden,notreplicated,notscriptable
UserInputService	AccelerometerEnabled	Property	bool	None	None	ReadSafe	readonly,notreplicated,cap=Input
UserInputService	BottomBarSize	Property	Vector2	RobloxScriptSecurity	RobloxScriptSecurity	ReadSafe	hidden,readonly,notreplicated,cap=Input
UserInputService	CreateVirtualInput	Function	() -> Object	None	None	Unsafe	cap=Input
UserInputService	DeviceAccelerationChanged	Event	(acceleration: InputObject)	None	None	Unsafe	cap=Input
UserInputService	DeviceGravityChanged	Event	(gravity: InputObject)	None	None	Unsafe	cap=Input
UserInputService	DeviceRotationChanged	Event	(rotation: InputObject, cframe: CFrame)	None	None	Unsafe	cap=Input
UserInputService	GamepadConnected	Event	(gamepadNum: UserInputType)	None	None	Unsafe	cap=Input
UserInputService	GamepadDisconnected	Event	(gamepadNum: UserInputType)	None	None	Unsafe	cap=Input
UserInputService	GamepadEnabled	Property	bool	None	None	ReadSafe	readonly,notreplicated,cap=Input
UserInputService	GamepadSupports	Function	(gamepadNum: UserInputType, gamepadKeyCode: KeyCode) -> bool	None	None	Unsafe	cap=Input
UserInputService	GetConnectedGamepads	Function	() -> Array	None	None	Unsafe	cap=Input
UserInputService	GetDeviceAcceleration	Function	() -> InputObject	None	None	Unsafe	cap=Input
UserInputService	GetDeviceGravity	Function	() -> InputObject	None	None	Unsafe	cap=Input
UserInputService	GetDeviceLevel	Function	() -> DeviceLevel	RobloxScriptSecurity	RobloxScriptSecurity	Unsafe	cap=Input
UserInputService	GetDeviceRotation	Function	() -> Tuple	None	None	Unsafe	cap=Input
UserInputService	GetDeviceType	Function	() -> DeviceType	RobloxScriptSecurity	RobloxScriptSecurity	Unsafe	cap=Input
UserInputService	GetFocusedTextBox	Function	() -> TextBox	None	None	Unsafe	cap=Input
UserInputService	GetGamepadConnected	Function	(gamepadNum: UserInputType) -> bool	None	None	Unsafe	cap=Input
UserInputService	GetGamepadState	Function	(gamepadNum: UserInputType) -> Instances	None	None	Unsafe	cap=Input
UserInputService	GetImageForKeyCode	Function	(keyCode: KeyCode) -> ContentId	None	None	Unsafe	cap=Input
UserInputService	GetKeysPressed	Function	() -> Instances	None	None	Unsafe	cap=Input
UserInputService	GetLastInputType	Function	() -> UserInputType	None	None	Unsafe	cap=Input
UserInputService	GetMouseButtonsPressed	Function	() -> Instances	None	None	Unsafe	cap=Input
UserInputService	GetMouseDelta	Function	() -> Vector2	None	None	Unsafe	cap=Input
UserInputService	GetMouseLocation	Function	() -> Vector2	None	None	Unsafe	cap=Input
UserInputService	GetNavigationGamepads	Function	() -> Array	None	None	Unsafe	cap=Input
UserInputService	GetPasteText	Function	() -> string	RobloxScriptSecurity	RobloxScriptSecurity	Unsafe	cap=Input
UserInputService	GetPlatform	Function	() -> Platform	RobloxScriptSecurity	RobloxScriptSecurity	Unsafe	cap=Input
UserInputService	GetStringForKeyCode	Function	(keyCode: KeyCode, format: KeyCodeStringFormat = Default) -> string	None	None	Unsafe	cap=Input
UserInputService	GetSupportedGamepadKeyCodes	Function	(gamepadNum: UserInputType) -> Array	None	None	Unsafe	cap=Input
UserInputService	GetUserCFrame	Function	(type: UserCFrame) -> CFrame	None	None	Unsafe	deprecated,prefer=GetUserCFrame,cap=Input
UserInputService	GyroscopeEnabled	Property	bool	None	None	ReadSafe	readonly,notreplicated,cap=Input
UserInputService	InputBegan	Event	(input: InputObject, gameProcessedEvent: bool)	None	None	Unsafe	cap=Input
UserInputService	InputChanged	Event	(input: InputObject, gameProcessedEvent: bool)	None	None	Unsafe	cap=Input
UserInputService	InputEnded	Event	(input: InputObject, gameProcessedEvent: bool)	None	None	Unsafe	cap=Input
UserInputService	IsGamepadButtonDown	Function	(gamepadNum: UserInputType, gamepadKeyCode: KeyCode) -> bool	None	None	Unsafe	cap=Input
UserInputService	IsKeyDown	Function	(keyCode: KeyCode) -> bool	None	None	Unsafe	cap=Input
UserInputService	IsMouseButtonPressed	Function	(mouseButton: UserInputType) -> bool	None	None	Unsafe	cap=Input
UserInputService	IsNavigationGamepad	Function	(gamepadEnum: UserInputType) -> bool	None	None	Unsafe	cap=Input
UserInputService	JumpRequest	Event	()	None	None	Unsafe	cap=Input
UserInputService	KeyboardEnabled	Property	bool	None	None	ReadSafe	readonly,notreplicated,cap=Input
UserInputService	LastInputTypeChanged	Event	(lastInputType: UserInputType)	None	None	Unsafe	cap=Input
UserInputService	LegacyInputEventsEnabled	Property	bool	RobloxScriptSecurity	RobloxScriptSecurity	ReadSafe	hidden,deprecated,cap=Input
UserInputService	ModalEnabled	Property	bool	None	None	ReadSafe	deprecated,prefer=TouchControlsEnabled,cap=Input
UserInputService	MouseBehavior	Property	MouseBehavior	None	None	ReadSafe	cap=Input
UserInputService	MouseDeltaSensitivity	Property	float	None	None	ReadSafe	notreplicated,cap=Input
UserInputService	MouseEnabled	Property	bool	None	None	ReadSafe	readonly,notreplicated,cap=Input
UserInputService	MouseIcon	Property	ContentId	None	None	ReadSafe	cap=Input
UserInputService	MouseIconContent	Property	Content	None	None	ReadSafe	cap=Input
UserInputService	MouseIconEnabled	Property	bool	None	None	ReadSafe	cap=Input
UserInputService	NavBarSize	Property	Vector2	RobloxScriptSecurity	RobloxScriptSecurity	ReadSafe	hidden,readonly,notreplicated,cap=Input
UserInputService	OnScreenKeyboardAnimationDuration	Property	double	RobloxScriptSecurity	RobloxScriptSecurity	ReadSafe	hidden,readonly,notreplicated,cap=Input
UserInputService	OnScreenKeyboardPosition	Property	Vector2	None	None	ReadSafe	readonly,notreplicated,cap=Input
UserInputService	OnScreenKeyboardSize	Property	Vector2	None	None	ReadSafe	readonly,notreplicated,cap=Input
UserInputService	OnScreenKeyboardVisible	Property	bool	None	None	ReadSafe	readonly,notreplicated,cap=Input
UserInputService	OverrideMouseIconBehavior	Property	OverrideMouseIconBehavior	RobloxScriptSecurity	RobloxScriptSecurity	ReadSafe	hidden,cap=Input
UserInputService	PointerAction	Event	(wheel: float, pan: Vector2, pinch: float, gameProcessedEvent: bool)	None	None	Unsafe	cap=Input
UserInputService	PreferredInput	Property	PreferredInput	None	None	ReadSafe	readonly,notreplicated,cap=Input
UserInputService	RecenterUserHeadCFrame	Function	() -> ()	None	None	Unsafe	cap=Input
UserInputService	RightBarSize	Property	Vector2	RobloxScriptSecurity	RobloxScriptSecurity	ReadSafe	hidden,readonly,notreplicated,cap=Input
UserInputService	SendAppUISizes	Function	(statusBarSize: Vector2, navBarSize: Vector2, bottomBarSize: Vector2, rightBarSize: Vector2) -> ()	RobloxScriptSecurity	RobloxScriptSecurity	Unsafe	cap=Input
UserInputService	SetNavigationGamepad	Function	(gamepadEnum: UserInputType, enabled: bool) -> ()	None	None	Unsafe	cap=Input
UserInputService	StatusBarSize	Property	Vector2	RobloxScriptSecurity	RobloxScriptSecurity	ReadSafe	hidden,readonly,notreplicated,cap=Input
UserInputService	StatusBarTapped	Event	(position: Vector2)	RobloxScriptSecurity	RobloxScriptSecurity	Unsafe	cap=Input
UserInputService	TextBoxFocusReleased	Event	(textboxReleased: TextBox)	None	None	Unsafe	cap=Input
UserInputService	TextBoxFocused	Event	(textboxFocused: TextBox)	None	None	Unsafe	cap=Input
UserInputService	TouchDrag	Event	(dragDirection: SwipeDirection, numberOfTouches: int, gameProcessedEvent: bool)	None	None	Unsafe	cap=Input
UserInputService	TouchEnabled	Property	bool	None	None	ReadSafe	readonly,notreplicated,cap=Input
UserInputService	TouchEnded	Event	(touch: InputObject, gameProcessedEvent: bool)	None	None	Unsafe	cap=Input
UserInputService	TouchLongPress	Event	(touchPositions: Array, state: UserInputState, gameProcessedEvent: bool)	None	None	Unsafe	cap=Input
UserInputService	TouchMoved	Event	(touch: InputObject, gameProcessedEvent: bool)	None	None	Unsafe	cap=Input
UserInputService	TouchPan	Event	(touchPositions: Array, totalTranslation: Vector2, velocity: Vector2, state: UserInputState, gameProcessedEvent: bool)	None	None	Unsafe	cap=Input
UserInputService	TouchPinch	Event	(touchPositions: Array, scale: float, velocity: float, state: UserInputState, gameProcessedEvent: bool)	None	None	Unsafe	cap=Input
UserInputService	TouchRotate	Event	(touchPositions: Array, rotation: float, velocity: float, state: UserInputState, gameProcessedEvent: bool)	None	None	Unsafe	cap=Input
UserInputService	TouchScreenEnabled	Property	bool	RobloxScriptSecurity	RobloxScriptSecurity	ReadSafe	readonly,notreplicated,cap=Input
UserInputService	TouchStarted	Event	(touch: InputObject, gameProcessedEvent: bool)	None	None	Unsafe	cap=Input
UserInputService	TouchSwipe	Event	(swipeDirection: SwipeDirection, numberOfTouches: int, gameProcessedEvent: bool)	None	None	Unsafe	cap=Input
UserInputService	TouchTap	Event	(touchPositions: Array, gameProcessedEvent: bool)	None	None	Unsafe	cap=Input
UserInputService	TouchTapInWorld	Event	(position: Vector2, processedByUI: bool)	None	None	Unsafe	cap=Input
UserInputService	UserCFrameChanged	Event	(type: UserCFrame, value: CFrame)	None	None	Unsafe	deprecated,prefer=UserCFrameChanged,cap=Input
UserInputService	UserHeadCFrame	Property	CFrame	None	None	ReadSafe	readonly,notreplicated,deprecated,cap=Input
UserInputService	VREnabled	Property	bool	None	None	ReadSafe	readonly,notreplicated,cap=Input
UserInputService	WindowFocusReleased	Event	()	None	None	Unsafe	cap=Input
UserInputService	WindowFocused	Event	()	None	None	Unsafe	cap=Input
UserService	GetUserFromGlobalUserIdAsync	Function	(userId: int64) -> User	None	None	Unsafe	yields,cap=Basic
UserService	GetUserInfosByUserIdsAsync	Function	(userIds: Array) -> Array	None	None	Unsafe	yields,cap=Basic
UserSettings	IsUserFeatureEnabled	Function	(name: string) -> bool	None	None	Unsafe	cap=Players
UserSettings	Reset	Function	() -> ()	None	None	Unsafe	cap=Players
UserSettings	SaveState	Function	() -> ()	RobloxScriptSecurity	RobloxScriptSecurity	Unsafe	cap=Players
VRService	AutomaticScaling	Property	VRScaling	None	None	ReadSafe	cap=Input
VRService	AvatarGestures	Property	bool	None	None	ReadSafe	cap=Input
VRService	ControllerModels	Property	VRControllerModelMode	None	None	ReadSafe	cap=Input
VRService	DidPointerHit	Property	bool	RobloxScriptSecurity	RobloxScriptSecurity	ReadSafe	hidden,readonly,notreplicated,cap=Input
VRService	FadeOutViewOnCollision	Property	bool	None	None	ReadSafe	cap=Input
VRService	GetTouchpadMode	Function	(pad: VRTouchpad) -> VRTouchpadMode	None	None	Unsafe	cap=Input
VRService	GetUserCFrame	Function	(type: UserCFrame) -> CFrame	None	None	Unsafe	cap=Input
VRService	GetUserCFrameEnabled	Function	(type: UserCFrame) -> bool	None	None	Unsafe	cap=Input
VRService	GuiInputUserCFrame	Property	UserCFrame	None	None	ReadSafe	notreplicated,cap=Input
VRService	IsMaquettes	Function	() -> bool	RobloxScriptSecurity	RobloxScriptSecurity	Unsafe	cap=Input
VRService	IsVRAppBuild	Function	() -> bool	RobloxScriptSecurity	RobloxScriptSecurity	Unsafe	cap=Input
VRService	LaserDistance	Property	float	RobloxScriptSecurity	RobloxScriptSecurity	ReadSafe	hidden,readonly,notreplicated,cap=Input
VRService	LaserPointer	Property	VRLaserPointerMode	None	None	ReadSafe	cap=Input
VRService	LaserPointerTriggered	Event	(input: InputObject)	RobloxScriptSecurity	RobloxScriptSecurity	Unsafe	cap=Input
VRService	NavigationRequested	Event	(cframe: CFrame, inputUserCFrame: UserCFrame)	None	None	Unsafe	cap=Input
VRService	PointerHitCFrame	Property	CFrame	RobloxScriptSecurity	RobloxScriptSecurity	ReadSafe	hidden,readonly,notreplicated,cap=Input
VRService	QuestASWState	Property	bool	RobloxScriptSecurity	RobloxScriptSecurity	ReadSafe	hidden,notreplicated,cap=Input
VRService	QuestDisplayRefreshRate	Property	float	RobloxScriptSecurity	RobloxScriptSecurity	ReadSafe	hidden,notreplicated,cap=Input
VRService	RecenterUserHeadCFrame	Function	() -> ()	None	None	Unsafe	cap=Input
VRService	RequestNavigation	Function	(cframe: CFrame, inputUserCFrame: UserCFrame) -> ()	None	None	Unsafe	cap=Input
VRService	SetTouchpadMode	Function	(pad: VRTouchpad, mode: VRTouchpadMode) -> ()	None	None	Unsafe	cap=Input
VRService	ThirdPersonFollowCamEnabled	Property	bool	None	None	ReadSafe	readonly,notreplicated,cap=Input
VRService	TouchpadModeChanged	Event	(pad: VRTouchpad, mode: VRTouchpadMode)	None	None	Unsafe	cap=Input
VRService	UserCFrameChanged	Event	(type: UserCFrame, value: CFrame)	None	None	Unsafe	cap=Input
VRService	UserCFrameEnabled	Event	(type: UserCFrame, enabled: bool)	None	None	Unsafe	cap=Input
VRService	VRDeviceAvailable	Property	bool	RobloxScriptSecurity	RobloxScriptSecurity	ReadSafe	hidden,readonly,notreplicated,cap=Input
VRService	VRDeviceName	Property	string	RobloxScriptSecurity	RobloxScriptSecurity	ReadSafe	hidden,readonly,notreplicated,cap=Input
VRService	VREnabled	Property	bool	None	None	ReadSafe	readonly,notreplicated,cap=Input
VRService	VRSessionState	Property	VRSessionState	RobloxScriptSecurity	RobloxScriptSecurity	ReadSafe	hidden,readonly,notreplicated,cap=Input
ValueCurve	GetKeyAtIndex	Function	(index: int) -> ValueCurveKey	None	None	Unsafe	cap=Basic
ValueCurve	GetKeyIndicesAtTime	Function	(time: float) -> Array	None	None	Unsafe	cap=Basic
ValueCurve	GetKeys	Function	() -> Array	None	None	Unsafe	cap=Basic
ValueCurve	GetValueAtTime	Function	(time: float) -> Variant?	None	None	Unsafe	cap=Basic
ValueCurve	InsertKey	Function	(key: ValueCurveKey) -> Array	None	None	Unsafe	cap=Basic
ValueCurve	InsertKeyValue	Function	(time: float, value: Variant, keyInterpolationMode: KeyInterpolationMode = Constant) -> Array	None	None	Unsafe	cap=Basic
ValueCurve	Length	Property	int	None	None	ReadSafe	readonly,notreplicated,cap=Basic
ValueCurve	RemoveKeyAtIndex	Function	(startingIndex: int, count: int = 1) -> int	None	None	Unsafe	cap=Basic
ValueCurve	SetKeys	Function	(keys: Array) -> int	None	None	Unsafe	cap=Basic
ValueCurve	ValueType	Property	string	None	None	ReadSafe	readonly,notreplicated,cap=Basic
ValueCurve	ValuesAndTimes	Property	BinaryString	None	None	ReadSafe	hidden,notscriptable,cap=Basic
Vector3Curve	GetValueAtTime	Function	(time: float) -> Array	None	None	Unsafe	cap=Basic
Vector3Curve	X	Function	() -> FloatCurve	None	None	Unsafe	cap=Basic
Vector3Curve	Y	Function	() -> FloatCurve	None	None	Unsafe	cap=Basic
Vector3Curve	Z	Function	() -> FloatCurve	None	None	Unsafe	cap=Basic
Vector3Value	Changed	Event	(value: Vector3)	None	None	Unsafe	
Vector3Value	Value	Property	Vector3	None	None	ReadSafe	sim
Vector3Value	changed	Event	(value: Vector3)	None	None	Unsafe	deprecated,prefer=Changed
VectorForce	ApplyAtCenterOfMass	Property	bool	None	None	ReadSafe	sim,cap=Physics
VectorForce	Force	Property	Vector3	None	None	ReadSafe	sim,cap=Physics
VectorForce	RelativeTo	Property	ActuatorRelativeTo	None	None	ReadSafe	sim,cap=Physics
VehicleSeat	AreHingesDetected	Property	int	None	None	ReadSafe	readonly,notreplicated,cap=AvatarBehavior|Basic
VehicleSeat	Disabled	Property	bool	None	None	ReadSafe	sim,cap=AvatarBehavior|Basic
VehicleSeat	HeadsUpDisplay	Property	bool	None	None	ReadSafe	cap=AvatarBehavior|Basic
VehicleSeat	MaxSpeed	Property	float	None	None	ReadSafe	sim,cap=AvatarBehavior|Basic
VehicleSeat	Occupant	Property	Humanoid	None	None	ReadSafe	readonly,notreplicated,sim,cap=AvatarBehavior|Basic
VehicleSeat	RemoteCreateSeatWeld	Event	(humanoid: Instance)	None	None	Unsafe	hidden,cap=Basic|AvatarBehavior
VehicleSeat	RemoteDestroySeatWeld	Event	()	None	None	Unsafe	hidden,cap=Basic|AvatarBehavior
VehicleSeat	Sit	Function	(humanoid: Instance) -> ()	None	None	Unsafe	cap=Basic|AvatarBehavior
VehicleSeat	Steer	Property	int	None	None	ReadSafe	notreplicated,sim,cap=AvatarBehavior|Basic
VehicleSeat	SteerFloat	Property	float	None	None	ReadSafe	sim,cap=AvatarBehavior|Basic
VehicleSeat	Throttle	Property	int	None	None	ReadSafe	notreplicated,sim,cap=AvatarBehavior|Basic
VehicleSeat	ThrottleFloat	Property	float	None	None	ReadSafe	sim,cap=AvatarBehavior|Basic
VehicleSeat	Torque	Property	float	None	None	ReadSafe	sim,cap=AvatarBehavior|Basic
VehicleSeat	TurnSpeed	Property	float	None	None	ReadSafe	sim,cap=AvatarBehavior|Basic
VelocityMotor	CurrentAngle	Property	float	None	None	ReadSafe	cap=Physics
VelocityMotor	DesiredAngle	Property	float	None	None	ReadSafe	cap=Physics
VelocityMotor	Hole	Property	Hole	None	None	ReadSafe	cap=Physics
VelocityMotor	MaxVelocity	Property	float	None	None	ReadSafe	cap=Physics
VersionControlService	BroadcastScriptChangesSubmitted	Event	(scriptGuid: string)	RobloxSecurity	RobloxSecurity	Unsafe	hidden
VersionControlService	CommitRejectedInfo	Event	(reason: int)	LocalUserSecurity	LocalUserSecurity	Unsafe	hidden
VersionControlService	LockedScriptBatchCommit	Event	(scriptGuidTuple: Tuple, scriptTextTuple: Tuple, commitMessage: string)	LocalUserSecurity	LocalUserSecurity	Unsafe	hidden
VersionControlService	RequestAllEditorsSignal	Event	()	LocalUserSecurity	LocalUserSecurity	Unsafe	hidden
VersionControlService	ScriptBatchCommit	Event	(scriptGuidTuple: Tuple, scriptHashBaseTuple: Tuple, scriptTextTuple: Tuple, commitMessage: string)	LocalUserSecurity	LocalUserSecurity	Unsafe	hidden
VersionControlService	ScriptChangesSubmitted	Event	(scriptGuid: string, submitted: bool)	LocalUserSecurity	LocalUserSecurity	Unsafe	hidden
VersionControlService	ScriptCollabEnabled	Property	bool	RobloxScriptSecurity	RobloxScriptSecurity	ReadSafe	hidden
VersionControlService	ScriptCollabVersionHistoryEnabled	Property	bool	RobloxSecurity	RobloxSecurity	ReadSafe	hidden,notscriptable
VersionControlService	ScriptEditorAdded	Event	(scriptGuid: string, editor: Instance)	LocalUserSecurity	LocalUserSecurity	Unsafe	hidden
VersionControlService	ScriptEditorRemoved	Event	(scriptGuid: string, editor: Instance)	LocalUserSecurity	LocalUserSecurity	Unsafe	hidden
VersionControlService	ScriptStartEdit	Event	(scriptGuid: string)	LocalUserSecurity	LocalUserSecurity	Unsafe	hidden
VersionControlService	ScriptStopEdit	Event	(scriptGuid: string)	LocalUserSecurity	LocalUserSecurity	Unsafe	hidden
VideoCapture	FilePath	Property	string	RobloxScriptSecurity	RobloxScriptSecurity	ReadSafe	readonly,notreplicated,cap=Capture
VideoCapture	TimeLength	Property	double	None	None	ReadSafe	readonly,notreplicated,cap=Capture
VideoCaptureService	Active	Property	bool	RobloxScriptSecurity	RobloxScriptSecurity	ReadSafe	hidden,notreplicated
VideoCaptureService	CameraID	Property	string	RobloxScriptSecurity	RobloxScriptSecurity	ReadSafe	hidden,notreplicated
VideoCaptureService	DevicesChanged	Event	()	RobloxScriptSecurity	RobloxScriptSecurity	Unsafe	
VideoCaptureService	Error	Event	(cameraid: string, errorcode: string)	RobloxScriptSecurity	RobloxScriptSecurity	Unsafe	
VideoCaptureService	GetCameraDevices	Function	() -> Map	RobloxScriptSecurity	RobloxScriptSecurity	Unsafe	
VideoCaptureService	Started	Event	(cameraid: string)	RobloxScriptSecurity	RobloxScriptSecurity	Unsafe	
VideoCaptureService	Stopped	Event	(cameraid: string)	RobloxScriptSecurity	RobloxScriptSecurity	Unsafe	
VideoDeviceInput	Active	Property	bool	None	None	ReadSafe	undocumented
VideoDeviceInput	CameraId	Property	string	None	None	ReadSafe	undocumented
VideoDeviceInput	CaptureQuality	Property	VideoDeviceCaptureQuality	None	None	ReadSafe	undocumented
VideoDeviceInput	IsReady	Property	bool	None	None	ReadSafe	readonly,notreplicated,undocumented
VideoDisplay	GetConnectedWires	Function	(pin: string) -> Instances	None	None	Unsafe	cap=UI
VideoDisplay	GetInputPins	Function	() -> Array	None	None	Unsafe	cap=UI
VideoDisplay	GetOutputPins	Function	() -> Array	None	None	Unsafe	cap=UI
VideoDisplay	ResampleMode	Property	ResamplerMode	None	None	ReadSafe	cap=UI
VideoDisplay	ScaleType	Property	ScaleType	None	None	ReadSafe	cap=UI
VideoDisplay	TileSize	Property	UDim2	None	None	ReadSafe	cap=UI
VideoDisplay	VideoColor3	Property	Color3	None	None	ReadSafe	cap=UI
VideoDisplay	VideoRectOffset	Property	Vector2	None	None	ReadSafe	cap=UI
VideoDisplay	VideoRectSize	Property	Vector2	None	None	ReadSafe	cap=UI
VideoDisplay	VideoTransparency	Property	float	None	None	ReadSafe	cap=UI
VideoDisplay	WiringChanged	Event	(connected: bool, pin: string, wire: Wire, instance: Instance)	None	None	Unsafe	cap=UI
VideoFrame	DidLoop	Event	(video: string)	None	None	Unsafe	cap=Audio|UI
VideoFrame	Ended	Event	(video: string)	None	None	Unsafe	cap=Audio|UI
VideoFrame	InternalVideoUsage	Property	InternalVideoUsage	None	None	ReadSafe	hidden,cap=Audio|InternalTest|UI
VideoFrame	IsLoaded	Property	bool	None	None	ReadSafe	readonly,notreplicated,cap=Audio|UI
VideoFrame	Loaded	Event	(video: string)	None	None	Unsafe	cap=Audio|UI
VideoFrame	Looped	Property	bool	None	None	ReadSafe	cap=Audio|UI
VideoFrame	MaximumResolution	Property	VideoSampleSize	None	None	ReadSafe	hidden,cap=Audio|InternalTest|UI
VideoFrame	Pause	Function	() -> ()	None	None	Unsafe	cap=Audio|UI
VideoFrame	Paused	Event	(video: string)	None	None	Unsafe	cap=Audio|UI
VideoFrame	Play	Function	() -> ()	None	None	Unsafe	cap=Audio|UI
VideoFrame	Played	Event	(video: string)	None	None	Unsafe	cap=Audio|UI
VideoFrame	Playing	Property	bool	None	None	ReadSafe	notreplicated,cap=Audio|UI
VideoFrame	PlayingReplicating	Property	bool	None	None	ReadSafe	hidden,notscriptable,cap=Audio|UI
VideoFrame	PlayingUpdatedFromServer	Event	(value: bool)	RobloxSecurity	RobloxSecurity	Unsafe	hidden,cap=Audio|UI
VideoFrame	Resolution	Property	Vector2	None	None	ReadSafe	readonly,notreplicated,cap=Audio|UI
VideoFrame	RollOffMaxDistance	Property	float	None	None	ReadSafe	cap=Audio|UI
VideoFrame	RollOffMinDistance	Property	float	None	None	ReadSafe	cap=Audio|UI
VideoFrame	RollOffMode	Property	RollOffMode	None	None	ReadSafe	cap=Audio|UI
VideoFrame	SetStudioPreview	Function	(isPreview: bool) -> ()	RobloxScriptSecurity	RobloxScriptSecurity	Unsafe	cap=Audio|UI
VideoFrame	TimeLength	Property	double	None	None	ReadSafe	readonly,notreplicated,cap=Audio|UI
VideoFrame	TimePosition	Property	double	None	None	ReadSafe	notreplicated,cap=Audio|UI
VideoFrame	TimePositionReplicating	Property	double	None	None	ReadSafe	hidden,notscriptable,cap=Audio|UI
VideoFrame	TimePositionUpdatedFromServer	Event	(value: double)	RobloxSecurity	RobloxSecurity	Unsafe	hidden,cap=Audio|UI
VideoFrame	Video	Property	ContentId	None	None	ReadSafe	cap=Audio|UI
VideoFrame	VideoContent	Property	Content	None	None	ReadSafe	cap=Audio|UI
VideoFrame	Volume	Property	float	None	None	ReadSafe	cap=Audio|UI
VideoPlayer	AutoLoadInStudio	Property	bool	None	RobloxScriptSecurity	ReadSafe	notreplicated,notscriptable,cap=Audio|UI
VideoPlayer	AutoPlayInStudio	Property	bool	None	RobloxScriptSecurity	ReadSafe	notreplicated,notscriptable,cap=Audio|UI
VideoPlayer	DidEnd	Event	()	None	None	Unsafe	cap=Audio|UI
VideoPlayer	DidLoop	Event	()	None	None	Unsafe	cap=Audio|UI
VideoPlayer	GetConnectedWires	Function	(pin: string) -> Instances	None	None	Unsafe	cap=Audio|UI
VideoPlayer	GetInputPins	Function	() -> Array	None	None	Unsafe	cap=Audio|UI
VideoPlayer	GetOutputPins	Function	() -> Array	None	None	Unsafe	cap=Audio|UI
VideoPlayer	InternalVideoUsage	Property	InternalVideoUsage	None	None	ReadSafe	hidden,cap=Audio|InternalTest|UI
VideoPlayer	IsLoaded	Property	bool	None	None	ReadSafe	readonly,notreplicated,cap=Audio|UI
VideoPlayer	IsPlaying	Property	bool	None	None	ReadSafe	readonly,notreplicated,cap=Audio|UI
VideoPlayer	LoadAsync	Function	() -> AssetFetchStatus	None	None	Unsafe	yields,cap=Audio|UI
VideoPlayer	Looping	Property	bool	None	None	ReadSafe	cap=Audio|UI
VideoPlayer	MaximumResolution	Property	VideoSampleSize	None	None	ReadSafe	hidden,cap=Audio|InternalTest|UI
VideoPlayer	Pause	Function	() -> ()	None	None	Unsafe	cap=Audio|UI
VideoPlayer	Play	Function	() -> ()	None	None	Unsafe	cap=Audio|UI
VideoPlayer	PlayFailed	Event	(error: AssetFetchStatus)	None	None	Unsafe	cap=Audio|UI
VideoPlayer	PlaybackSpeed	Property	float	None	None	ReadSafe	cap=Audio|UI
VideoPlayer	PlayingReplicating	Property	bool	None	None	ReadSafe	hidden,notscriptable,cap=Audio|UI
VideoPlayer	Resolution	Property	Vector2	None	None	ReadSafe	readonly,notreplicated,cap=Audio|UI
VideoPlayer	SetStudioPreview	Function	(isPreview: bool) -> ()	RobloxScriptSecurity	RobloxScriptSecurity	Unsafe	cap=Audio|UI
VideoPlayer	TimeLength	Property	double	None	None	ReadSafe	readonly,notreplicated,cap=Audio|UI
VideoPlayer	TimePosition	Property	double	None	None	ReadSafe	cap=Audio|UI
VideoPlayer	Unload	Function	() -> ()	None	None	Unsafe	cap=Audio|UI
VideoPlayer	VideoContent	Property	Content	None	None	ReadSafe	cap=Audio|UI
VideoPlayer	Volume	Property	float	None	None	ReadSafe	cap=Audio|UI
VideoPlayer	WiringChanged	Event	(connected: bool, pin: string, wire: Wire, instance: Instance)	None	None	Unsafe	cap=Audio|UI
VideoSampler	GetSamplesAtTimesAsync	Function	(times: Array) -> Array	None	None	Unsafe	yields,cap=UI
VideoSampler	TimeLength	Property	double	None	None	ReadSafe	readonly,notreplicated,cap=UI
VideoSampler	VideoContent	Property	Content	None	None	ReadSafe	readonly,notreplicated,cap=UI
VideoService	CreateVideoSamplerAsync	Function	(content: Content, options: Dictionary?) -> VideoSampler	None	None	Unsafe	yields,cap=UI
VideoService	GameStreamingEnabled	Function	() -> bool	RobloxScriptSecurity	RobloxScriptSecurity	Unsafe	cap=UI
VideoService	GameStreamingResolutionReady	Event	()	RobloxScriptSecurity	RobloxScriptSecurity	Unsafe	cap=UI
VideoService	PlaybackReport	Event	(timePlayedMs: Dictionary, timeDownloadedMs: Dictionary, timeVisibleMs: Dictionary)	RobloxSecurity	RobloxSecurity	Unsafe	hidden,cap=UI
ViewportFrame	Ambient	Property	Color3	None	None	ReadSafe	cap=UI
ViewportFrame	CameraCFrame	Property	CFrame	None	None	ReadSafe	hidden,notscriptable,cap=UI
ViewportFrame	CameraFieldOfView	Property	float	None	None	ReadSafe	hidden,notscriptable,cap=UI
ViewportFrame	CaptureSnapshotAsync	Function	() -> ContentId	RobloxScriptSecurity	RobloxScriptSecurity	Unsafe	yields,cap=UI
ViewportFrame	CurrentCamera	Property	Camera	None	None	ReadSafe	notreplicated,cap=UI
ViewportFrame	ImageColor3	Property	Color3	None	None	ReadSafe	cap=UI
ViewportFrame	ImageTransparency	Property	float	None	None	ReadSafe	cap=UI
ViewportFrame	IsMirrored	Property	bool	RobloxScriptSecurity	RobloxScriptSecurity	ReadSafe	hidden,notreplicated,cap=UI
ViewportFrame	LightColor	Property	Color3	None	None	ReadSafe	cap=UI
ViewportFrame	LightDirection	Property	Vector3	None	None	ReadSafe	cap=UI
VirtualInput	SendKey	Function	(isPressed: bool, keyCode: KeyCode, isRepeatedKey: bool = false) -> ()	None	None	Unsafe	
VirtualInput	SendMouseButton	Function	(position: Vector2, button: UserInputType, isDown: bool, repeatCount: int = 0) -> ()	None	None	Unsafe	
VirtualInput	SendMouseDelta	Function	(positionDelta: Vector2) -> ()	None	None	Unsafe	
VirtualInput	SendMousePosition	Function	(position: Vector2) -> ()	None	None	Unsafe	
VirtualInput	SendPointerAction	Function	(position: Vector2, pointerAction: Dictionary) -> ()	None	None	Unsafe	
VirtualInput	SendTextInput	Function	(text: string) -> ()	None	None	Unsafe	
VirtualInputManager	AdditionalLuaState	Property	string	RobloxScriptSecurity	RobloxScriptSecurity	ReadSafe	hidden,notreplicated
VirtualInputManager	Dump	Function	() -> ()	RobloxScriptSecurity	RobloxScriptSecurity	Unsafe	
VirtualInputManager	HandleGamepadAxisInput	Function	(objectId: int, keyCode: KeyCode, x: float, y: float, z: float) -> ()	RobloxScriptSecurity	RobloxScriptSecurity	Unsafe	
VirtualInputManager	HandleGamepadButtonInput	Function	(deviceId: int, keyCode: KeyCode, buttonState: int) -> ()	RobloxScriptSecurity	RobloxScriptSecurity	Unsafe	
VirtualInputManager	HandleGamepadConnect	Function	(deviceId: int) -> ()	RobloxScriptSecurity	RobloxScriptSecurity	Unsafe	
VirtualInputManager	HandleGamepadDisconnect	Function	(deviceId: int) -> ()	RobloxScriptSecurity	RobloxScriptSecurity	Unsafe	
VirtualInputManager	PlaybackCompleted	Event	(additionalLuaState: string)	RobloxScriptSecurity	RobloxScriptSecurity	Unsafe	
VirtualInputManager	RecordingCompleted	Event	(result: string)	RobloxScriptSecurity	RobloxScriptSecurity	Unsafe	
VirtualInputManager	SendAccelerometerEvent	Function	(x: float, y: float, z: float) -> ()	RobloxScriptSecurity	RobloxScriptSecurity	Unsafe	
VirtualInputManager	SendGravityEvent	Function	(x: float, y: float, z: float) -> ()	RobloxScriptSecurity	RobloxScriptSecurity	Unsafe	
VirtualInputManager	SendGyroscopeEvent	Function	(quatX: float, quatY: float, quatZ: float, quatW: float) -> ()	RobloxScriptSecurity	RobloxScriptSecurity	Unsafe	
VirtualInputManager	SendKeyEvent	Function	(isPressed: bool, keyCode: KeyCode, isRepeatedKey: bool, layerCollector: Instance) -> ()	RobloxScriptSecurity	RobloxScriptSecurity	Unsafe	
VirtualInputManager	SendMouseButtonEvent	Function	(x: int, y: int, mouseButton: int, isDown: bool, layerCollector: Instance, repeatCount: int) -> ()	RobloxScriptSecurity	RobloxScriptSecurity	Unsafe	
VirtualInputManager	SendMouseMoveDeltaEvent	Function	(deltaX: float, deltaY: float, layerCollector: Instance) -> ()	RobloxScriptSecurity	RobloxScriptSecurity	Unsafe	
VirtualInputManager	SendMouseMoveEvent	Function	(x: float, y: float, layerCollector: Instance) -> ()	RobloxScriptSecurity	RobloxScriptSecurity	Unsafe	
VirtualInputManager	SendMouseWheelEvent	Function	(x: float, y: float, isForwardScroll: bool, layerCollector: Instance) -> ()	RobloxScriptSecurity	RobloxScriptSecurity	Unsafe	
VirtualInputManager	SendScroll	Function	(x: float, y: float, deltaX: float, deltaY: float, options: Dictionary, layerCollector: Instance) -> ()	RobloxScriptSecurity	RobloxScriptSecurity	Unsafe	
VirtualInputManager	SendTextInputCharacterEvent	Function	(str: string, layerCollector: Instance) -> ()	RobloxScriptSecurity	RobloxScriptSecurity	Unsafe	
VirtualInputManager	SendTouchEvent	Function	(touchId: int64, state: int, x: float, y: float) -> ()	RobloxScriptSecurity	RobloxScriptSecurity	Unsafe	
VirtualInputManager	SetInputTypesToIgnore	Function	(inputTypesToIgnore: Variant) -> ()	RobloxScriptSecurity	RobloxScriptSecurity	Unsafe	
VirtualInputManager	StartPlaying	Function	(fileName: string) -> ()	RobloxScriptSecurity	RobloxScriptSecurity	Unsafe	
VirtualInputManager	StartPlayingJSON	Function	(string: string) -> ()	RobloxScriptSecurity	RobloxScriptSecurity	Unsafe	
VirtualInputManager	StartRecording	Function	() -> ()	RobloxScriptSecurity	RobloxScriptSecurity	Unsafe	
VirtualInputManager	StopPlaying	Function	() -> ()	RobloxScriptSecurity	RobloxScriptSecurity	Unsafe	
VirtualInputManager	StopRecording	Function	() -> ()	RobloxScriptSecurity	RobloxScriptSecurity	Unsafe	
VirtualInputManager	WaitForInputEventsProcessed	Function	() -> ()	RobloxScriptSecurity	RobloxScriptSecurity	Unsafe	yields
VirtualInputManager	sendRobloxEvent	Function	(namespace: string, detail: string, detailType: string) -> ()	RobloxScriptSecurity	RobloxScriptSecurity	Unsafe	
VirtualInputManager	sendThemeChangeEvent	Function	(themeName: string) -> ()	RobloxScriptSecurity	RobloxScriptSecurity	Unsafe	
VirtualUser	Button1Down	Function	(position: Vector2, camera: CFrame = …) -> ()	LocalUserSecurity	LocalUserSecurity	Unsafe	
VirtualUser	Button1Up	Function	(position: Vector2, camera: CFrame = …) -> ()	LocalUserSecurity	LocalUserSecurity	Unsafe	
VirtualUser	Button2Down	Function	(position: Vector2, camera: CFrame = …) -> ()	LocalUserSecurity	LocalUserSecurity	Unsafe	
VirtualUser	Button2Up	Function	(position: Vector2, camera: CFrame = …) -> ()	LocalUserSecurity	LocalUserSecurity	Unsafe	
VirtualUser	CaptureController	Function	() -> ()	LocalUserSecurity	LocalUserSecurity	Unsafe	
VirtualUser	ClickButton1	Function	(position: Vector2, camera: CFrame = …) -> ()	LocalUserSecurity	LocalUserSecurity	Unsafe	
VirtualUser	ClickButton2	Function	(position: Vector2, camera: CFrame = …) -> ()	LocalUserSecurity	LocalUserSecurity	Unsafe	
VirtualUser	MoveMouse	Function	(position: Vector2, camera: CFrame = …) -> ()	LocalUserSecurity	LocalUserSecurity	Unsafe	
VirtualUser	SetKeyDown	Function	(key: string) -> ()	LocalUserSecurity	LocalUserSecurity	Unsafe	
VirtualUser	SetKeyUp	Function	(key: string) -> ()	LocalUserSecurity	LocalUserSecurity	Unsafe	
VirtualUser	StartRecording	Function	() -> ()	LocalUserSecurity	LocalUserSecurity	Unsafe	
VirtualUser	StopRecording	Function	() -> string	LocalUserSecurity	LocalUserSecurity	Unsafe	
VirtualUser	TypeKey	Function	(key: string) -> ()	LocalUserSecurity	LocalUserSecurity	Unsafe	
VisualizationMode	Enabled	Property	bool	RobloxScriptSecurity	RobloxScriptSecurity	ReadSafe	
VisualizationMode	Title	Property	string	RobloxScriptSecurity	RobloxScriptSecurity	ReadSafe	
VisualizationMode	ToolTip	Property	string	RobloxScriptSecurity	RobloxScriptSecurity	ReadSafe	
VisualizationModeCategory	Enabled	Property	bool	RobloxScriptSecurity	RobloxScriptSecurity	ReadSafe	
VisualizationModeCategory	Title	Property	string	RobloxScriptSecurity	RobloxScriptSecurity	ReadSafe	
VoiceChatInternal	GetAndClearCallFailureMessage	Function	() -> string	RobloxScriptSecurity	RobloxScriptSecurity	Unsafe	deprecated,cap=Audio
VoiceChatInternal	GetAudioProcessingSettings	Function	() -> Tuple	None	None	Unsafe	deprecated,cap=Audio
VoiceChatInternal	GetChannelId	Function	() -> string	RobloxScriptSecurity	RobloxScriptSecurity	Unsafe	cap=Audio
VoiceChatInternal	GetGroupId	Function	() -> string	RobloxScriptSecurity	RobloxScriptSecurity	Unsafe	cap=Audio
VoiceChatInternal	GetMicDevices	Function	() -> Tuple	None	None	Unsafe	deprecated,cap=Audio
VoiceChatInternal	GetParticipants	Function	() -> Array	None	None	Unsafe	deprecated,cap=Audio
VoiceChatInternal	GetSessionId	Function	() -> string	RobloxScriptSecurity	RobloxScriptSecurity	Unsafe	cap=Audio
VoiceChatInternal	GetVoiceChatApiVersion	Function	() -> int	None	None	Unsafe	deprecated,cap=Audio
VoiceChatInternal	GetVoiceChatAvailable	Function	() -> int	None	None	Unsafe	deprecated,cap=Audio
VoiceChatInternal	GetVoiceExperienceId	Function	() -> string	RobloxScriptSecurity	RobloxScriptSecurity	Unsafe	cap=Audio
VoiceChatInternal	IsContextVoiceEnabled	Function	() -> bool	RobloxScriptSecurity	RobloxScriptSecurity	Unsafe	cap=Audio
VoiceChatInternal	IsPublishPaused	Function	() -> bool	None	None	Unsafe	deprecated,cap=Audio
VoiceChatInternal	IsSubscribePaused	Function	(userId: int64) -> bool	None	None	Unsafe	deprecated,cap=Audio
VoiceChatInternal	IsVoiceEnabledForUserIdAsync	Function	(userId: int64) -> bool	None	None	Unsafe	yields,cap=Audio,undocumented
VoiceChatInternal	JoinByGroupId	Function	(groupId: string, isMicMuted: bool = false) -> bool	None	None	Unsafe	deprecated,cap=Audio
VoiceChatInternal	JoinByGroupIdToken	Function	(groupId: string, isMicMuted: bool, isRetry: bool = false) -> bool	None	None	Unsafe	deprecated,cap=Audio
VoiceChatInternal	Leave	Function	() -> ()	None	None	Unsafe	deprecated,cap=Audio
VoiceChatInternal	LocalPlayerModerated	Event	()	RobloxScriptSecurity	RobloxScriptSecurity	Unsafe	cap=Audio
VoiceChatInternal	LogPublisherWebRTCStats	Function	() -> bool	RobloxScriptSecurity	RobloxScriptSecurity	Unsafe	cap=Audio
VoiceChatInternal	LogSubscriptionWebRTCStats	Function	() -> bool	RobloxScriptSecurity	RobloxScriptSecurity	Unsafe	cap=Audio
VoiceChatInternal	ParticipantsStateChanged	Event	(participantsLeft: Array, participantsJoined: Array, updatedStates: Array)	RobloxScriptSecurity	RobloxScriptSecurity	Unsafe	deprecated,cap=Audio
VoiceChatInternal	PlayerMicActivitySignalChange	Event	(activityInfo: Dictionary)	RobloxScriptSecurity	RobloxScriptSecurity	Unsafe	deprecated,cap=Audio
VoiceChatInternal	PublishPause	Function	(paused: bool) -> bool	None	None	Unsafe	deprecated,cap=Audio
VoiceChatInternal	SetMicDevice	Function	(micDeviceName: string, micDeviceGuid: string) -> ()	None	None	Unsafe	deprecated,cap=Audio
VoiceChatInternal	StateChanged	Event	(old: VoiceChatState, new: VoiceChatState)	None	None	Unsafe	deprecated,cap=Audio
VoiceChatInternal	SubscribeBlock	Function	(userId: int64) -> bool	RobloxScriptSecurity	RobloxScriptSecurity	Unsafe	cap=Audio
VoiceChatInternal	SubscribePause	Function	(userId: int64, paused: bool) -> bool	None	None	Unsafe	deprecated,cap=Audio
VoiceChatInternal	SubscribePauseAll	Function	(paused: bool) -> bool	None	None	Unsafe	deprecated,cap=Audio
VoiceChatInternal	SubscribeRetry	Function	(userId: int64) -> bool	RobloxScriptSecurity	RobloxScriptSecurity	Unsafe	cap=Audio
VoiceChatInternal	SubscribeUnblock	Function	(userId: int64) -> bool	RobloxScriptSecurity	RobloxScriptSecurity	Unsafe	cap=Audio
VoiceChatInternal	TempSetMicMutedToggleMic	Event	()	RobloxScriptSecurity	RobloxScriptSecurity	Unsafe	cap=Audio
VoiceChatInternal	VoiceChatState	Property	VoiceChatState	None	None	ReadSafe	hidden,readonly,notreplicated,deprecated,cap=Audio
VoiceChatService	ACSCleanup	Event	()	RobloxSecurity	RobloxSecurity	Unsafe	hidden,cap=Audio|Chat
VoiceChatService	ClientRetryJoin	Event	()	RobloxSecurity	RobloxSecurity	Unsafe	hidden,cap=Audio|Chat
VoiceChatService	ClientRetryJoinWithConfig	Event	(sessionConfigFlags: int64)	RobloxSecurity	RobloxSecurity	Unsafe	hidden,cap=Audio|Chat
VoiceChatService	ClientStreamSwitchAck	Event	(eventTag: int64, sessionId: string)	RobloxSecurity	RobloxSecurity	Unsafe	hidden,cap=Audio|Chat
VoiceChatService	DefaultDistanceAttenuation	Property	VoiceChatDistanceAttenuationType	PluginSecurity	PluginSecurity	ReadSafe	cap=Audio|Chat
VoiceChatService	EnableDefaultVoice	Property	bool	PluginSecurity	PluginSecurity	ReadSafe	cap=Audio|Chat
VoiceChatService	EnableVoiceVolumeControls	Property	RolloutState	RobloxScriptSecurity	RobloxScriptSecurity	ReadSafe	cap=Audio|Chat
VoiceChatService	FetchUserTurnAuthOperationFailed	Event	(sessionId: string)	RobloxSecurity	RobloxSecurity	Unsafe	hidden,cap=Audio|Chat
VoiceChatService	GetChatGroupsAsync	Function	(players: Instances) -> Array	None	None	Unsafe	yields,cap=Audio|Chat
VoiceChatService	IsVoiceEnabledForUserIdAsync	Function	(userId: User) -> bool	None	None	Unsafe	yields,cap=Audio|Chat
VoiceChatService	JoinedVoice	Event	(channelName: string, participantId: int64, sessionId: string, channelId: string)	RobloxSecurity	RobloxSecurity	Unsafe	hidden,cap=Audio|Chat
VoiceChatService	JoinedVoiceV2	Event	(channelName: string, participantId: int64, sessionId: string, channelId: string, sfuImage: string, sfuTag: string, sfuDataCenterId: int)	RobloxSecurity	RobloxSecurity	Unsafe	hidden,cap=Audio|Chat
VoiceChatService	PublishStateChange	Event	(muteState: MuteState, sessionId: string)	RobloxSecurity	RobloxSecurity	Unsafe	hidden,cap=Audio|Chat
VoiceChatService	PublishingHandshakeAcked	Event	(handshakeAnswer: string, sessionId: string)	RobloxSecurity	RobloxSecurity	Unsafe	hidden,cap=Audio|Chat
VoiceChatService	PublishingHandshakeAckedWithBothSdp	Event	(fullHandshakeAnswer: string, compressedHandshakeAnswer: string, sessionId: string, compressMode: int)	RobloxSecurity	RobloxSecurity	Unsafe	hidden,cap=Audio|Chat
VoiceChatService	PublishingHandshakeAckedWithCompressedSdp	Event	(compressedHandshakeAnswer: string, sessionId: string, compressMode: int)	RobloxSecurity	RobloxSecurity	Unsafe	hidden,cap=Audio|Chat
VoiceChatService	PublishingHandshakeCompleted	Event	(sessionId: string)	RobloxSecurity	RobloxSecurity	Unsafe	hidden,cap=Audio|Chat
VoiceChatService	PublishingHandshakeInitiated	Event	(handshakeOffer: string, muteState: MuteState, sessionId: string)	RobloxSecurity	RobloxSecurity	Unsafe	hidden,cap=Audio|Chat
VoiceChatService	PublishingHandshakeInitiatedWithBothSdp	Event	(fullHandshakeOffer: string, compressedHandshakeOffer: string, muteState: MuteState, sessionId: string, compressMode: int)	RobloxSecurity	RobloxSecurity	Unsafe	hidden,cap=Audio|Chat
VoiceChatService	PublishingHandshakeInitiatedWithCompressedSdp	Event	(compressedHandshakeOffer: string, muteState: MuteState, sessionId: string, compressMode: int)	RobloxSecurity	RobloxSecurity	Unsafe	hidden,cap=Audio|Chat
VoiceChatService	ReJoinedVoice	Event	(channelName: string, participantId: int64, sessionId: string, channelId: string)	RobloxSecurity	RobloxSecurity	Unsafe	hidden,cap=Audio|Chat
VoiceChatService	ReJoinedVoiceV2	Event	(channelName: string, participantId: int64, sessionId: string, channelId: string, sfuImage: string, sfuTag: string, sfuDataCenterId: int)	RobloxSecurity	RobloxSecurity	Unsafe	hidden,cap=Audio|Chat
VoiceChatService	RelayCandidatesGathered	Event	(voiceControlPath: VoiceControlPath, serializedIceCandidates: string, isLast: bool, sessionId: string, clientIp: string, clientPort: int)	RobloxSecurity	RobloxSecurity	Unsafe	hidden,cap=Audio|Chat
VoiceChatService	SsrcUserIdMappingUpdate	Event	(ssrcs: Array, userIds: Array, feedIds: Array, sessionId: string, eventTag: int64)	RobloxSecurity	RobloxSecurity	Unsafe	hidden,cap=Audio|Chat
VoiceChatService	SubscribeStateChange	Event	(muteState: MuteState, userIds: string, sessionId: string)	RobloxSecurity	RobloxSecurity	Unsafe	hidden,cap=Audio|Chat
VoiceChatService	SubscriberAudioQualitySample	Event	(sampleJson: string)	RobloxSecurity	RobloxSecurity	Unsafe	hidden,cap=Audio|Chat
VoiceChatService	SubscriptionFeedStarted	Event	(eventTag: int64, sessionId: string)	RobloxSecurity	RobloxSecurity	Unsafe	hidden,cap=Audio|Chat
VoiceChatService	SubscriptionHandshakeAcked	Event	(eventTag: int64, handshakeAnswer: string, usersToMute: string, sessionId: string)	RobloxSecurity	RobloxSecurity	Unsafe	hidden,cap=Audio|Chat
VoiceChatService	SubscriptionHandshakeAckedWithBothSdp	Event	(eventTag: int64, fullHandshakeAnswer: string, compressedSdpAnswer: string, usersToMute: string, sessionId: string, compressMode: int)	RobloxSecurity	RobloxSecurity	Unsafe	hidden,cap=Audio|Chat
VoiceChatService	SubscriptionHandshakeAckedWithCompressedSdp	Event	(eventTag: int64, compressedSdpAnswer: string, usersToMute: string, sessionId: string, compressMode: int)	RobloxSecurity	RobloxSecurity	Unsafe	hidden,cap=Audio|Chat
VoiceChatService	SubscriptionHandshakeCompleted	Event	(sessionId: string, eventTag: int64)	RobloxSecurity	RobloxSecurity	Unsafe	hidden,cap=Audio|Chat
VoiceChatService	SubscriptionHandshakeInitiated	Event	(handshakeOffer: string, newSubscriptionStates: string, isNewConnection: bool, sessionId: string, eventTag: int64)	RobloxSecurity	RobloxSecurity	Unsafe	hidden,cap=Audio|Chat
VoiceChatService	SubscriptionHandshakeInitiatedWithBothSdp	Event	(fullHandshakeOffer: string, compressedHandshakeOffer: string, newSubscriptionStates: string, isNewConnection: bool, sessionId: string, eventTag: int64, compressMode: int)	RobloxSecurity	RobloxSecurity	Unsafe	hidden,cap=Audio|Chat
VoiceChatService	SubscriptionHandshakeInitiatedWithCompressedSdp	Event	(compressedHandshakeOffer: string, newSubscriptionStates: string, isNewConnection: bool, sessionId: string, eventTag: int64, compressMode: int)	RobloxSecurity	RobloxSecurity	Unsafe	hidden,cap=Audio|Chat
VoiceChatService	SubscriptionReset	Event	(sessionId: string)	RobloxSecurity	RobloxSecurity	Unsafe	hidden,cap=Audio|Chat
VoiceChatService	UpdateTurnAuthInfoRequest	Event	()	RobloxSecurity	RobloxSecurity	Unsafe	hidden,cap=Audio|Chat
VoiceChatService	UseAudioApi	Property	AudioApiRollout	PluginSecurity	PluginSecurity	ReadSafe	cap=Audio|Chat
VoiceChatService	UseNewAudioApi	Property	bool	RobloxScriptSecurity	RobloxScriptSecurity	ReadSafe	hidden,cap=Audio|Chat
VoiceChatService	UseNewControlPaths	Property	bool	RobloxSecurity	RobloxSecurity	ReadSafe	hidden,cap=Audio|Chat
VoiceChatService	UseNewJoinFlow	Property	bool	RobloxSecurity	RobloxSecurity	ReadSafe	hidden,cap=Audio|Chat
VoiceChatService	UseStreamSwitching	Property	bool	RobloxSecurity	RobloxSecurity	ReadSafe	hidden,cap=Audio|Chat
VoiceChatService	UserTurnAuth	Event	(sessionId: string, userName: string, password: string, ttl: int, uris: Array)	RobloxSecurity	RobloxSecurity	Unsafe	hidden,cap=Audio|Chat
VoiceChatService	UserTurnAuthV2	Event	(sessionId: string, userName: string, password: string, ttl: int, uris: Array, dataCenterId: int, dataCenterPop: string)	RobloxSecurity	RobloxSecurity	Unsafe	hidden,cap=Audio|Chat
VoiceChatService	VoiceChatClientVoiceCapability	Event	()	RobloxSecurity	RobloxSecurity	Unsafe	hidden,cap=Audio|Chat
VoiceChatService	VoiceChatClientVoiceCapabilityWithConfig	Event	(sessionConfigFlags: int64)	RobloxSecurity	RobloxSecurity	Unsafe	hidden,cap=Audio|Chat
VoiceChatService	VoiceChatEnabledForPlaceOnRcc	Property	bool	RobloxScriptSecurity	RobloxScriptSecurity	ReadSafe	hidden,cap=Audio|Chat
VoiceChatService	VoiceChatEnabledForUniverseOnRcc	Property	bool	RobloxScriptSecurity	RobloxScriptSecurity	ReadSafe	hidden,cap=Audio|Chat
VoiceChatService	VoiceChatPlayerMuteStateChangedClientToServer	Event	(muteState: MuteState)	RobloxSecurity	RobloxSecurity	Unsafe	hidden,cap=Audio|Chat
VoiceChatService	VoiceChatPlayerMuteStateChangedServerToClient	Event	(muteState: MuteState)	RobloxSecurity	RobloxSecurity	Unsafe	hidden,cap=Audio|Chat
VoiceChatService	VoiceChatSampleTaggedEventClientToServer	Event	(tag: int64, value: string)	RobloxSecurity	RobloxSecurity	Unsafe	hidden,cap=Audio|Chat
VoiceChatService	VoiceChatSampleTaggedEventServerToClient	Event	(tag: int64, value: string)	RobloxSecurity	RobloxSecurity	Unsafe	hidden,cap=Audio|Chat
VoiceChatService	VoiceChatStatsCollected	Event	()	RobloxScriptSecurity	RobloxScriptSecurity	Unsafe	cap=Audio|Chat
VoiceChatService	VoiceChatSubscriptionInitialBatchEmpty	Event	(sessionId: string)	RobloxSecurity	RobloxSecurity	Unsafe	hidden,cap=Audio|Chat
VoiceChatService	VoiceChatplayerMuteStatusChangedEvent	Event	(userId: int64, muted: bool, sessionId: string)	RobloxSecurity	RobloxSecurity	Unsafe	hidden,cap=Audio|Chat
VoiceChatService	VoiceMigration	Event	(reason: VoiceRccReconnectReason)	RobloxSecurity	RobloxSecurity	Unsafe	hidden,cap=Audio|Chat
VoiceChatService	VoiceSetupFailed	Event	(voiceControlPath: VoiceControlPath, serializedFailure: string, sessionId: string)	RobloxSecurity	RobloxSecurity	Unsafe	hidden,cap=Audio|Chat
VoiceChatService	getInternalChannelId	Function	() -> string	RobloxScriptSecurity	RobloxScriptSecurity	Unsafe	cap=Audio|Chat
VoiceChatService	getInternalGroupId	Function	() -> string	RobloxScriptSecurity	RobloxScriptSecurity	Unsafe	cap=Audio|Chat
VoiceChatService	getInternalPublishPause	Function	() -> bool	RobloxScriptSecurity	RobloxScriptSecurity	Unsafe	cap=Audio|Chat
VoiceChatService	getInternalSessionId	Function	() -> string	RobloxScriptSecurity	RobloxScriptSecurity	Unsafe	cap=Audio|Chat
VoiceChatService	getInternalSubscribePause	Function	(userId: int64) -> bool	RobloxScriptSecurity	RobloxScriptSecurity	Unsafe	cap=Audio|Chat
VoiceChatService	getInternalSubscribePauseAll	Function	() -> bool	RobloxScriptSecurity	RobloxScriptSecurity	Unsafe	cap=Audio|Chat
VoiceChatService	getInternalVoiceChatApiVersion	Function	() -> int	RobloxScriptSecurity	RobloxScriptSecurity	Unsafe	cap=Audio|Chat
VoiceChatService	isInternalPublishPaused	Function	() -> bool	RobloxScriptSecurity	RobloxScriptSecurity	Unsafe	cap=Audio|Chat
VoiceChatService	joinVoice	Function	() -> ()	RobloxScriptSecurity	RobloxScriptSecurity	Unsafe	cap=Audio|Chat
VoiceChatService	lastVoiceChatConnectivity	Function	() -> Dictionary	RobloxScriptSecurity	RobloxScriptSecurity	Unsafe	cap=Audio|Chat
VoiceChatService	lastVoiceChatStats	Function	() -> Dictionary	RobloxScriptSecurity	RobloxScriptSecurity	Unsafe	cap=Audio|Chat
VoiceChatService	leaveVoice	Function	(leaveReason: VoiceClientLeaveReasons = LuaInitiated) -> ()	RobloxScriptSecurity	RobloxScriptSecurity	Unsafe	cap=Audio|Chat
VoiceChatService	notifyServerACSCleanup	Function	() -> ()	RobloxScriptSecurity	RobloxScriptSecurity	Unsafe	cap=Audio|Chat
VoiceChatService	rejoinVoice	Function	() -> ()	RobloxScriptSecurity	RobloxScriptSecurity	Unsafe	cap=Audio|Chat
VoxelBuffer	ClearAsync	Function	(sizeInVoxels: Vector3?) -> ()	RobloxScriptSecurity	RobloxScriptSecurity	Unsafe	yields
VoxelBuffer	DrawBufferAsync	Function	(cframe: CFrame, scale: float, source: VoxelBuffer, mergeConfig: Dictionary) -> ()	RobloxScriptSecurity	RobloxScriptSecurity	Unsafe	yields
VoxelBuffer	FromHeightmapAsync	Function	(heightMap: buffer, width: int, height: int, heightMapRect: Rect, offset: float, scale: float, material: int) -> ()	RobloxScriptSecurity	RobloxScriptSecurity	Unsafe	yields
VoxelBuffer	GetSizeInVoxels	Function	() -> Vector3	RobloxScriptSecurity	RobloxScriptSecurity	Unsafe	
VoxelBuffer	NormalizeAsync	Function	() -> ()	RobloxScriptSecurity	RobloxScriptSecurity	Unsafe	yields
VoxelBuffer	ReadVoxels	Function	(channelIds: Array) -> Dictionary	RobloxScriptSecurity	RobloxScriptSecurity	Unsafe	customluastate
VoxelBuffer	UnclampAsync	Function	() -> ()	RobloxScriptSecurity	RobloxScriptSecurity	Unsafe	yields
VoxelBuffer	WriteVoxels	Function	(channels: Dictionary) -> ()	RobloxScriptSecurity	RobloxScriptSecurity	Unsafe	customluastate
WebSocketClient	Close	Function	() -> ()	None	None	Unsafe	undocumented
WebSocketClient	Closed	Event	()	None	None	Unsafe	undocumented
WebSocketClient	ConnectionState	Property	WebSocketState	None	None	ReadSafe	readonly,notreplicated,undocumented
WebSocketClient	MessageReceived	Event	(data: string)	None	None	Unsafe	undocumented
WebSocketClient	Opened	Event	()	None	None	Unsafe	undocumented
WebSocketClient	Send	Function	(data: string) -> ()	None	None	Unsafe	undocumented
WebSocketService	CreateClient	Function	(uri: string) -> WebSocketClient	None	None	Unsafe	undocumented
WebStreamClient	Close	Function	() -> ()	None	None	Unsafe	cap=Network
WebStreamClient	Closed	Event	()	None	None	Unsafe	cap=Network
WebStreamClient	ConnectionState	Property	WebStreamClientState	None	None	ReadSafe	readonly,notreplicated,cap=Network
WebStreamClient	Error	Event	(responseStatusCode: int, errorMessage: string)	None	None	Unsafe	cap=Network
WebStreamClient	MessageReceived	Event	(message: string)	None	None	Unsafe	cap=Network
WebStreamClient	Opened	Event	(responseStatusCode: int, headers: string)	None	None	Unsafe	cap=Network
WebStreamClient	Send	Function	(data: string) -> ()	None	None	Unsafe	cap=Network
WebViewService	CloseWindow	Function	() -> ()	RobloxScriptSecurity	RobloxScriptSecurity	Unsafe	
WebViewService	IsAvailable	Function	() -> bool	RobloxScriptSecurity	RobloxScriptSecurity	Unsafe	yields
WebViewService	MutateWindow	Function	(url: string, title: string?, isVisible: bool?, searchType: string?, transitionAnimation: string?, showDomainAsTitle: bool?, backButtonVisible: bool?) -> ()	RobloxScriptSecurity	RobloxScriptSecurity	Unsafe	
WebViewService	OnJavaScriptCall	Event	(content: string)	RobloxScriptSecurity	RobloxScriptSecurity	Unsafe	
WebViewService	OnWindowClosed	Event	()	RobloxScriptSecurity	RobloxScriptSecurity	Unsafe	
WebViewService	OpenWindow	Function	(url: string, title: string?, isVisible: bool?, searchType: string?, transitionAnimation: string?, showDomainAsTitle: bool?, backButtonVisible: bool?) -> ()	RobloxScriptSecurity	RobloxScriptSecurity	Unsafe	
WebViewService	OpenWindowV2	Function	(url: string, params: WebViewParams?) -> ()	RobloxScriptSecurity	RobloxScriptSecurity	Unsafe	
Weld	EnableSkinning	Property	bool	RobloxScriptSecurity	RobloxScriptSecurity	ReadSafe	hidden,cap=Physics
WeldConstraint	Active	Property	bool	None	None	ReadSafe	readonly,notreplicated,sim,cap=Physics
WeldConstraint	CFrame0	Property	CFrame	None	None	ReadSafe	hidden,notscriptable,sim,cap=Physics
WeldConstraint	CFrame1	Property	CFrame	None	None	ReadSafe	hidden,notreplicated,notscriptable,sim,cap=Physics
WeldConstraint	Enabled	Property	bool	None	None	ReadSafe	notreplicated,sim,cap=Physics
WeldConstraint	Part0	Property	BasePart	None	None	ReadSafe	notreplicated,sim,cap=Physics
WeldConstraint	Part0Internal	Property	BasePart	None	None	ReadSafe	hidden,notscriptable,cap=Physics
WeldConstraint	Part1	Property	BasePart	None	None	ReadSafe	notreplicated,sim,cap=Physics
WeldConstraint	Part1Internal	Property	BasePart	None	None	ReadSafe	hidden,notscriptable,cap=Physics
WeldConstraint	State	Property	int	None	None	ReadSafe	hidden,notscriptable,sim,cap=Physics
WindowProtocolService	BeginDrag	Function	(windowId: int) -> ()	RobloxScriptSecurity	RobloxScriptSecurity	Unsafe	
WindowProtocolService	Close	Function	(windowId: int) -> ()	RobloxScriptSecurity	RobloxScriptSecurity	Unsafe	
WindowProtocolService	EndDrag	Function	(windowId: int) -> ()	RobloxScriptSecurity	RobloxScriptSecurity	Unsafe	
WindowProtocolService	GetLogicalCaptionButtonsBounds	Function	(windowId: int) -> Rect	RobloxScriptSecurity	RobloxScriptSecurity	Unsafe	
WindowProtocolService	GetNativeTitleBarControlsPosition	Function	() -> TitleBarControlsPosition	RobloxScriptSecurity	RobloxScriptSecurity	Unsafe	
WindowProtocolService	GetTitleBarMode	Function	(windowId: int) -> TitleBarMode	RobloxScriptSecurity	RobloxScriptSecurity	Unsafe	
WindowProtocolService	GetWindowState	Function	(windowId: int) -> WindowState	RobloxScriptSecurity	RobloxScriptSecurity	Unsafe	
WindowProtocolService	IsAvailable	Function	() -> bool	RobloxScriptSecurity	RobloxScriptSecurity	Unsafe	
WindowProtocolService	Maximize	Function	(windowId: int) -> ()	RobloxScriptSecurity	RobloxScriptSecurity	Unsafe	
WindowProtocolService	Minimize	Function	(windowId: int) -> ()	RobloxScriptSecurity	RobloxScriptSecurity	Unsafe	
WindowProtocolService	OnDragAreaDoubleClicked	Function	(windowId: int) -> ()	RobloxScriptSecurity	RobloxScriptSecurity	Unsafe	
WindowProtocolService	OnDragAreaRightClicked	Function	(windowId: int) -> ()	RobloxScriptSecurity	RobloxScriptSecurity	Unsafe	
WindowProtocolService	OnWindowStateChanged	Event	(windowId: int, newState: WindowState)	RobloxScriptSecurity	RobloxScriptSecurity	Unsafe	
WindowProtocolService	Restore	Function	(windowId: int) -> ()	RobloxScriptSecurity	RobloxScriptSecurity	Unsafe	
WindowProtocolService	SetCustomTitleBarHeight	Function	(windowId: int, height: int) -> ()	RobloxScriptSecurity	RobloxScriptSecurity	Unsafe	
WindowProtocolService	SetTitleBarMode	Function	(windowId: int, mode: TitleBarMode) -> ()	RobloxScriptSecurity	RobloxScriptSecurity	Unsafe	
WindowProtocolService	ShouldRenderTitleBarControlsNatively	Function	() -> bool	RobloxScriptSecurity	RobloxScriptSecurity	Unsafe	
Wire	Connected	Property	bool	None	None	ReadSafe	readonly,notreplicated,cap=Basic
Wire	RenameToDefault	Function	() -> ()	RobloxScriptSecurity	RobloxScriptSecurity	Unsafe	cap=Basic
Wire	SourceInstance	Property	Instance	None	None	ReadSafe	cap=Basic
Wire	SourceName	Property	string	None	None	ReadSafe	cap=Basic
Wire	TargetInstance	Property	Instance	None	None	ReadSafe	cap=Basic
Wire	TargetName	Property	string	None	None	ReadSafe	cap=Basic
WireframeHandleAdornment	AddLine	Function	(from: Vector3, to: Vector3) -> ()	None	None	Unsafe	cap=Basic|UI
WireframeHandleAdornment	AddLines	Function	(points: Array) -> ()	None	None	Unsafe	cap=Basic|UI
WireframeHandleAdornment	AddPath	Function	(points: Array, loop: bool) -> ()	None	None	Unsafe	cap=Basic|UI
WireframeHandleAdornment	AddText	Function	(point: Vector3, text: string, size: int = 12) -> ()	None	None	Unsafe	cap=Basic|UI
WireframeHandleAdornment	Clear	Function	() -> ()	None	None	Unsafe	cap=Basic|UI
WireframeHandleAdornment	Scale	Property	Vector3	None	None	ReadSafe	cap=Basic|UI
WireframeHandleAdornment	Thickness	Property	float	None	None	ReadSafe	cap=Basic|UI
Workspace	AirDensity	Property	float	None	None	ReadSafe	sim,cap=Environment|Physics
Workspace	AirTurbulenceIntensity	Property	float	None	None	ReadSafe	sim,cap=Environment|Physics
Workspace	AllowThirdPartySales	Property	bool	None	None	ReadSafe	notreplicated,cap=Monetization
Workspace	ApplyRecommendedStreamingSettings	Function	() -> bool	PluginSecurity	PluginSecurity	Unsafe	
Workspace	AuthorityMode	Property	AuthorityMode	RobloxScriptSecurity	RobloxScriptSecurity	ReadSafe	
Workspace	AvatarUnificationMode	Property	AvatarUnificationMode	None	None	ReadSafe	notscriptable
Workspace	BreakJoints	Function	(objects: Instances) -> ()	PluginSecurity	PluginSecurity	Unsafe	deprecated
Workspace	CalculateJumpDistance	Function	(gravity: float, jumpPower: float, walkSpeed: float) -> float	RobloxScriptSecurity	RobloxScriptSecurity	Unsafe	
Workspace	CalculateJumpHeight	Function	(gravity: float, jumpPower: float) -> float	RobloxScriptSecurity	RobloxScriptSecurity	Unsafe	
Workspace	CalculateJumpPower	Function	(gravity: float, jumpHeight: float) -> float	RobloxScriptSecurity	RobloxScriptSecurity	Unsafe	
Workspace	ClientAnimatorThrottling	Property	ClientAnimatorThrottlingMode	None	None	ReadSafe	cap=Animation
Workspace	CollisionGroups	Property	string	None	None	ReadSafe	hidden,writeonly,notreplicated,notscriptable
Workspace	CurrentCamera	Property	Camera	None	None	ReadSafe	notreplicated,cap=Basic|Input
Workspace	DataModelPlaceVersion	Property	int	None	None	ReadSafe	hidden,notscriptable
Workspace	DistributedGameTime	Property	double	None	None	ReadSafe	notreplicated,cap=Basic
Workspace	EnableSLIMAvatars	Property	RolloutState	None	None	ReadSafe	notscriptable,cap=Players
Workspace	ExpandedTerrain	Property	RolloutState	None	None	ReadSafe	notscriptable
Workspace	ExperimentalSolverIsEnabled	Function	() -> bool	LocalUserSecurity	LocalUserSecurity	Unsafe	
Workspace	ExplicitAutoJoints	Property	bool	None	None	ReadSafe	hidden,notscriptable
Workspace	FallHeightEnabled	Property	bool	None	PluginSecurity	ReadSafe	cap=Basic
Workspace	FallenPartsDestroyHeight	Property	float	None	PluginSecurity	ReadSafe	cap=Basic
Workspace	FilteringEnabled	Property	bool	None	PluginSecurity	ReadSafe	hidden,notreplicated,deprecated,cap=Basic
Workspace	FluidForces	Property	FluidForces	None	None	ReadSafe	notscriptable
Workspace	GetNumAwakeParts	Function	() -> int	None	None	Safe	cap=Basic
Workspace	GetPhysicsThrottling	Function	() -> int	None	None	Safe	cap=Basic
Workspace	GetRealPhysicsFPS	Function	() -> double	None	None	Safe	cap=Basic
Workspace	GetServerTimeNow	Function	() -> double	None	None	Safe	cap=Basic
Workspace	GlobalWind	Property	Vector3	None	None	ReadSafe	sim,cap=Basic|Physics
Workspace	Gravity	Property	float	None	None	ReadSafe	sim,cap=Basic|Physics
Workspace	IKControlConstraintSupport	Property	IKControlConstraintSupport	None	None	ReadSafe	notscriptable
Workspace	ImprovedAnimationConstraint	Property	RolloutState	None	None	ReadSafe	notscriptable
Workspace	ImprovedPhysicsReplication	Property	RolloutState	None	None	ReadSafe	notscriptable
Workspace	InsertPoint	Property	Vector3	None	None	ReadSafe	notreplicated
Workspace	InterpolationThrottling	Property	InterpolationThrottlingMode	None	PluginSecurity	ReadSafe	hidden,notreplicated,deprecated,cap=Physics
Workspace	JoinToOutsiders	Function	(objects: Instances, jointType: JointCreationMode) -> ()	None	None	Unsafe	cap=Physics
Workspace	LayeredClothingCacheOptimizations	Property	RolloutState	None	None	ReadSafe	notscriptable,cap=AvatarAppearance
Workspace	LuauTypeCheckMode	Property	LuauTypeCheckMode	PluginSecurity	PluginSecurity	ReadSafe	
Workspace	MakeJoints	Function	(objects: Instances) -> ()	PluginSecurity	PluginSecurity	Unsafe	deprecated
Workspace	MapTVRemoteToGamepadKeycodes	Property	RolloutState	None	None	ReadSafe	notscriptable
Workspace	MeshPartHeadsAndAccessories	Property	MeshPartHeadsAndAccessories	None	None	ReadSafe	notscriptable
Workspace	MeshStreamingAndImprovedLods	Property	RolloutState	None	None	ReadSafe	notscriptable
Workspace	ModelStreamingBehavior	Property	ModelStreamingBehavior	None	None	ReadSafe	notscriptable
Workspace	NextGenerationReplication	Property	RolloutState	None	None	ReadSafe	notscriptable
Workspace	NextGenerationReplicationAlias	Property	RolloutState	RobloxSecurity	RobloxSecurity	ReadSafe	notreplicated,notscriptable
Workspace	PGSIsEnabled	Function	() -> bool	None	None	Unsafe	cap=Basic
Workspace	PathfindingUseImprovedSearch	Property	PathfindingUseImprovedSearch	None	None	ReadSafe	notscriptable
Workspace	PersistentLoaded	Event	(player: Player)	None	None	Unsafe	
Workspace	PhysicsSteppingMethod	Property	PhysicsSteppingMethod	None	None	ReadSafe	notscriptable
Workspace	PlayerCharacterDestroyBehavior	Property	PlayerCharacterDestroyBehavior	None	None	ReadSafe	notscriptable
Workspace	PlayerScriptsUseInputActionSystem	Property	RolloutState	None	None	ReadSafe	notscriptable
Workspace	PlayerScriptsUseInputActionSystemAlias	Property	RolloutState	RobloxSecurity	RobloxSecurity	ReadSafe	notreplicated,notscriptable
Workspace	PredictiveStreamingMode	Property	PredictiveStreamingMode	None	None	ReadSafe	notscriptable
Workspace	PrimalPhysicsSolver	Property	PrimalPhysicsSolver	None	None	ReadSafe	notscriptable
Workspace	RejectCharacterDeletions	Property	RejectCharacterDeletions	None	None	ReadSafe	notscriptable
Workspace	RenderingCacheOptimizations	Property	RenderingCacheOptimizationMode	None	None	ReadSafe	notscriptable,cap=Physics
Workspace	ReplicateInstanceDestroySetting	Property	ReplicateInstanceDestroySetting	None	None	ReadSafe	notscriptable
Workspace	Retargeting	Property	AnimatorRetargetingMode	None	None	ReadSafe	cap=Animation
Workspace	SandboxedInstanceMode	Property	SandboxedInstanceMode	None	None	ReadSafe	notscriptable
Workspace	SendServerTime	Event	(serverTimeMs: int64)	RobloxSecurity	RobloxSecurity	Unsafe	hidden
Workspace	SetAvatarUnificationMode	Function	(value: AvatarUnificationMode) -> ()	RobloxScriptSecurity	RobloxScriptSecurity	Unsafe	
Workspace	SetMeshPartHeadsAndAccessories	Function	(value: MeshPartHeadsAndAccessories) -> ()	RobloxScriptSecurity	RobloxScriptSecurity	Unsafe	
Workspace	SetPhysicsThrottleEnabled	Function	(value: bool) -> ()	LocalUserSecurity	LocalUserSecurity	Unsafe	
Workspace	SignalBehavior	Property	SignalBehavior	None	None	ReadSafe	notscriptable
Workspace	SignalBehavior2	Property	SignalBehavior	None	None	ReadSafe	hidden,notreplicated,notscriptable
Workspace	SignalBehaviorAlias	Property	SignalBehavior	RobloxSecurity	RobloxSecurity	ReadSafe	notreplicated,notscriptable
Workspace	StreamOutBehavior	Property	StreamOutBehavior	None	None	ReadSafe	notscriptable
Workspace	StreamingAdaptiveRadius	Property	bool	None	None	ReadSafe	read:plugin-only,write:plugin-only,undocumented
Workspace	StreamingEnabled	Property	bool	None	PluginSecurity	ReadSafe	
Workspace	StreamingEnabledAlias	Property	bool	RobloxSecurity	RobloxSecurity	ReadSafe	notreplicated,notscriptable
Workspace	StreamingEnabledStorage	Property	bool	RobloxSecurity	RobloxSecurity	ReadSafe	hidden,notreplicated,notscriptable
Workspace	StreamingIntegrityMode	Property	StreamingIntegrityMode	None	None	ReadSafe	notscriptable
Workspace	StreamingMinRadius	Property	int	None	None	ReadSafe	notscriptable
Workspace	StreamingPauseMode	Property	StreamingPauseMode	None	None	ReadSafe	hidden,notreplicated,notscriptable
Workspace	StreamingTargetRadius	Property	int	None	None	ReadSafe	notscriptable
Workspace	Terrain	Property	Terrain	None	None	ReadSafe	readonly,notreplicated
Workspace	TerrainWeldsFixed	Property	bool	None	None	ReadSafe	hidden,notscriptable
Workspace	ThrottleLevel	Property	int	RobloxSecurity	RobloxSecurity	ReadSafe	hidden,notscriptable
Workspace	TouchEventsUseCollisionGroups	Property	RolloutState	None	None	ReadSafe	notscriptable
Workspace	TouchesUseCollisionGroups	Property	bool	None	None	ReadSafe	notscriptable
Workspace	UnjoinFromOutsiders	Function	(objects: Instances) -> ()	None	None	Unsafe	cap=Physics
Workspace	UseFixedSimulation	Property	RolloutState	None	None	ReadSafe	notscriptable
Workspace	UseFixedSimulationAlias	Property	RolloutState	RobloxSecurity	RobloxSecurity	ReadSafe	notreplicated,notscriptable
Workspace	UseInputSink	Property	RolloutState	None	None	ReadSafe	notscriptable
Workspace	UseNewLuauTypeSolver	Property	RolloutState	None	None	ReadSafe	notscriptable
Workspace	ValidateEnabledProximityPrompt	Property	RolloutState	None	None	ReadSafe	notscriptable,cap=Basic
Workspace	WatermarkHash	Property	string	RobloxSecurity	RobloxSecurity	ReadSafe	hidden,notscriptable
Workspace	ZoomToExtents	Function	() -> ()	PluginSecurity	PluginSecurity	Unsafe	
WorkspaceAnnotation	Adornee	Property	PVInstance	RobloxScriptSecurity	RobloxScriptSecurity	ReadSafe	hidden
WorkspaceAnnotation	AdorneeOffset	Property	Vector3	RobloxScriptSecurity	RobloxScriptSecurity	ReadSafe	hidden
WorkspaceAnnotation	GetAbsolutePosition	Function	() -> Vector3	RobloxScriptSecurity	RobloxScriptSecurity	Unsafe	
WorkspaceAnnotation	SetAdorneeOffsetFromAbsolutePosition	Function	(position: Vector3) -> ()	RobloxScriptSecurity	RobloxScriptSecurity	Unsafe	
WorldModel	UseWorkspaceCollisionGroups	Property	bool	None	None	ReadSafe	cap=Basic
WorldRoot	ArePartsTouchingOthers	Function	(partList: Instances, overlapIgnored: float = 0.000199999995) -> bool	None	None	Unsafe	sim
WorldRoot	AutoSimulate	Property	bool	RobloxSecurity	RobloxSecurity	ReadSafe	hidden
WorldRoot	Blockcast	Function	(cframe: CFrame, size: Vector3, direction: Vector3, params: RaycastParams = …) -> RaycastResult?	None	None	Safe	sim
WorldRoot	BulkMoveTo	Function	(partList: Instances, cframeList: Array, eventMode: BulkMoveMode = FireAllEvents) -> ()	None	None	Unsafe	sim
WorldRoot	CacheCurrentTerrain	Function	(id: string, center: Vector3, radius: float) -> string	RobloxScriptSecurity	RobloxScriptSecurity	Unsafe	
WorldRoot	ClearCachedTerrain	Function	(id: string) -> bool	RobloxScriptSecurity	RobloxScriptSecurity	Unsafe	
WorldRoot	CollisionGroupCollidableChanged	Event	(collisionGroupIndex1: int, collisionGroupIndex2: int)	RobloxSecurity	RobloxSecurity	Unsafe	hidden
WorldRoot	CollisionGroupData	Property	BinaryString	RobloxSecurity	RobloxSecurity	ReadSafe	hidden,notscriptable
WorldRoot	CollisionGroupSetCollidable	Function	(name1: string, name2: string, collidable: bool) -> ()	None	None	Unsafe	sim,cap=Physics
WorldRoot	CollisionGroupsAreCollidable	Function	(name1: string, name2: string) -> bool	None	None	Unsafe	sim,cap=Physics
WorldRoot	FindPartOnRay	Function	(ray: Ray, ignoreDescendantsInstance: Instance = nil, terrainCellsAreCubes: bool = false, ignoreWater: bool = false) -> Tuple	None	None	Unsafe	deprecated,prefer=Raycast
WorldRoot	FindPartOnRayWithIgnoreList	Function	(ray: Ray, ignoreDescendantsTable: Instances, terrainCellsAreCubes: bool = false, ignoreWater: bool = false) -> Tuple	None	None	Unsafe	deprecated,prefer=Raycast
WorldRoot	FindPartOnRayWithWhitelist	Function	(ray: Ray, whitelistDescendantsTable: Instances, ignoreWater: bool = false) -> Tuple	None	None	Unsafe	deprecated,prefer=Raycast
WorldRoot	FindPartsInRegion3	Function	(region: Region3, ignoreDescendantsInstance: Instance = nil, maxParts: int = 20) -> Instances	None	None	Unsafe	deprecated,prefer=GetPartBoundsInBox
WorldRoot	FindPartsInRegion3WithIgnoreList	Function	(region: Region3, ignoreDescendantsTable: Instances, maxParts: int = 20) -> Instances	None	None	Unsafe	deprecated,prefer=GetPartBoundsInBox
WorldRoot	FindPartsInRegion3WithWhiteList	Function	(region: Region3, whitelistDescendantsTable: Instances, maxParts: int = 20) -> Instances	None	None	Unsafe	deprecated,prefer=GetPartBoundsInBox
WorldRoot	GetAwakeContactNormals	Function	() -> Array	RobloxScriptSecurity	RobloxScriptSecurity	Safe	customluastate
WorldRoot	GetAwakeContactParts	Function	() -> Array	RobloxScriptSecurity	RobloxScriptSecurity	Safe	customluastate
WorldRoot	GetAwakeContactPositions	Function	() -> Array	RobloxScriptSecurity	RobloxScriptSecurity	Safe	customluastate
WorldRoot	GetAwakeRootParts	Function	() -> Instances	RobloxScriptSecurity	RobloxScriptSecurity	Safe	customluastate
WorldRoot	GetMaxCollisionGroups	Function	() -> int	None	None	Unsafe	sim,cap=Physics
WorldRoot	GetPartBoundsInBox	Function	(cframe: CFrame, size: Vector3, overlapParams: OverlapParams = …) -> Instances	None	None	Safe	customluastate,sim
WorldRoot	GetPartBoundsInRadius	Function	(position: Vector3, radius: float, overlapParams: OverlapParams = …) -> Instances	None	None	Safe	customluastate,sim
WorldRoot	GetPartsInPart	Function	(part: BasePart, overlapParams: OverlapParams = …) -> Instances	None	None	Safe	customluastate,sim
WorldRoot	GetRegisteredCollisionGroups	Function	() -> Array	None	None	Unsafe	sim,cap=Physics
WorldRoot	GravityDirection	Property	Vector3	RobloxSecurity	RobloxSecurity	ReadSafe	hidden,sim
WorldRoot	IKMoveTo	Function	(part: BasePart, target: CFrame, translateStiffness: float = 0.5, rotateStiffness: float = 0.5, collisionsMode: IKCollisionsMode = OtherMechanismsAnchored) -> ()	PluginSecurity	PluginSecurity	Unsafe	sim
WorldRoot	IsCollisionGroupRegistered	Function	(name: string) -> bool	None	None	Unsafe	sim,cap=Physics
WorldRoot	IsRegion3Empty	Function	(region: Region3, ignoreDescendentsInstance: Instance = nil) -> bool	None	None	Unsafe	deprecated,prefer=GetPartBoundsInBox
WorldRoot	IsRegion3EmptyWithIgnoreList	Function	(region: Region3, ignoreDescendentsTable: Instances) -> bool	None	None	Unsafe	deprecated,prefer=GetPartBoundsInBox
WorldRoot	PhysicsStepTime	Property	float	RobloxScriptSecurity	RobloxScriptSecurity	ReadSafe	hidden,readonly,notreplicated
WorldRoot	Raycast	Function	(origin: Vector3, direction: Vector3, raycastParams: RaycastParams = …) -> RaycastResult?	None	None	Safe	sim
WorldRoot	RaycastCachedTerrain	Function	(id: string, origin: Vector3, direction: Vector3, ignoreWater: bool) -> RaycastResult?	RobloxScriptSecurity	RobloxScriptSecurity	Unsafe	
WorldRoot	RegisterCollisionGroup	Function	(name: string) -> ()	None	None	Unsafe	sim,cap=Physics
WorldRoot	RenameCollisionGroup	Function	(from: string, to: string) -> ()	None	None	Unsafe	sim,cap=Physics
WorldRoot	SetInsertPoint	Function	(point: Vector3) -> ()	RobloxScriptSecurity	RobloxScriptSecurity	Unsafe	
WorldRoot	Shapecast	Function	(part: BasePart, direction: Vector3, params: RaycastParams = …) -> RaycastResult?	None	None	Unsafe	sim
WorldRoot	Simulate	Function	(dt: float) -> ()	RobloxSecurity	RobloxSecurity	Unsafe	
WorldRoot	SimulationRate	Property	float	RobloxSecurity	RobloxSecurity	ReadSafe	hidden
WorldRoot	Spherecast	Function	(position: Vector3, radius: float, direction: Vector3, params: RaycastParams = …) -> RaycastResult?	None	None	Safe	sim
WorldRoot	StepPhysics	Function	(dt: float, parts: Instances = {}) -> ()	PluginSecurity	PluginSecurity	Unsafe	
WorldRoot	UnregisterCollisionGroup	Function	(name: string) -> ()	None	None	Unsafe	sim,cap=Physics
WorldRoot	Wind	Property	float	RobloxSecurity	RobloxSecurity	ReadSafe	hidden,sim
WorldRoot	WindDirection	Property	Vector3	RobloxSecurity	RobloxSecurity	ReadSafe	hidden,sim
WorldRoot	findPartOnRay	Function	(ray: Ray, ignoreDescendantsInstance: Instance = nil, terrainCellsAreCubes: bool = false, ignoreWater: bool = false) -> Tuple	None	None	Unsafe	deprecated,prefer=Raycast
WorldRoot	findPartsInRegion3	Function	(region: Region3, ignoreDescendantsInstance: Instance = nil, maxParts: int = 20) -> Instances	None	None	Unsafe	deprecated,prefer=GetPartBoundsInBox
WrapDeformer	CreateEditableMeshAsync	Function	() -> EditableMesh	None	None	Unsafe	yields,cap=AvatarAppearance
WrapDeformer	GetDeformedCFrameAsync	Function	(originalCFrame: CFrame) -> CFrame	None	None	Unsafe	yields,cap=AvatarAppearance
WrapDeformer	SetCageMeshContent	Function	(content: Content, cageOrigin: CoordinateFrame?) -> ()	None	None	Unsafe	cap=AvatarAppearance
WrapLayer	AutoSkin	Property	WrapLayerAutoSkin	None	None	ReadSafe	cap=AvatarAppearance
WrapLayer	BindOffset	Property	CFrame	None	PluginSecurity	ReadSafe	cap=AvatarAppearance
WrapLayer	Color	Property	Color3	None	None	ReadSafe	notreplicated,notscriptable,cap=AvatarAppearance
WrapLayer	DebugMode	Property	WrapLayerDebugMode	None	None	ReadSafe	notreplicated,notscriptable,cap=AvatarAppearance
WrapLayer	Enabled	Property	bool	None	None	ReadSafe	cap=AvatarAppearance
WrapLayer	MaxSize	Property	Vector3	RobloxScriptSecurity	RobloxScriptSecurity	ReadSafe	hidden,cap=AvatarAppearance
WrapLayer	Offset	Property	Vector3	RobloxScriptSecurity	RobloxScriptSecurity	ReadSafe	hidden,cap=AvatarAppearance
WrapLayer	Order	Property	int	None	None	ReadSafe	cap=AvatarAppearance
WrapLayer	Puffiness	Property	float	None	None	ReadSafe	deprecated,cap=AvatarAppearance
WrapLayer	ReferenceMeshContent	Property	Content	None	PluginSecurity	ReadSafe	cap=AvatarAppearance
WrapLayer	ReferenceMeshId	Property	ContentId	None	PluginSecurity	ReadSafe	cap=AvatarAppearance
WrapLayer	ReferenceOrigin	Property	CFrame	None	PluginSecurity	ReadSafe	cap=AvatarAppearance
WrapLayer	ReferenceOriginWorld	Property	CFrame	None	None	ReadSafe	readonly,notreplicated,cap=AvatarAppearance
WrapLayer	ShrinkFactor	Property	float	None	PluginSecurity	ReadSafe	deprecated,cap=AvatarAppearance
WrapLayer	TemporaryReferenceId	Property	ContentId	RobloxSecurity	RobloxSecurity	ReadSafe	hidden,notscriptable,cap=AvatarAppearance
WrapLayer	TemporaryReferenceMeshContent	Property	Content	RobloxSecurity	RobloxSecurity	ReadSafe	hidden,notscriptable,cap=AvatarAppearance
WrapTarget	Color	Property	Color3	None	None	ReadSafe	notreplicated,notscriptable,cap=AvatarAppearance
WrapTarget	CreateTextureInCageSpaceAsync	Function	(texture: EditableImage, options: Dictionary?) -> EditableImage	None	None	Unsafe	yields,cap=AvatarAppearance|DynamicGeneration
WrapTarget	CreateTextureInTargetSpaceAsync	Function	(texture: EditableImage, wrapTextureTransfer: WrapTextureTransfer) -> EditableImage	None	None	Unsafe	yields,cap=AvatarAppearance|DynamicGeneration
WrapTarget	DebugMode	Property	WrapTargetDebugMode	None	None	ReadSafe	notreplicated,notscriptable,cap=AvatarAppearance
WrapTarget	Stiffness	Property	float	None	PluginSecurity	ReadSafe	deprecated,cap=AvatarAppearance
WrapTextureTransfer	PrepareProjectionMeshDataAsync	Function	() -> ()	None	None	Unsafe	yields,cap=AvatarAppearance|DynamicGeneration,undocumented
WrapTextureTransfer	ReferenceCageMeshContent	Property	Content	None	None	ReadSafe	cap=AvatarAppearance
WrapTextureTransfer	UVMaxBound	Property	Vector2	None	None	ReadSafe	cap=AvatarAppearance
WrapTextureTransfer	UVMinBound	Property	Vector2	None	None	ReadSafe	cap=AvatarAppearance
